Protocollo;Gruppo;DataOraIncidente;Localizzazione1;STRADA1;Localizzazione2;STRADA2;Strada02;Chilometrica;DaSpecificare;NaturaIncidente;particolaritastrade;TipoStrada;FondoStradale;Pavimentazione;Segnaletica;CondizioneAtmosferica;Traffico;Visibilita;Illuminazione;NUM_FERITI;NUM_RISERVATA;NUM_MORTI;NUM_ILLESI;Longitudine;Latitudine;Confermato;Progressivo;TipoVeicolo;StatoVeicolo;TipoPersona;Sesso;Tipolesione;Deceduto;DecedutoDopo;CinturaCascoUtilizzato;Airbag;
4529145;20;01/09/2019 15:45:00;Strada Urbana;LARGO PASQUALE SARACENO;all'intersezione semaforizzata con;VIA CASSIA NUOVA;VIA CASSIA NUOVA;;;Scontro frontale/laterale SX fra veicoli in marcia;Intersezione semaforizzata;Una carreggiata a doppio senso;Bagnato (pioggia);Asfaltata;Verticale ed orizzontale;Nuvoloso;Normale;Buona;Ore Diurne;0;0;0;4;12.4681;41.9507;-1;1;Autovettura privata;In marcia / fermata / arresto;Conducente;M;Illeso;0;;Non accertato;Inesploso
4529145;20;01/09/2019 15:45:00;Strada Urbana;LARGO PASQUALE SARACENO;all'intersezione semaforizzata con;VIA CASSIA NUOVA;VIA CASSIA NUOVA;;;Scontro frontale/laterale SX fra veicoli in marcia;Intersezione semaforizzata;Una carreggiata a doppio senso;Bagnato (pioggia);Asfaltata;Verticale ed orizzontale;Nuvoloso;Normale;Buona;Ore Diurne;0;0;0;4;12.4681;41.9507;-1;2;Autovettura privata;In marcia / fermata / arresto;Conducente;M;Illeso;0;;Non accertato;Inesploso
4529145;20;01/09/2019 15:45:00;Strada Urbana;LARGO PASQUALE SARACENO;all'intersezione semaforizzata con;VIA CASSIA NUOVA;VIA CASSIA NUOVA;;;Scontro frontale/laterale SX fra veicoli in marcia;Intersezione semaforizzata;Una carreggiata a doppio senso;Bagnato (pioggia);Asfaltata;Verticale ed orizzontale;Nuvoloso;Normale;Buona;Ore Diurne;0;0;0;4;12.4681;41.9507;-1;2;Autovettura privata;In marcia / fermata / arresto;Passeggero;F;Illeso;0;;Non accertato;Inesploso
4529145;20;01/09/2019 15:45:00;Strada Urbana;LARGO PASQUALE SARACENO;all'intersezione semaforizzata con;VIA CASSIA NUOVA;VIA CASSIA NUOVA;;;Scontro frontale/laterale SX fra veicoli in marcia;Intersezione semaforizzata;Una carreggiata a doppio senso;Bagnato (pioggia);Asfaltata;Verticale ed orizzontale;Nuvoloso;Normale;Buona;Ore Diurne;0;0;0;4;12.4681;41.9507;-1;2;Autovettura privata;In marcia / fermata / arresto;Passeggero;M;Illeso;0;;Non accertato;Inesploso
4529274;20;01/09/2019 03:00:00;Strada Urbana;VIA MAGNANO IN RIVIERA;da specificare;;;;altez. parco giochi Largo Pavoletto;Veicolo in marcia contro ostacolo fisso;Rettilineo;Due carreggiate;Asciutto;Asfaltata;Orizzontale;Sereno;Scarso;Buona;Sufficiente;0;0;0;2;12.4819;41.9949;-1;1;Autovettura privata;In marcia / fermata / arresto;Conducente;M;Illeso;0;;Non accertato;
4529274;20;01/09/2019 03:00:00;Strada Urbana;VIA MAGNANO IN RIVIERA;da specificare;;;;altez. parco giochi Largo Pavoletto;Veicolo in marcia contro ostacolo fisso;Rettilineo;Due carreggiate;Asciutto;Asfaltata;Orizzontale;Sereno;Scarso;Buona;Sufficiente;0;0;0;2;12.4819;41.9949;-1;1;Autovettura privata;In marcia / fermata / arresto;Passeggero;M;Illeso;0;;Non accertato;
4529508;10;01/09/2019 02:30:00;Strada Urbana;VIA TUSCOLANA;in corrispondenza;;del palo luce n.;968;;Veicolo in marcia contro ostacolo fisso;Rettilineo;Due carreggiate;Asciutto;Asfaltata;Verticale ed orizzontale;Sereno;Scarso;Sufficiente;Sufficiente;1;0;0;0;12.5707;41.852;-1;1;Motociclo a solo;In marcia / fermata / arresto;Conducente;M;Rimandato;0;NON DECEDUTO;Non accertato;
4529517;11;01/09/2019 03:10:00;Strada Urbana;VIALE GUGLIELMO MARCONI;da specificare;;;;altezza palo Acea n. 97;Scontro frontale/laterale SX fra veicoli in marcia;Rettilineo;Due carreggiate;Asciutto;Asfaltata;Orizzontale;Sereno;Scarso;Buona;Sufficiente;1;0;0;1;12.4757;41.8472;-1;1;Autovettura privata;In marcia / fermata / arresto;Conducente;M;Illeso;0;;;
4529517;11;01/09/2019 03:10:00;Strada Urbana;VIALE GUGLIELMO MARCONI;da specificare;;;;altezza palo Acea n. 97;Scontro frontale/laterale SX fra veicoli in marcia;Rettilineo;Due carreggiate;Asciutto;Asfaltata;Orizzontale;Sereno;Scarso;Buona;Sufficiente;1;0;0;1;12.4757;41.8472;-1;2;Motociclo a solo;In marcia / fermata / arresto;Conducente;M;Rimandato;0;NON DECEDUTO;;
4529532;15;01/09/2019 20:30:00;Strada Urbana;VIA GAETANO RAPPINI;in prossimit�;;del civico n.;1;;Investimento di pedone;Rettilineo;Una carreggiata a senso unico di marcia;Asciutto;Asfaltata;Assente;Sereno;Scarso;Sufficiente;Sufficiente;1;0;0;3;12.4534;41.8625;-1;;;;Pedone;F;Rimandato;0;NON DECEDUTO;;
4529532;15;01/09/2019 20:30:00;Strada Urbana;VIA GAETANO RAPPINI;in prossimit�;;del civico n.;1;;Investimento di pedone;Rettilineo;Una carreggiata a senso unico di marcia;Asciutto;Asfaltata;Assente;Sereno;Scarso;Sufficiente;Sufficiente;1;0;0;3;12.4534;41.8625;-1;1;Autovettura privata;In marcia / fermata / arresto;Conducente;M;Illeso;0;;;
4529532;15;01/09/2019 20:30:00;Strada Urbana;VIA GAETANO RAPPINI;in prossimit�;;del civico n.;1;;Investimento di pedone;Rettilineo;Una carreggiata a senso unico di marcia;Asciutto;Asfaltata;Assente;Sereno;Scarso;Sufficiente;Sufficiente;1;0;0;3;12.4534;41.8625;-1;1;Autovettura privata;In marcia / fermata / arresto;Passeggero;M;Illeso;0;;;
4529532;15;01/09/2019 20:30:00;Strada Urbana;VIA GAETANO RAPPINI;in prossimit�;;del civico n.;1;;Investimento di pedone;Rettilineo;Una carreggiata a senso unico di marcia;Asciutto;Asfaltata;Assente;Sereno;Scarso;Sufficiente;Sufficiente;1;0;0;3;12.4534;41.8625;-1;1;Autovettura privata;In marcia / fermata / arresto;Passeggero;M;Illeso;0;;;
4529533;10;01/09/2019 18:10:00;Strada Urbana;VIA BERNARDINO ALIMENA;da specificare;;;;rotatoria via Antolisei;Scontro laterale fra veicoli in marcia;Rotatoria;Due carreggiate;Asciutto;Asfaltata;Verticale ed orizzontale;Nuvoloso;Normale;Buona;Ore Diurne;0;0;0;5;12.6057;41.847;-1;1;Autovettura privata;In marcia / fermata / arresto;Conducente;F;Illeso;0;;Non accertato;Inesploso
4529533;10;01/09/2019 18:10:00;Strada Urbana;VIA BERNARDINO ALIMENA;da specificare;;;;rotatoria via Antolisei;Scontro laterale fra veicoli in marcia;Rotatoria;Due carreggiate;Asciutto;Asfaltata;Verticale ed orizzontale;Nuvoloso;Normale;Buona;Ore Diurne;0;0;0;5;12.6057;41.847;-1;1;Autovettura privata;In marcia / fermata / arresto;Passeggero;M;Illeso;0;;Utilizzato;Inesploso
4529533;10;01/09/2019 18:10:00;Strada Urbana;VIA BERNARDINO ALIMENA;da specificare;;;;rotatoria via Antolisei;Scontro laterale fra veicoli in marcia;Rotatoria;Due carreggiate;Asciutto;Asfaltata;Verticale ed orizzontale;Nuvoloso;Normale;Buona;Ore Diurne;0;0;0;5;12.6057;41.847;-1;2;Autovettura privata;In marcia / fermata / arresto;Conducente;M;Illeso;0;;Utilizzato;Inesploso
4529533;10;01/09/2019 18:10:00;Strada Urbana;VIA BERNARDINO ALIMENA;da specificare;;;;rotatoria via Antolisei;Scontro laterale fra veicoli in marcia;Rotatoria;Due carreggiate;Asciutto;Asfaltata;Verticale ed orizzontale;Nuvoloso;Normale;Buona;Ore Diurne;0;0;0;5;12.6057;41.847;-1;2;Autovettura privata;In marcia / fermata / arresto;Passeggero;F;Illeso;0;;Utilizzato;Inesploso
4529533;10;01/09/2019 18:10:00;Strada Urbana;VIA BERNARDINO ALIMENA;da specificare;;;;rotatoria via Antolisei;Scontro laterale fra veicoli in marcia;Rotatoria;Due carreggiate;Asciutto;Asfaltata;Verticale ed orizzontale;Nuvoloso;Normale;Buona;Ore Diurne;0;0;0;5;12.6057;41.847;-1;2;Autovettura privata;In marcia / fermata / arresto;Passeggero;M;Illeso;0;;Non accertato;
4529548;15;01/09/2019 13:40:00;Strada Urbana;VIA PORTUENSE;in corrispondenza;;del civico n.;831;;Veicolo in marcia contro ostacolo fisso;Curva a visuale libera;Una carreggiata a doppio senso;Asciutto;Asfaltata;Orizzontale;Nuvoloso;Scarso;Buona;Ore Diurne;0;1;0;0;12.4125;41.845;-1;1;Motociclo con passeggero;In marcia / fermata / arresto;Conducente;M;Prognosi riservata;0;NON DECEDUTO;Non accertato;
4529568;15;01/09/2019 11:15:00;Strada Urbana;VIA PORTUENSE;da specificare;;;;fronte civico 399;Scontro frontale/laterale SX fra veicoli in marcia;Rettilineo;Una carreggiata a doppio senso;Asciutto;Asfaltata;Orizzontale;Sereno;Normale;Buona;Ore Diurne;1;0;0;5;12.414;41.8469;-1;1;Autovettura privata;In marcia / fermata / arresto;Conducente;M;Illeso;0;;;Inesploso
4529568;15;01/09/2019 11:15:00;Strada Urbana;VIA PORTUENSE;da specificare;;;;fronte civico 399;Scontro frontale/laterale SX fra veicoli in marcia;Rettilineo;Una carreggiata a doppio senso;Asciutto;Asfaltata;Orizzontale;Sereno;Normale;Buona;Ore Diurne;1;0;0;5;12.414;41.8469;-1;1;Autovettura privata;In marcia / fermata / arresto;Passeggero;F;Illeso;0;;;
4529568;15;01/09/2019 11:15:00;Strada Urbana;VIA PORTUENSE;da specificare;;;;fronte civico 399;Scontro frontale/laterale SX fra veicoli in marcia;Rettilineo;Una carreggiata a doppio senso;Asciutto;Asfaltata;Orizzontale;Sereno;Normale;Buona;Ore Diurne;1;0;0;5;12.414;41.8469;-1;1;Autovettura privata;In marcia / fermata / arresto;Passeggero;F;Illeso;0;;;
4529568;15;01/09/2019 11:15:00;Strada Urbana;VIA PORTUENSE;da specificare;;;;fronte civico 399;Scontro frontale/laterale SX fra veicoli in marcia;Rettilineo;Una carreggiata a doppio senso;Asciutto;Asfaltata;Orizzontale;Sereno;Normale;Buona;Ore Diurne;1;0;0;5;12.414;41.8469;-1;1;Autovettura privata;In marcia / fermata / arresto;Passeggero;M;Illeso;0;;;
4529568;15;01/09/2019 11:15:00;Strada Urbana;VIA PORTUENSE;da specificare;;;;fronte civico 399;Scontro frontale/laterale SX fra veicoli in marcia;Rettilineo;Una carreggiata a doppio senso;Asciutto;Asfaltata;Orizzontale;Sereno;Normale;Buona;Ore Diurne;1;0;0;5;12.414;41.8469;-1;1;Autovettura privata;In marcia / fermata / arresto;Passeggero;M;Illeso;0;;;
4529568;15;01/09/2019 11:15:00;Strada Urbana;VIA PORTUENSE;da specificare;;;;fronte civico 399;Scontro frontale/laterale SX fra veicoli in marcia;Rettilineo;Una carreggiata a doppio senso;Asciutto;Asfaltata;Orizzontale;Sereno;Normale;Buona;Ore Diurne;1;0;0;5;12.414;41.8469;-1;2;Motociclo a solo;In marcia / fermata / arresto;Conducente;M;Ricoverato;0;NON DECEDUTO;;
4529568;15;01/09/2019 11:15:00;Strada Urbana;VIA PORTUENSE;da specificare;;;;fronte civico 399;Scontro frontale/laterale SX fra veicoli in marcia;Rettilineo;Una carreggiata a doppio senso;Asciutto;Asfaltata;Orizzontale;Sereno;Normale;Buona;Ore Diurne;1;0;0;5;12.414;41.8469;-1;3;Autovettura privata;Sosta;;;;;;;
4529609;6;02/09/2019 01:30:00;Strada Urbana;VIA CASTORE DURANTE;in corrispondenza;;del civico n.;52;;Veicolo in marcia contro veicoli in sosta;Rettilineo;Una carreggiata a doppio senso;Asciutto;Asfaltata;Verticale;Sereno;Scarso;Sufficiente;Ore Diurne;0;0;0;0;12.5722;41.8919;-1;1;Veicolo ignoto perch� FUGA;Allontanatosi;;;;;;;
4529609;6;02/09/2019 01:30:00;Strada Urbana;VIA CASTORE DURANTE;in corrispondenza;;del civico n.;52;;Veicolo in marcia contro veicoli in sosta;Rettilineo;Una carreggiata a doppio senso;Asciutto;Asfaltata;Verticale;Sereno;Scarso;Sufficiente;Ore Diurne;0;0;0;0;12.5722;41.8919;-1;2;Autovettura privata;Sosta;;;;;;;
4529609;6;02/09/2019 01:30:00;Strada Urbana;VIA CASTORE DURANTE;in corrispondenza;;del civico n.;52;;Veicolo in marcia contro veicoli in sosta;Rettilineo;Una carreggiata a doppio senso;Asciutto;Asfaltata;Verticale;Sereno;Scarso;Sufficiente;Ore Diurne;0;0;0;0;12.5722;41.8919;-1;3;Autovettura privata;Sosta;;;;;;;
4529642;11;01/09/2019 00:45:00;Strada Urbana;VIA OSTIENSE;in prossimit�;;del civico n.;443;;Veicolo in marcia contro veicoli in sosta;Rettilineo;Una carreggiata a senso unico di marcia;Asciutto;Asfaltata;Assente;Sereno;Normale;Buona;Sufficiente;0;0;0;1;12.476;41.8512;-1;1;Autovettura privata;In marcia / fermata / arresto;Conducente;M;Illeso;0;;;
4529642;11;01/09/2019 00:45:00;Strada Urbana;VIA OSTIENSE;in prossimit�;;del civico n.;443;;Veicolo in marcia contro veicoli in sosta;Rettilineo;Una carreggiata a senso unico di marcia;Asciutto;Asfaltata;Assente;Sereno;Normale;Buona;Sufficiente;0;0;0;1;12.476;41.8512;-1;2;Autovettura privata;Sosta;;;;;;;
4529642;11;01/09/2019 00:45:00;Strada Urbana;VIA OSTIENSE;in prossimit�;;del civico n.;443;;Veicolo in marcia contro veicoli in sosta;Rettilineo;Una carreggiata a senso unico di marcia;Asciutto;Asfaltata;Assente;Sereno;Normale;Buona;Sufficiente;0;0;0;1;12.476;41.8512;-1;3;Autovettura privata;Sosta;;;;;;;
4529642;11;01/09/2019 00:45:00;Strada Urbana;VIA OSTIENSE;in prossimit�;;del civico n.;443;;Veicolo in marcia contro veicoli in sosta;Rettilineo;Una carreggiata a senso unico di marcia;Asciutto;Asfaltata;Assente;Sereno;Normale;Buona;Sufficiente;0;0;0;1;12.476;41.8512;-1;4;Autovettura privata;Sosta;;;;;;;
4529665;8;01/09/2019 17:55:00;Provinciale;VIA POLENSE;all'intersezione con;VIA ZAGAROLESE;VIA ZAGAROLESE;;;Scontro frontale/laterale SX fra veicoli in marcia;Incrocio;Una carreggiata a doppio senso;Asciutto;Asfaltata;Verticale ed orizzontale;Sereno;Normale;Buona;Ore Diurne;3;0;0;1;12.7077;41.9017;-1;1;Autovettura privata;In marcia / fermata / arresto;Conducente;M;Illeso;0;;Non accertato;Inesploso
4529665;8;01/09/2019 17:55:00;Provinciale;VIA POLENSE;all'intersezione con;VIA ZAGAROLESE;VIA ZAGAROLESE;;;Scontro frontale/laterale SX fra veicoli in marcia;Incrocio;Una carreggiata a doppio senso;Asciutto;Asfaltata;Verticale ed orizzontale;Sereno;Normale;Buona;Ore Diurne;3;0;0;1;12.7077;41.9017;-1;2;Autovettura privata;In marcia / fermata / arresto;Conducente;M;Ricoverato;0;NON DECEDUTO;Non accertato;Esploso
4529665;8;01/09/2019 17:55:00;Provinciale;VIA POLENSE;all'intersezione con;VIA ZAGAROLESE;VIA ZAGAROLESE;;;Scontro frontale/laterale SX fra veicoli in marcia;Incrocio;Una carreggiata a doppio senso;Asciutto;Asfaltata;Verticale ed orizzontale;Sereno;Normale;Buona;Ore Diurne;3;0;0;1;12.7077;41.9017;-1;2;Autovettura privata;In marcia / fermata / arresto;Passeggero;F;Ricoverato;0;NON DECEDUTO;Non accertato;Inesploso
4529665;8;01/09/2019 17:55:00;Provinciale;VIA POLENSE;all'intersezione con;VIA ZAGAROLESE;VIA ZAGAROLESE;;;Scontro frontale/laterale SX fra veicoli in marcia;Incrocio;Una carreggiata a doppio senso;Asciutto;Asfaltata;Verticale ed orizzontale;Sereno;Normale;Buona;Ore Diurne;3;0;0;1;12.7077;41.9017;-1;2;Autovettura privata;In marcia / fermata / arresto;Passeggero;F;Ricoverato;0;NON DECEDUTO;;
4529667;8;01/09/2019 22:50:00;Strada Urbana;VIA DEI CANARINI;in prossimit�;;del civico n.;21;;Veicolo in marcia contro veicolo in sosta;Rettilineo;Una carreggiata a senso unico di marcia;Asciutto;Asfaltata;Verticale;Nuvoloso;Normale;Buona;Sufficiente;0;0;0;1;;;0;1;Autovettura privata;In marcia / fermata / arresto;Conducente;M;Illeso;0;;Non accertato;Inesploso
4529667;8;01/09/2019 22:50:00;Strada Urbana;VIA DEI CANARINI;in prossimit�;;del civico n.;21;;Veicolo in marcia contro veicolo in sosta;Rettilineo;Una carreggiata a senso unico di marcia;Asciutto;Asfaltata;Verticale;Nuvoloso;Normale;Buona;Sufficiente;0;0;0;1;;;0;2;Autovettura privata;Sosta;;;;;;;
4529669;8;01/09/2019 18:25:00;Strada Urbana;VIA DI LUNGHEZZA;in corrispondenza;;del civico n.;38;;Tamponamento;Rettilineo;Una carreggiata a doppio senso;Asciutto;Asfaltata;Verticale ed orizzontale;Nuvoloso;Normale;Buona;Ore Diurne;1;0;0;4;12.6725;41.923;-1;1;Autovettura privata;In marcia / fermata / arresto;Conducente;M;Illeso;0;;Non accertato;Inesploso
4529669;8;01/09/2019 18:25:00;Strada Urbana;VIA DI LUNGHEZZA;in corrispondenza;;del civico n.;38;;Tamponamento;Rettilineo;Una carreggiata a doppio senso;Asciutto;Asfaltata;Verticale ed orizzontale;Nuvoloso;Normale;Buona;Ore Diurne;1;0;0;4;12.6725;41.923;-1;2;Autovettura privata;In marcia / fermata / arresto;Conducente;M;Illeso;0;;Non accertato;Inesploso
4529669;8;01/09/2019 18:25:00;Strada Urbana;VIA DI LUNGHEZZA;in corrispondenza;;del civico n.;38;;Tamponamento;Rettilineo;Una carreggiata a doppio senso;Asciutto;Asfaltata;Verticale ed orizzontale;Nuvoloso;Normale;Buona;Ore Diurne;1;0;0;4;12.6725;41.923;-1;2;Autovettura privata;In marcia / fermata / arresto;Passeggero;F;Rimandato;0;NON DECEDUTO;;
4529669;8;01/09/2019 18:25:00;Strada Urbana;VIA DI LUNGHEZZA;in corrispondenza;;del civico n.;38;;Tamponamento;Rettilineo;Una carreggiata a doppio senso;Asciutto;Asfaltata;Verticale ed orizzontale;Nuvoloso;Normale;Buona;Ore Diurne;1;0;0;4;12.6725;41.923;-1;2;Autovettura privata;In marcia / fermata / arresto;Passeggero;F;Illeso;0;;Non accertato;Inesploso
4529669;8;01/09/2019 18:25:00;Strada Urbana;VIA DI LUNGHEZZA;in corrispondenza;;del civico n.;38;;Tamponamento;Rettilineo;Una carreggiata a doppio senso;Asciutto;Asfaltata;Verticale ed orizzontale;Nuvoloso;Normale;Buona;Ore Diurne;1;0;0;4;12.6725;41.923;-1;2;Autovettura privata;In marcia / fermata / arresto;Passeggero;M;Illeso;0;;Non accertato;Inesploso
4529671;1;02/09/2019 00:30:00;Strada Urbana;VIA DELL'AMBA ARADAM;in corrispondenza;;del civico n.;8;;Scontro frontale/laterale SX fra veicoli in marcia;Pendenza;Una carreggiata a doppio senso;Asciutto;Asfaltata;Orizzontale;Sereno;Scarso;Sufficiente;Sufficiente;1;0;0;2;12.4997;41.8835;-1;1;Autovettura privata;In marcia / fermata / arresto;Conducente;M;Illeso;0;;Non accertato;Inesploso
4529671;1;02/09/2019 00:30:00;Strada Urbana;VIA DELL'AMBA ARADAM;in corrispondenza;;del civico n.;8;;Scontro frontale/laterale SX fra veicoli in marcia;Pendenza;Una carreggiata a doppio senso;Asciutto;Asfaltata;Orizzontale;Sereno;Scarso;Sufficiente;Sufficiente;1;0;0;2;12.4997;41.8835;-1;1;Autovettura privata;In marcia / fermata / arresto;Passeggero;F;Illeso;0;;Non accertato;Inesploso
4529671;1;02/09/2019 00:30:00;Strada Urbana;VIA DELL'AMBA ARADAM;in corrispondenza;;del civico n.;8;;Scontro frontale/laterale SX fra veicoli in marcia;Pendenza;Una carreggiata a doppio senso;Asciutto;Asfaltata;Orizzontale;Sereno;Scarso;Sufficiente;Sufficiente;1;0;0;2;12.4997;41.8835;-1;2;Motociclo a solo;In marcia / fermata / arresto;Conducente;M;Rimandato;0;NON DECEDUTO;Non accertato;
4529676;8;02/09/2019 03:00:00;Provinciale entro l'abitato;VIA PRENESTINA;in prossimit�;;del civico n.;1108;;Scontro frontale/laterale DX fra veicoli in marcia;Rettilineo;Una carreggiata a doppio senso;Asciutto;Asfaltata;Verticale ed orizzontale;Sereno;Scarso;Insufficiente;Insufficiente;0;0;0;2;12.6166;41.8929;-1;1;Autovettura privata;In marcia / fermata / arresto;Conducente;F;Illeso;0;;Non accertato;Inesploso
4529676;8;02/09/2019 03:00:00;Provinciale entro l'abitato;VIA PRENESTINA;in prossimit�;;del civico n.;1108;;Scontro frontale/laterale DX fra veicoli in marcia;Rettilineo;Una carreggiata a doppio senso;Asciutto;Asfaltata;Verticale ed orizzontale;Sereno;Scarso;Insufficiente;Insufficiente;0;0;0;2;12.6166;41.8929;-1;2;Autovettura privata;In marcia / fermata / arresto;Conducente;M;Illeso;0;;Non accertato;Inesploso
4529682;8;02/09/2019 00:30:00;Strada Urbana;VIA DELL'ARCHEOLOGIA;in prossimit�;;del civico n.;90;;Scontro laterale fra veicoli in marcia;Rettilineo;Una carreggiata a doppio senso;Asciutto;Asfaltata;Verticale ed orizzontale;Sereno;Scarso;Buona;Ore Diurne;0;0;0;3;12.6302;41.878;-1;1;Autovettura privata;In marcia / fermata / arresto;Conducente;M;Illeso;0;;;
4529682;8;02/09/2019 00:30:00;Strada Urbana;VIA DELL'ARCHEOLOGIA;in prossimit�;;del civico n.;90;;Scontro laterale fra veicoli in marcia;Rettilineo;Una carreggiata a doppio senso;Asciutto;Asfaltata;Verticale ed orizzontale;Sereno;Scarso;Buona;Ore Diurne;0;0;0;3;12.6302;41.878;-1;1;Autovettura privata;In marcia / fermata / arresto;Passeggero;F;Illeso;0;;;
4529682;8;02/09/2019 00:30:00;Strada Urbana;VIA DELL'ARCHEOLOGIA;in prossimit�;;del civico n.;90;;Scontro laterale fra veicoli in marcia;Rettilineo;Una carreggiata a doppio senso;Asciutto;Asfaltata;Verticale ed orizzontale;Sereno;Scarso;Buona;Ore Diurne;0;0;0;3;12.6302;41.878;-1;1;Autovettura privata;In marcia / fermata / arresto;Passeggero;F;Illeso;0;;;
4529682;8;02/09/2019 00:30:00;Strada Urbana;VIA DELL'ARCHEOLOGIA;in prossimit�;;del civico n.;90;;Scontro laterale fra veicoli in marcia;Rettilineo;Una carreggiata a doppio senso;Asciutto;Asfaltata;Verticale ed orizzontale;Sereno;Scarso;Buona;Ore Diurne;0;0;0;3;12.6302;41.878;-1;2;Autovettura privata;Sosta;;;;;;;
4529682;8;02/09/2019 00:30:00;Strada Urbana;VIA DELL'ARCHEOLOGIA;in prossimit�;;del civico n.;90;;Scontro laterale fra veicoli in marcia;Rettilineo;Una carreggiata a doppio senso;Asciutto;Asfaltata;Verticale ed orizzontale;Sereno;Scarso;Buona;Ore Diurne;0;0;0;3;12.6302;41.878;-1;3;Autovettura privata;Sosta;;;;;;;
4529682;8;02/09/2019 00:30:00;Strada Urbana;VIA DELL'ARCHEOLOGIA;in prossimit�;;del civico n.;90;;Scontro laterale fra veicoli in marcia;Rettilineo;Una carreggiata a doppio senso;Asciutto;Asfaltata;Verticale ed orizzontale;Sereno;Scarso;Buona;Ore Diurne;0;0;0;3;12.6302;41.878;-1;4;Autovettura privata;In marcia / fermata / arresto;;;;;;;
4529703;2;01/09/2019 14:50:00;Strada Urbana;VIA ALFONSO RENDANO;all'intersezione con;VIA FELICE ANERIO;VIA FELICE ANERIO;;;Veicolo in marcia contro ostacolo accidentale;Incrocio;Una carreggiata a senso unico di marcia;Bagnato (umidit� in atto);Asfaltata;Verticale ed orizzontale;Nuvoloso;Scarso;Buona;Ore Diurne;0;0;0;1;12.5157;41.9353;-1;1;Autovettura privata;In marcia / fermata / arresto;Conducente;F;Illeso;0;;;
4529708;10;02/09/2019 00:02:00;Strada Urbana;VIA LUCIO SESTIO;all'intersezione semaforizzata con;VIALE SPARTACO;VIALE SPARTACO;;;Scontro frontale/laterale DX fra veicoli in marcia;Intersezione semaforizzata;Due carreggiate;Asciutto;Asfaltata;Verticale ed orizzontale;Sereno;Scarso;Sufficiente;Sufficiente;2;0;0;1;12.5553;41.858;-1;1;Autovettura privata;In marcia / fermata / arresto;Conducente;M;Illeso;0;;Non accertato;Inesploso
4529708;10;02/09/2019 00:02:00;Strada Urbana;VIA LUCIO SESTIO;all'intersezione semaforizzata con;VIALE SPARTACO;VIALE SPARTACO;;;Scontro frontale/laterale DX fra veicoli in marcia;Intersezione semaforizzata;Due carreggiate;Asciutto;Asfaltata;Verticale ed orizzontale;Sereno;Scarso;Sufficiente;Sufficiente;2;0;0;1;12.5553;41.858;-1;2;Autovettura privata;In marcia / fermata / arresto;Conducente;M;Rimandato;0;NON DECEDUTO;Non accertato;Inesploso
4529708;10;02/09/2019 00:02:00;Strada Urbana;VIA LUCIO SESTIO;all'intersezione semaforizzata con;VIALE SPARTACO;VIALE SPARTACO;;;Scontro frontale/laterale DX fra veicoli in marcia;Intersezione semaforizzata;Due carreggiate;Asciutto;Asfaltata;Verticale ed orizzontale;Sereno;Scarso;Sufficiente;Sufficiente;2;0;0;1;12.5553;41.858;-1;2;Autovettura privata;In marcia / fermata / arresto;Passeggero;F;Rimandato;0;NON DECEDUTO;Non accertato;Inesploso
4529710;1;01/09/2019 19:00:00;Strada Urbana;VIA VICENZA;in prossimit�;;del civico n.;12;;Scontro frontale fra veicoli in marcia;Rettilineo;Una carreggiata a senso unico di marcia;Asciutto;Asfaltata;Verticale ed orizzontale;Sereno;Normale;Buona;Ore Diurne;0;0;0;2;12.5024;41.9029;-1;1;Autovettura privata;In marcia / fermata / arresto;Conducente;M;Illeso;0;;Non accertato;Inesploso
4529710;1;01/09/2019 19:00:00;Strada Urbana;VIA VICENZA;in prossimit�;;del civico n.;12;;Scontro frontale fra veicoli in marcia;Rettilineo;Una carreggiata a senso unico di marcia;Asciutto;Asfaltata;Verticale ed orizzontale;Sereno;Normale;Buona;Ore Diurne;0;0;0;2;12.5024;41.9029;-1;2;Autovettura privata;In marcia / fermata / arresto;Conducente;M;Illeso;0;;Non accertato;Inesploso
4529730;2;01/09/2019 22:40:00;Strada Urbana;SOTTOVIA IGNAZIO GUIDI;da specificare;;;;alt. via Lucania;Veicolo in marcia contro ostacolo accidentale;Rettilineo;Una carreggiata a senso unico di marcia;Asciutto;Asfaltata;Verticale ed orizzontale;Nuvoloso;Normale;Buona;Sufficiente;0;0;0;1;12.4956;41.9109;-1;1;Autovettura privata;In marcia / fermata / arresto;Conducente;M;Illeso;0;;;
4529757;1;01/09/2019;Strada Urbana;SALITA DI S. ONOFRIO;in prossimit�;;del civico n.;11;;Veicolo in marcia contro veicolo in sosta;Rettilineo;Una carreggiata a senso unico di marcia;Asciutto;In cubetti di porfido;Orizzontale;Sereno;Scarso;Sufficiente;Sufficiente;0;0;0;1;12.4617;41.899;-1;1;Autovettura privata;Sosta;;;;;;;
4529757;1;01/09/2019;Strada Urbana;SALITA DI S. ONOFRIO;in prossimit�;;del civico n.;11;;Veicolo in marcia contro veicolo in sosta;Rettilineo;Una carreggiata a senso unico di marcia;Asciutto;In cubetti di porfido;Orizzontale;Sereno;Scarso;Sufficiente;Sufficiente;0;0;0;1;12.4617;41.899;-1;2;Quadriciclo;In marcia / fermata / arresto;Conducente;F;Illeso;0;;Non accertato;