Protocollo;Gruppo;DataOraIncidente;Localizzazione1;STRADA1;Localizzazione2;STRADA2;Strada02;Chilometrica;DaSpecificare;NaturaIncidente;particolaritastrade;TipoStrada;FondoStradale;Pavimentazione;Segnaletica;CondizioneAtmosferica;Traffico;Visibilita;Illuminazione;NUM_FERITI;NUM_RISERVATA;NUM_MORTI;NUM_ILLESI;Longitudine;Latitudine;Confermato;Progressivo;TipoVeicolo;StatoVeicolo;TipoPersona;Sesso;Tipolesione;Deceduto;DecedutoDopo;CinturaCascoUtilizzato;Airbag;
4532882;5;03/09/2019 16:25:00;Strada Urbana;VIA DEI DURANTINI;in prossimit�;;del civico n.;125;;Veicolo in marcia contro veicolo fermo;Rettilineo;Una carreggiata a doppio senso;Asciutto;Asfaltata;Verticale ed orizzontale;Sereno;Normale;Buona;Ore Diurne;0;0;0;2;12.5419;41.9131;-1;1;Autovettura privata;In marcia / fermata / arresto;Conducente;F;Illeso;0;;Non accertato;Inesploso
4532882;5;03/09/2019 16:25:00;Strada Urbana;VIA DEI DURANTINI;in prossimit�;;del civico n.;125;;Veicolo in marcia contro veicolo fermo;Rettilineo;Una carreggiata a doppio senso;Asciutto;Asfaltata;Verticale ed orizzontale;Sereno;Normale;Buona;Ore Diurne;0;0;0;2;12.5419;41.9131;-1;2;Autovettura privata;In marcia / fermata / arresto;Conducente;M;Illeso;0;;Non accertato;Inesploso
4532886;18;03/09/2019 16:30:00;Strada Urbana;VIA DI VILLA TROILI;all'intersezione con;VIA AURELIA;VIA AURELIA;;;Tamponamento;Intersezione stradale segnalata;Due carreggiate;Asciutto;Asfaltata;Verticale ed orizzontale;Sereno;Normale;Buona;Ore Diurne;0;0;0;4;12.408;41.8888;-1;1;Autovettura privata;In marcia / fermata / arresto;Conducente;M;Illeso;0;;Non accertato;Inesploso
4532886;18;03/09/2019 16:30:00;Strada Urbana;VIA DI VILLA TROILI;all'intersezione con;VIA AURELIA;VIA AURELIA;;;Tamponamento;Intersezione stradale segnalata;Due carreggiate;Asciutto;Asfaltata;Verticale ed orizzontale;Sereno;Normale;Buona;Ore Diurne;0;0;0;4;12.408;41.8888;-1;1;Autovettura privata;In marcia / fermata / arresto;Passeggero;F;Illeso;0;;Non accertato;Inesploso
4532886;18;03/09/2019 16:30:00;Strada Urbana;VIA DI VILLA TROILI;all'intersezione con;VIA AURELIA;VIA AURELIA;;;Tamponamento;Intersezione stradale segnalata;Due carreggiate;Asciutto;Asfaltata;Verticale ed orizzontale;Sereno;Normale;Buona;Ore Diurne;0;0;0;4;12.408;41.8888;-1;2;Autovettura privata;In marcia / fermata / arresto;Conducente;M;Illeso;0;;Non accertato;Inesploso
4532886;18;03/09/2019 16:30:00;Strada Urbana;VIA DI VILLA TROILI;all'intersezione con;VIA AURELIA;VIA AURELIA;;;Tamponamento;Intersezione stradale segnalata;Due carreggiate;Asciutto;Asfaltata;Verticale ed orizzontale;Sereno;Normale;Buona;Ore Diurne;0;0;0;4;12.408;41.8888;-1;2;Autovettura privata;In marcia / fermata / arresto;Passeggero;F;Illeso;0;;Non accertato;Inesploso
4532890;20;03/09/2019 17:15:00;Strada Urbana;VIA DI GROTTAROSSA;in prossimit�;;del civico n.;1164;;Scontro frontale fra veicoli in marcia;Curva senza visuale libera;Una carreggiata a doppio senso;Asciutto;Asfaltata;Orizzontale;Sereno;Normale;Buona;Ore Diurne;3;0;0;0;12.4757;41.9806;-1;1;Autovettura privata;In marcia / fermata / arresto;Conducente;F;Rimandato;0;NON DECEDUTO;Non accertato;
4532890;20;03/09/2019 17:15:00;Strada Urbana;VIA DI GROTTAROSSA;in prossimit�;;del civico n.;1164;;Scontro frontale fra veicoli in marcia;Curva senza visuale libera;Una carreggiata a doppio senso;Asciutto;Asfaltata;Orizzontale;Sereno;Normale;Buona;Ore Diurne;3;0;0;0;12.4757;41.9806;-1;2;Autovettura privata;In marcia / fermata / arresto;Conducente;M;Rimandato;0;NON DECEDUTO;Non accertato;
4532890;20;03/09/2019 17:15:00;Strada Urbana;VIA DI GROTTAROSSA;in prossimit�;;del civico n.;1164;;Scontro frontale fra veicoli in marcia;Curva senza visuale libera;Una carreggiata a doppio senso;Asciutto;Asfaltata;Orizzontale;Sereno;Normale;Buona;Ore Diurne;3;0;0;0;12.4757;41.9806;-1;2;Autovettura privata;In marcia / fermata / arresto;Passeggero;F;Rimandato;0;NON DECEDUTO;Non accertato;
4532893;5;03/09/2019 17:50:00;Strada Urbana;VIA TIBURTINA;da specificare;;;;prox rampa immissione da Via Cicogna;Scontro laterale fra veicoli in marcia;Curva a visuale libera;Una carreggiata a senso unico di marcia;Asciutto;Asfaltata;Verticale ed orizzontale;Sereno;Normale;Buona;Ore Diurne;0;0;0;6;12.5677;41.9241;-1;1;Autovettura privata;In marcia / fermata / arresto;Conducente;F;Illeso;0;;Non accertato;Inesploso
4532893;5;03/09/2019 17:50:00;Strada Urbana;VIA TIBURTINA;da specificare;;;;prox rampa immissione da Via Cicogna;Scontro laterale fra veicoli in marcia;Curva a visuale libera;Una carreggiata a senso unico di marcia;Asciutto;Asfaltata;Verticale ed orizzontale;Sereno;Normale;Buona;Ore Diurne;0;0;0;6;12.5677;41.9241;-1;1;Autovettura privata;In marcia / fermata / arresto;Passeggero;M;Illeso;0;;Non accertato;Inesploso
4532893;5;03/09/2019 17:50:00;Strada Urbana;VIA TIBURTINA;da specificare;;;;prox rampa immissione da Via Cicogna;Scontro laterale fra veicoli in marcia;Curva a visuale libera;Una carreggiata a senso unico di marcia;Asciutto;Asfaltata;Verticale ed orizzontale;Sereno;Normale;Buona;Ore Diurne;0;0;0;6;12.5677;41.9241;-1;2;Autovettura privata;In marcia / fermata / arresto;Conducente;M;Illeso;0;;Non accertato;Inesploso
4532893;5;03/09/2019 17:50:00;Strada Urbana;VIA TIBURTINA;da specificare;;;;prox rampa immissione da Via Cicogna;Scontro laterale fra veicoli in marcia;Curva a visuale libera;Una carreggiata a senso unico di marcia;Asciutto;Asfaltata;Verticale ed orizzontale;Sereno;Normale;Buona;Ore Diurne;0;0;0;6;12.5677;41.9241;-1;2;Autovettura privata;In marcia / fermata / arresto;Passeggero;F;Illeso;0;;Non accertato;Inesploso
4532893;5;03/09/2019 17:50:00;Strada Urbana;VIA TIBURTINA;da specificare;;;;prox rampa immissione da Via Cicogna;Scontro laterale fra veicoli in marcia;Curva a visuale libera;Una carreggiata a senso unico di marcia;Asciutto;Asfaltata;Verticale ed orizzontale;Sereno;Normale;Buona;Ore Diurne;0;0;0;6;12.5677;41.9241;-1;2;Autovettura privata;In marcia / fermata / arresto;Passeggero;F;Illeso;0;;Non accertato;Inesploso
4532893;5;03/09/2019 17:50:00;Strada Urbana;VIA TIBURTINA;da specificare;;;;prox rampa immissione da Via Cicogna;Scontro laterale fra veicoli in marcia;Curva a visuale libera;Una carreggiata a senso unico di marcia;Asciutto;Asfaltata;Verticale ed orizzontale;Sereno;Normale;Buona;Ore Diurne;0;0;0;6;12.5677;41.9241;-1;2;Autovettura privata;In marcia / fermata / arresto;Passeggero;M;Illeso;0;;Non accertato;Inesploso
4532897;5;03/09/2019 08:30:00;Strada Urbana;VIA TIBURTINA;all'intersezione semaforizzata con;VIA SAMBUCI;VIA SAMBUCI;;;Scontro laterale fra veicoli in marcia;Intersezione semaforizzata;Due carreggiate;Asciutto;Asfaltata;Verticale ed orizzontale;Sereno;Normale;Buona;Ore Diurne;0;0;0;2;12.6125;41.9359;-1;1;Trattore stradale;In marcia / fermata / arresto;Conducente;M;Illeso;0;;Non accertato;
4532897;5;03/09/2019 08:30:00;Strada Urbana;VIA TIBURTINA;all'intersezione semaforizzata con;VIA SAMBUCI;VIA SAMBUCI;;;Scontro laterale fra veicoli in marcia;Intersezione semaforizzata;Due carreggiate;Asciutto;Asfaltata;Verticale ed orizzontale;Sereno;Normale;Buona;Ore Diurne;0;0;0;2;12.6125;41.9359;-1;2;Autovettura privata;In marcia / fermata / arresto;Conducente;M;Illeso;0;;Non accertato;
4532907;5;03/09/2019 11:30:00;Strada Urbana;VIA GIULIO CURIONI;in prossimit�;;del civico n.;98;;Veicolo in marcia contro veicolo in sosta;Curva senza visuale libera;Una carreggiata a doppio senso;Asciutto;Asfaltata;Orizzontale;Sereno;Normale;Buona;Ore Diurne;1;0;0;0;12.5335;41.9222;-1;1;Autovettura privata;In marcia / fermata / arresto;Conducente;M;Rimandato;0;NON DECEDUTO;Non accertato;Inesploso
4532907;5;03/09/2019 11:30:00;Strada Urbana;VIA GIULIO CURIONI;in prossimit�;;del civico n.;98;;Veicolo in marcia contro veicolo in sosta;Curva senza visuale libera;Una carreggiata a doppio senso;Asciutto;Asfaltata;Orizzontale;Sereno;Normale;Buona;Ore Diurne;1;0;0;0;12.5335;41.9222;-1;2;Autovettura privata;Sosta;;;;;;;
4532912;5;03/09/2019 12:35:00;Strada Urbana;VIA ASINARI DI S. MARZANO;all'intersezione con;VIA BALDASSARRE ORERO;VIA BALDASSARRE ORERO;;;Scontro frontale/laterale DX fra veicoli in marcia;Incrocio;Una carreggiata a doppio senso;Asciutto;Asfaltata;Orizzontale;Sereno;Scarso;Sufficiente;Ore Diurne;1;0;0;1;12.5378;41.8975;-1;1;Autovettura privata;In marcia / fermata / arresto;Conducente;F;Rimandato;0;NON DECEDUTO;Non accertato;Inesploso
4532912;5;03/09/2019 12:35:00;Strada Urbana;VIA ASINARI DI S. MARZANO;all'intersezione con;VIA BALDASSARRE ORERO;VIA BALDASSARRE ORERO;;;Scontro frontale/laterale DX fra veicoli in marcia;Incrocio;Una carreggiata a doppio senso;Asciutto;Asfaltata;Orizzontale;Sereno;Scarso;Sufficiente;Ore Diurne;1;0;0;1;12.5378;41.8975;-1;2;Autovettura privata;In marcia / fermata / arresto;Conducente;F;Illeso;0;;Non utilizzato;Esploso
4532912;5;03/09/2019 12:35:00;Strada Urbana;VIA ASINARI DI S. MARZANO;all'intersezione con;VIA BALDASSARRE ORERO;VIA BALDASSARRE ORERO;;;Scontro frontale/laterale DX fra veicoli in marcia;Incrocio;Una carreggiata a doppio senso;Asciutto;Asfaltata;Orizzontale;Sereno;Scarso;Sufficiente;Ore Diurne;1;0;0;1;12.5378;41.8975;-1;3;Autovettura privata;Sosta;;;;;;;
4532912;5;03/09/2019 12:35:00;Strada Urbana;VIA ASINARI DI S. MARZANO;all'intersezione con;VIA BALDASSARRE ORERO;VIA BALDASSARRE ORERO;;;Scontro frontale/laterale DX fra veicoli in marcia;Incrocio;Una carreggiata a doppio senso;Asciutto;Asfaltata;Orizzontale;Sereno;Scarso;Sufficiente;Ore Diurne;1;0;0;1;12.5378;41.8975;-1;4;Autovettura privata;Sosta;;;;;;;
4532917;20;03/09/2019 09:45:00;Strada Urbana;VIA FLAMINIA;all'intersezione con;VIA VALCHETTA CARTONI;VIA VALCHETTA CARTONI;;;Scontro laterale fra veicoli in marcia;Incrocio;Due carreggiate;Asciutto;Asfaltata;Verticale ed orizzontale;Sereno;Intenso;Buona;Ore Diurne;0;0;0;3;12.4718;41.9419;-1;1;Motrice;In marcia / fermata / arresto;Conducente;M;Illeso;0;;Non accertato;Inesistente
4532917;20;03/09/2019 09:45:00;Strada Urbana;VIA FLAMINIA;all'intersezione con;VIA VALCHETTA CARTONI;VIA VALCHETTA CARTONI;;;Scontro laterale fra veicoli in marcia;Incrocio;Due carreggiate;Asciutto;Asfaltata;Verticale ed orizzontale;Sereno;Intenso;Buona;Ore Diurne;0;0;0;3;12.4718;41.9419;-1;2;Autovettura privata;In marcia / fermata / arresto;Conducente;M;Illeso;0;;Non accertato;
4532917;20;03/09/2019 09:45:00;Strada Urbana;VIA FLAMINIA;all'intersezione con;VIA VALCHETTA CARTONI;VIA VALCHETTA CARTONI;;;Scontro laterale fra veicoli in marcia;Incrocio;Due carreggiate;Asciutto;Asfaltata;Verticale ed orizzontale;Sereno;Intenso;Buona;Ore Diurne;0;0;0;3;12.4718;41.9419;-1;2;Autovettura privata;In marcia / fermata / arresto;Passeggero;F;Illeso;0;;Non accertato;Inesploso
4532920;4;03/09/2019 07:05:00;Strada Urbana;VIA DELLE VALLI;in prossimit�;;del civico n.;171;;Scontro laterale fra veicoli in marcia;Rettilineo;Due carreggiate;Bagnato (umidit� in atto);Asfaltata;Verticale;Nuvoloso;Scarso;Buona;Ore Diurne;0;0;0;2;12.5259;41.938;-1;1;Autovettura privata;In marcia / fermata / arresto;Conducente;M;Illeso;0;;Non accertato;Inesploso
4532920;4;03/09/2019 07:05:00;Strada Urbana;VIA DELLE VALLI;in prossimit�;;del civico n.;171;;Scontro laterale fra veicoli in marcia;Rettilineo;Due carreggiate;Bagnato (umidit� in atto);Asfaltata;Verticale;Nuvoloso;Scarso;Buona;Ore Diurne;0;0;0;2;12.5259;41.938;-1;2;Autovettura privata;In marcia / fermata / arresto;Conducente;M;Illeso;0;;Non accertato;Inesploso
4532930;18;03/09/2019 16:55:00;Strada Urbana;VIA GATTINARA;in prossimit�;;del civico n.;135;;Scontro laterale fra veicoli in marcia;Pendenza;Una carreggiata a doppio senso;Asciutto;Asfaltata;Verticale;Sereno;Normale;Buona;Ore Diurne;0;0;0;3;12.3863;41.8931;-1;1;Autovettura privata;In marcia / fermata / arresto;Conducente;M;Illeso;0;;Non accertato;Inesploso
4532930;18;03/09/2019 16:55:00;Strada Urbana;VIA GATTINARA;in prossimit�;;del civico n.;135;;Scontro laterale fra veicoli in marcia;Pendenza;Una carreggiata a doppio senso;Asciutto;Asfaltata;Verticale;Sereno;Normale;Buona;Ore Diurne;0;0;0;3;12.3863;41.8931;-1;1;Autovettura privata;In marcia / fermata / arresto;Passeggero;M;Illeso;0;;Non accertato;Inesploso
4532930;18;03/09/2019 16:55:00;Strada Urbana;VIA GATTINARA;in prossimit�;;del civico n.;135;;Scontro laterale fra veicoli in marcia;Pendenza;Una carreggiata a doppio senso;Asciutto;Asfaltata;Verticale;Sereno;Normale;Buona;Ore Diurne;0;0;0;3;12.3863;41.8931;-1;2;Autovettura privata;In marcia / fermata / arresto;Conducente;F;Illeso;0;;;Inesploso
4532932;18;03/09/2019 17:30:00;Strada Urbana;VIA SUOR MARIA AGOSTINA;in prossimit�;;del civico n.;50;;Scontro laterale fra veicoli in marcia;Rettilineo;Una carreggiata a doppio senso;Asciutto;Asfaltata;Verticale ed orizzontale;Sereno;Normale;Buona;Ore Diurne;0;0;0;3;12.3913;41.905;-1;1;Autovettura privata;In marcia / fermata / arresto;Conducente;F;Illeso;0;;Non accertato;Inesploso
4532932;18;03/09/2019 17:30:00;Strada Urbana;VIA SUOR MARIA AGOSTINA;in prossimit�;;del civico n.;50;;Scontro laterale fra veicoli in marcia;Rettilineo;Una carreggiata a doppio senso;Asciutto;Asfaltata;Verticale ed orizzontale;Sereno;Normale;Buona;Ore Diurne;0;0;0;3;12.3913;41.905;-1;1;Autovettura privata;In marcia / fermata / arresto;Passeggero;F;Illeso;0;;Non accertato;Inesploso
4532932;18;03/09/2019 17:30:00;Strada Urbana;VIA SUOR MARIA AGOSTINA;in prossimit�;;del civico n.;50;;Scontro laterale fra veicoli in marcia;Rettilineo;Una carreggiata a doppio senso;Asciutto;Asfaltata;Verticale ed orizzontale;Sereno;Normale;Buona;Ore Diurne;0;0;0;3;12.3913;41.905;-1;2;Autovettura privata;In marcia / fermata / arresto;Conducente;M;Illeso;0;;Non accertato;Inesploso
4532958;4;03/09/2019 08:35:00;Strada Urbana;PIAZZA MONTE GENNARO;all'intersezione con;VIA COL DI REZIA;VIA COL DI REZIA;;;Scontro frontale/laterale DX fra veicoli in marcia;Intersezione stradale segnalata;Una carreggiata a doppio senso;Asciutto;Asfaltata;Verticale ed orizzontale;Sereno;Normale;Buona;Ore Diurne;0;0;0;3;12.5379;41.9446;-1;1;Motociclo con passeggero;In marcia / fermata / arresto;Conducente;M;Illeso;0;;Non accertato;
4532958;4;03/09/2019 08:35:00;Strada Urbana;PIAZZA MONTE GENNARO;all'intersezione con;VIA COL DI REZIA;VIA COL DI REZIA;;;Scontro frontale/laterale DX fra veicoli in marcia;Intersezione stradale segnalata;Una carreggiata a doppio senso;Asciutto;Asfaltata;Verticale ed orizzontale;Sereno;Normale;Buona;Ore Diurne;0;0;0;3;12.5379;41.9446;-1;1;Motociclo con passeggero;In marcia / fermata / arresto;Passeggero;M;Illeso;0;;Non accertato;
4532958;4;03/09/2019 08:35:00;Strada Urbana;PIAZZA MONTE GENNARO;all'intersezione con;VIA COL DI REZIA;VIA COL DI REZIA;;;Scontro frontale/laterale DX fra veicoli in marcia;Intersezione stradale segnalata;Una carreggiata a doppio senso;Asciutto;Asfaltata;Verticale ed orizzontale;Sereno;Normale;Buona;Ore Diurne;0;0;0;3;12.5379;41.9446;-1;2;Autovettura privata;In marcia / fermata / arresto;Conducente;M;Illeso;0;;;
4532968;13;03/09/2019 15:25:00;Strada Urbana;VIA ALESSANDRO STRADELLA;all'intersezione con;VIA ERNESTO BOEZI;VIA ERNESTO BOEZI;;;Scontro frontale/laterale DX fra veicoli in marcia;Incrocio;Una carreggiata a doppio senso;Asciutto;Asfaltata;Verticale;Sereno;Normale;Buona;Ore Diurne;1;0;0;0;12.357;41.7384;-1;1;Velocipede;In marcia / fermata / arresto;Conducente;M;Ricoverato;0;NON DECEDUTO;Esente;
4532973;3;03/09/2019 21:40:00;Strada Urbana;VIA SALARIA;in prossimit�;;del civico n.;1628;;Scontro frontale/laterale DX fra veicoli in marcia;Rettilineo;Una carreggiata a doppio senso;Asciutto;Asfaltata;Verticale ed orizzontale;Sereno;Scarso;Insufficiente;Inesistente;1;0;1;0;;;0;1;Autovettura privata;In marcia / fermata / arresto;Conducente;M;Rimandato;0;NON DECEDUTO;Non accertato;
4532973;3;03/09/2019 21:40:00;Strada Urbana;VIA SALARIA;in prossimit�;;del civico n.;1628;;Scontro frontale/laterale DX fra veicoli in marcia;Rettilineo;Una carreggiata a doppio senso;Asciutto;Asfaltata;Verticale ed orizzontale;Sereno;Scarso;Insufficiente;Inesistente;1;0;1;0;;;0;2;Motociclo a solo;In marcia / fermata / arresto;Conducente;M;Prognosi riservata;0;DECEDUTO ENTRO IL QUINTO GIORNO;Utilizzato;
4532992;7;03/09/2019 17:50:00;Strada Urbana;VIA PAPIRIA;in corrispondenza;;del civico n.;134;;Tamponamento;Rettilineo;Una carreggiata a doppio senso;Asciutto;Asfaltata;Verticale ed orizzontale;Sereno;Normale;Buona;Ore Diurne;2;0;0;1;12.5667;41.8625;-1;1;Autovettura privata;In marcia / fermata / arresto;Conducente;F;Rimandato;0;NON DECEDUTO;Non accertato;Inesploso
4532992;7;03/09/2019 17:50:00;Strada Urbana;VIA PAPIRIA;in corrispondenza;;del civico n.;134;;Tamponamento;Rettilineo;Una carreggiata a doppio senso;Asciutto;Asfaltata;Verticale ed orizzontale;Sereno;Normale;Buona;Ore Diurne;2;0;0;1;12.5667;41.8625;-1;1;Autovettura privata;In marcia / fermata / arresto;Passeggero;F;Rimandato;0;NON DECEDUTO;Non accertato;Inesploso
4532992;7;03/09/2019 17:50:00;Strada Urbana;VIA PAPIRIA;in corrispondenza;;del civico n.;134;;Tamponamento;Rettilineo;Una carreggiata a doppio senso;Asciutto;Asfaltata;Verticale ed orizzontale;Sereno;Normale;Buona;Ore Diurne;2;0;0;1;12.5667;41.8625;-1;2;Autovettura privata;In marcia / fermata / arresto;Conducente;F;Illeso;0;;Non accertato;Inesploso
4533000;4;03/09/2019 15:45:00;Strada Urbana;PIAZZA DEI VOCAZIONISTI;da specificare;;;;fronte civico 17;Veicolo in marcia contro veicolo fermo;Rettilineo;Una carreggiata a doppio senso;Asciutto;Asfaltata;Assente;Sereno;Normale;Buona;Ore Diurne;0;0;0;2;12.5161;41.9721;-1;1;Autovettura privata;In marcia / fermata / arresto;Conducente;M;Illeso;0;;Non accertato;Inesploso
4533000;4;03/09/2019 15:45:00;Strada Urbana;PIAZZA DEI VOCAZIONISTI;da specificare;;;;fronte civico 17;Veicolo in marcia contro veicolo fermo;Rettilineo;Una carreggiata a doppio senso;Asciutto;Asfaltata;Assente;Sereno;Normale;Buona;Ore Diurne;0;0;0;2;12.5161;41.9721;-1;2;Autovettura privata;In marcia / fermata / arresto;Conducente;F;Illeso;0;;Non accertato;Inesploso
4533045;17;03/09/2019 15:00:00;Strada Urbana;PIAZZA COLA DI RIENZO;all'intersezione con;VIA EZIO;VIA EZIO;;;Scontro frontale/laterale DX fra veicoli in marcia;Intersezione stradale segnalata;Una carreggiata a doppio senso;Asciutto;Asfaltata;Verticale ed orizzontale;Sereno;Normale;Buona;Ore Diurne;1;0;0;2;12.4667;41.9084;-1;1;Autovettura privata;In marcia / fermata / arresto;Conducente;M;Illeso;0;;;
4533045;17;03/09/2019 15:00:00;Strada Urbana;PIAZZA COLA DI RIENZO;all'intersezione con;VIA EZIO;VIA EZIO;;;Scontro frontale/laterale DX fra veicoli in marcia;Intersezione stradale segnalata;Una carreggiata a doppio senso;Asciutto;Asfaltata;Verticale ed orizzontale;Sereno;Normale;Buona;Ore Diurne;1;0;0;2;12.4667;41.9084;-1;1;Autovettura privata;In marcia / fermata / arresto;Passeggero;F;Illeso;0;;;
4533045;17;03/09/2019 15:00:00;Strada Urbana;PIAZZA COLA DI RIENZO;all'intersezione con;VIA EZIO;VIA EZIO;;;Scontro frontale/laterale DX fra veicoli in marcia;Intersezione stradale segnalata;Una carreggiata a doppio senso;Asciutto;Asfaltata;Verticale ed orizzontale;Sereno;Normale;Buona;Ore Diurne;1;0;0;2;12.4667;41.9084;-1;2;Motociclo a solo;In marcia / fermata / arresto;Conducente;M;Rimandato;0;NON DECEDUTO;;
4533083;4;03/09/2019 17:00:00;Strada Urbana;VIALE TIRRENO;in corrispondenza;;del civico n.;182;;Scontro laterale fra veicoli in marcia;Rettilineo;Una carreggiata a senso unico di marcia;Asciutto;Asfaltata;Verticale ed orizzontale;Sereno;Normale;Buona;Ore Diurne;0;0;0;3;12.5293;41.9405;-1;1;Autovettura privata;In marcia / fermata / arresto;Conducente;M;Illeso;0;;;
4533083;4;03/09/2019 17:00:00;Strada Urbana;VIALE TIRRENO;in corrispondenza;;del civico n.;182;;Scontro laterale fra veicoli in marcia;Rettilineo;Una carreggiata a senso unico di marcia;Asciutto;Asfaltata;Verticale ed orizzontale;Sereno;Normale;Buona;Ore Diurne;0;0;0;3;12.5293;41.9405;-1;1;Autovettura privata;In marcia / fermata / arresto;Passeggero;M;Illeso;0;;;
4533083;4;03/09/2019 17:00:00;Strada Urbana;VIALE TIRRENO;in corrispondenza;;del civico n.;182;;Scontro laterale fra veicoli in marcia;Rettilineo;Una carreggiata a senso unico di marcia;Asciutto;Asfaltata;Verticale ed orizzontale;Sereno;Normale;Buona;Ore Diurne;0;0;0;3;12.5293;41.9405;-1;2;Autocarro inferiore 35 q.;In marcia / fermata / arresto;Conducente;M;Illeso;0;;Non accertato;Inesploso
4533094;13;04/09/2019 08:45:00;Strada Urbana;VIA ISOLE DEL CAPO VERDE;all'intersezione con;VIA DEI VELIERI;VIA DEI VELIERI;;;Scontro laterale fra veicoli in marcia;Incrocio;Una carreggiata a senso unico di marcia;Asciutto;Asfaltata;Verticale ed orizzontale;Sereno;Normale;Buona;Ore Diurne;0;0;0;6;12.2744;41.738;-1;1;Autovettura privata;In marcia / fermata / arresto;Conducente;F;Illeso;0;;Non accertato;Inesploso
4533094;13;04/09/2019 08:45:00;Strada Urbana;VIA ISOLE DEL CAPO VERDE;all'intersezione con;VIA DEI VELIERI;VIA DEI VELIERI;;;Scontro laterale fra veicoli in marcia;Incrocio;Una carreggiata a senso unico di marcia;Asciutto;Asfaltata;Verticale ed orizzontale;Sereno;Normale;Buona;Ore Diurne;0;0;0;6;12.2744;41.738;-1;1;Autovettura privata;In marcia / fermata / arresto;Passeggero;M;Illeso;0;;Non accertato;Inesploso
4533094;13;04/09/2019 08:45:00;Strada Urbana;VIA ISOLE DEL CAPO VERDE;all'intersezione con;VIA DEI VELIERI;VIA DEI VELIERI;;;Scontro laterale fra veicoli in marcia;Incrocio;Una carreggiata a senso unico di marcia;Asciutto;Asfaltata;Verticale ed orizzontale;Sereno;Normale;Buona;Ore Diurne;0;0;0;6;12.2744;41.738;-1;1;Autovettura privata;In marcia / fermata / arresto;Passeggero;M;Illeso;0;;Non accertato;Inesploso
4533094;13;04/09/2019 08:45:00;Strada Urbana;VIA ISOLE DEL CAPO VERDE;all'intersezione con;VIA DEI VELIERI;VIA DEI VELIERI;;;Scontro laterale fra veicoli in marcia;Incrocio;Una carreggiata a senso unico di marcia;Asciutto;Asfaltata;Verticale ed orizzontale;Sereno;Normale;Buona;Ore Diurne;0;0;0;6;12.2744;41.738;-1;2;Autovettura privata;In marcia / fermata / arresto;Conducente;F;Illeso;0;;Non accertato;Inesploso
4533094;13;04/09/2019 08:45:00;Strada Urbana;VIA ISOLE DEL CAPO VERDE;all'intersezione con;VIA DEI VELIERI;VIA DEI VELIERI;;;Scontro laterale fra veicoli in marcia;Incrocio;Una carreggiata a senso unico di marcia;Asciutto;Asfaltata;Verticale ed orizzontale;Sereno;Normale;Buona;Ore Diurne;0;0;0;6;12.2744;41.738;-1;2;Autovettura privata;In marcia / fermata / arresto;Passeggero;F;Illeso;0;;Non accertato;Inesploso
4533094;13;04/09/2019 08:45:00;Strada Urbana;VIA ISOLE DEL CAPO VERDE;all'intersezione con;VIA DEI VELIERI;VIA DEI VELIERI;;;Scontro laterale fra veicoli in marcia;Incrocio;Una carreggiata a senso unico di marcia;Asciutto;Asfaltata;Verticale ed orizzontale;Sereno;Normale;Buona;Ore Diurne;0;0;0;6;12.2744;41.738;-1;2;Autovettura privata;In marcia / fermata / arresto;Passeggero;M;Illeso;0;;Non accertato;Inesploso
4533095;4;03/09/2019 21:55:00;Strada Urbana;VIALE REGINA ELENA;all'intersezione semaforizzata con;VIALE IPPOCRATE;VIALE IPPOCRATE;;;Scontro frontale/laterale DX fra veicoli in marcia;Intersezione semaforizzata;Due carreggiate;Asciutto;Asfaltata;Verticale ed orizzontale;Nuvoloso;Scarso;Buona;Sufficiente;0;0;0;3;12.5158;41.9057;-1;1;Autovettura privata;In marcia / fermata / arresto;Conducente;F;Illeso;0;;Non accertato;Inesploso
4533095;4;03/09/2019 21:55:00;Strada Urbana;VIALE REGINA ELENA;all'intersezione semaforizzata con;VIALE IPPOCRATE;VIALE IPPOCRATE;;;Scontro frontale/laterale DX fra veicoli in marcia;Intersezione semaforizzata;Due carreggiate;Asciutto;Asfaltata;Verticale ed orizzontale;Nuvoloso;Scarso;Buona;Sufficiente;0;0;0;3;12.5158;41.9057;-1;1;Autovettura privata;In marcia / fermata / arresto;Passeggero;F;Illeso;0;;Non accertato;Inesploso
4533095;4;03/09/2019 21:55:00;Strada Urbana;VIALE REGINA ELENA;all'intersezione semaforizzata con;VIALE IPPOCRATE;VIALE IPPOCRATE;;;Scontro frontale/laterale DX fra veicoli in marcia;Intersezione semaforizzata;Due carreggiate;Asciutto;Asfaltata;Verticale ed orizzontale;Nuvoloso;Scarso;Buona;Sufficiente;0;0;0;3;12.5158;41.9057;-1;2;Autovettura privata;In marcia / fermata / arresto;Conducente;F;Illeso;0;;Non accertato;Esploso