Protocollo;Gruppo;DataOraIncidente;Localizzazione1;STRADA1;Localizzazione2;STRADA2;Strada02;Chilometrica;DaSpecificare;NaturaIncidente;particolaritastrade;TipoStrada;FondoStradale;Pavimentazione;Segnaletica;CondizioneAtmosferica;Traffico;Visibilita;Illuminazione;NUM_FERITI;NUM_RISERVATA;NUM_MORTI;NUM_ILLESI;Longitudine;Latitudine;Confermato;Progressivo;TipoVeicolo;StatoVeicolo;TipoPersona;Sesso;Tipolesione;Deceduto;DecedutoDopo;CinturaCascoUtilizzato;Airbag;
4551593;19;15/09/2019 00:30:00;Strada Urbana;VIA DI S. MARIA DI GALERIA;da specificare;;;;snc;Investimento di pedone;Rettilineo;Una carreggiata a doppio senso;Asciutto;Asfaltata;Orizzontale;Sereno;Scarso;Insufficiente;Inesistente;1;0;0;5;12.3141;41.999;-1;1;Autovettura privata;In marcia / fermata / arresto;Passeggero;M;Illeso;0;;;
4551595;4;13/09/2019 15:10:00;Strada Urbana;VIA DI CASAL BOCCONE;all'intersezione con;VIA ROBERTO ROSSELLINI;VIA ROBERTO ROSSELLINI;;;Veicolo in marcia contro veicolo arresto;Intersezione stradale segnalata;Una carreggiata a doppio senso;Asciutto;Asfaltata;Verticale ed orizzontale;Sereno;Normale;Buona;Ore Diurne;1;0;0;1;12.5642;41.9486;-1;1;Motociclo a solo;In marcia / fermata / arresto;Conducente;M;Rimandato;0;NON DECEDUTO;Non accertato;
4551595;4;13/09/2019 15:10:00;Strada Urbana;VIA DI CASAL BOCCONE;all'intersezione con;VIA ROBERTO ROSSELLINI;VIA ROBERTO ROSSELLINI;;;Veicolo in marcia contro veicolo arresto;Intersezione stradale segnalata;Una carreggiata a doppio senso;Asciutto;Asfaltata;Verticale ed orizzontale;Sereno;Normale;Buona;Ore Diurne;1;0;0;1;12.5642;41.9486;-1;2;Autovettura privata;In marcia / fermata / arresto;Conducente;M;Illeso;0;;Non accertato;Inesploso
4551595;4;13/09/2019 15:10:00;Strada Urbana;VIA DI CASAL BOCCONE;all'intersezione con;VIA ROBERTO ROSSELLINI;VIA ROBERTO ROSSELLINI;;;Veicolo in marcia contro veicolo arresto;Intersezione stradale segnalata;Una carreggiata a doppio senso;Asciutto;Asfaltata;Verticale ed orizzontale;Sereno;Normale;Buona;Ore Diurne;1;0;0;1;12.5642;41.9486;-1;3;Autovettura privata;Allontanatosi;;;;;;;
4551603;4;15/09/2019 18:35:00;Strada Urbana;VIA RADICOFANI;in corrispondenza;;del civico n.;170;;Veicolo in marcia contro veicolo in sosta;Curva senza visuale libera;Una carreggiata a doppio senso;Asciutto;Asfaltata;Verticale ed orizzontale;Sereno;Normale;Buona;Ore Diurne;0;0;0;1;12.5134;41.9746;-1;1;Autovettura privata;Sosta;;;;;;;
4551603;4;15/09/2019 18:35:00;Strada Urbana;VIA RADICOFANI;in corrispondenza;;del civico n.;170;;Veicolo in marcia contro veicolo in sosta;Curva senza visuale libera;Una carreggiata a doppio senso;Asciutto;Asfaltata;Verticale ed orizzontale;Sereno;Normale;Buona;Ore Diurne;0;0;0;1;12.5134;41.9746;-1;2;Autovettura privata;In marcia / fermata / arresto;Conducente;M;Illeso;0;;Non accertato;Inesploso
4551607;10;16/09/2019 08:50:00;Strada Urbana;VIALE BRUNO RIZZIERI;all'intersezione con;VIA STEFANO OBERTO;VIA STEFANO OBERTO;;;Scontro laterale fra veicoli in marcia;Rotatoria;Due carreggiate;Asciutto;Asfaltata;Verticale ed orizzontale;Sereno;Normale;Buona;Ore Diurne;0;0;0;3;12.5861;41.8522;-1;1;Autovettura privata;In marcia / fermata / arresto;Conducente;M;Illeso;0;;Non accertato;Inesploso
4551607;10;16/09/2019 08:50:00;Strada Urbana;VIALE BRUNO RIZZIERI;all'intersezione con;VIA STEFANO OBERTO;VIA STEFANO OBERTO;;;Scontro laterale fra veicoli in marcia;Rotatoria;Due carreggiate;Asciutto;Asfaltata;Verticale ed orizzontale;Sereno;Normale;Buona;Ore Diurne;0;0;0;3;12.5861;41.8522;-1;2;Autovettura privata;In marcia / fermata / arresto;Conducente;M;Illeso;0;;Non accertato;Inesploso
4551607;10;16/09/2019 08:50:00;Strada Urbana;VIALE BRUNO RIZZIERI;all'intersezione con;VIA STEFANO OBERTO;VIA STEFANO OBERTO;;;Scontro laterale fra veicoli in marcia;Rotatoria;Due carreggiate;Asciutto;Asfaltata;Verticale ed orizzontale;Sereno;Normale;Buona;Ore Diurne;0;0;0;3;12.5861;41.8522;-1;2;Autovettura privata;In marcia / fermata / arresto;Passeggero;F;Illeso;0;;Non accertato;Inesploso
4551609;11;16/09/2019 08:40:00;Strada Urbana;VIA TIBERIO IMPERATORE;in prossimit�;;del civico n.;10;;Scontro laterale fra veicoli in marcia;Rettilineo;Una carreggiata a senso unico di marcia;Asciutto;Asfaltata;Verticale ed orizzontale;Sereno;Normale;Buona;Ore Diurne;1;0;0;1;12.4865;41.8535;-1;1;Autovettura privata;In marcia / fermata / arresto;Conducente;F;Illeso;0;;Non accertato;Inesploso
4551609;11;16/09/2019 08:40:00;Strada Urbana;VIA TIBERIO IMPERATORE;in prossimit�;;del civico n.;10;;Scontro laterale fra veicoli in marcia;Rettilineo;Una carreggiata a senso unico di marcia;Asciutto;Asfaltata;Verticale ed orizzontale;Sereno;Normale;Buona;Ore Diurne;1;0;0;1;12.4865;41.8535;-1;2;Motociclo a solo;In marcia / fermata / arresto;Conducente;F;Rifiuta cure immediate;0;NON DECEDUTO;Non accertato;
4551616;19;14/09/2019 11:15:00;Strada Urbana;VIA DELLA RISERVA GRANDE;all'intersezione con;VIA PIETRALUNGA;VIA PIETRALUNGA;;;Scontro frontale fra veicoli in marcia;Incrocio;Una carreggiata a doppio senso;Asciutto;Asfaltata;Verticale ed orizzontale;Sereno;Normale;Buona;Ore Diurne;0;0;0;3;12.3745;41.9487;-1;1;Autovettura privata;In marcia / fermata / arresto;Conducente;M;Illeso;0;;Non accertato;Inesploso
4551616;19;14/09/2019 11:15:00;Strada Urbana;VIA DELLA RISERVA GRANDE;all'intersezione con;VIA PIETRALUNGA;VIA PIETRALUNGA;;;Scontro frontale fra veicoli in marcia;Incrocio;Una carreggiata a doppio senso;Asciutto;Asfaltata;Verticale ed orizzontale;Sereno;Normale;Buona;Ore Diurne;0;0;0;3;12.3745;41.9487;-1;1;Autovettura privata;In marcia / fermata / arresto;Passeggero;M;Illeso;0;;Non accertato;Inesploso
4551616;19;14/09/2019 11:15:00;Strada Urbana;VIA DELLA RISERVA GRANDE;all'intersezione con;VIA PIETRALUNGA;VIA PIETRALUNGA;;;Scontro frontale fra veicoli in marcia;Incrocio;Una carreggiata a doppio senso;Asciutto;Asfaltata;Verticale ed orizzontale;Sereno;Normale;Buona;Ore Diurne;0;0;0;3;12.3745;41.9487;-1;2;Autovettura privata;In marcia / fermata / arresto;Conducente;M;Illeso;0;;Non accertato;Inesploso
4551622;18;15/09/2019 15:25:00;Strada Urbana;VIA BALDO DEGLI UBALDI;in prossimit�;;del civico n.;348;;Investimento di pedone;Pendenza;Due carreggiate;Asciutto;Asfaltata;Verticale ed orizzontale;Sereno;Normale;Buona;Ore Diurne;0;1;0;1;12.4402;41.9021;-1;;;;Pedone;M;Prognosi riservata;0;NON DECEDUTO;;
4551622;18;15/09/2019 15:25:00;Strada Urbana;VIA BALDO DEGLI UBALDI;in prossimit�;;del civico n.;348;;Investimento di pedone;Pendenza;Due carreggiate;Asciutto;Asfaltata;Verticale ed orizzontale;Sereno;Normale;Buona;Ore Diurne;0;1;0;1;12.4402;41.9021;-1;1;Autovettura privata;In marcia / fermata / arresto;Conducente;M;Illeso;0;;;
4551628;7;15/09/2019 03:20:00;Strada Urbana;VIA DELLE ACACIE;all'intersezione con;PIAZZA DEI PINI;PIAZZA DEI PINI;;;Scontro frontale/laterale SX fra veicoli in marcia;Incrocio;Una carreggiata a doppio senso;Asciutto;Asfaltata;Verticale ed orizzontale;Sereno;Scarso;Buona;Sufficiente;1;0;0;3;12.5675;41.888;-1;1;Autovettura privata;In marcia / fermata / arresto;Conducente;M;Rimandato;0;NON DECEDUTO;;
4551628;7;15/09/2019 03:20:00;Strada Urbana;VIA DELLE ACACIE;all'intersezione con;PIAZZA DEI PINI;PIAZZA DEI PINI;;;Scontro frontale/laterale SX fra veicoli in marcia;Incrocio;Una carreggiata a doppio senso;Asciutto;Asfaltata;Verticale ed orizzontale;Sereno;Scarso;Buona;Sufficiente;1;0;0;3;12.5675;41.888;-1;2;Autovettura privata;In marcia / fermata / arresto;Conducente;M;Illeso;0;;;
4551628;7;15/09/2019 03:20:00;Strada Urbana;VIA DELLE ACACIE;all'intersezione con;PIAZZA DEI PINI;PIAZZA DEI PINI;;;Scontro frontale/laterale SX fra veicoli in marcia;Incrocio;Una carreggiata a doppio senso;Asciutto;Asfaltata;Verticale ed orizzontale;Sereno;Scarso;Buona;Sufficiente;1;0;0;3;12.5675;41.888;-1;2;Autovettura privata;In marcia / fermata / arresto;Passeggero;F;Illeso;0;;;
4551628;7;15/09/2019 03:20:00;Strada Urbana;VIA DELLE ACACIE;all'intersezione con;PIAZZA DEI PINI;PIAZZA DEI PINI;;;Scontro frontale/laterale SX fra veicoli in marcia;Incrocio;Una carreggiata a doppio senso;Asciutto;Asfaltata;Verticale ed orizzontale;Sereno;Scarso;Buona;Sufficiente;1;0;0;3;12.5675;41.888;-1;2;Autovettura privata;In marcia / fermata / arresto;Passeggero;F;Illeso;0;;;
4551639;12;15/09/2019 00:15:00;Strada Urbana;VIA CIRO IL GRANDE;in prossimit�;;del civico n.;23;;Scontro laterale fra veicoli in marcia;Rettilineo;Una carreggiata a doppio senso;Asciutto;Asfaltata;Verticale ed orizzontale;Sereno;Scarso;Buona;Sufficiente;0;0;0;5;12.4693;41.8363;-1;1;Autovettura privata;In marcia / fermata / arresto;Conducente;F;Illeso;0;;Utilizzato;Esploso
4551639;12;15/09/2019 00:15:00;Strada Urbana;VIA CIRO IL GRANDE;in prossimit�;;del civico n.;23;;Scontro laterale fra veicoli in marcia;Rettilineo;Una carreggiata a doppio senso;Asciutto;Asfaltata;Verticale ed orizzontale;Sereno;Scarso;Buona;Sufficiente;0;0;0;5;12.4693;41.8363;-1;1;Autovettura privata;In marcia / fermata / arresto;Passeggero;F;Illeso;0;;Utilizzato;
4551639;12;15/09/2019 00:15:00;Strada Urbana;VIA CIRO IL GRANDE;in prossimit�;;del civico n.;23;;Scontro laterale fra veicoli in marcia;Rettilineo;Una carreggiata a doppio senso;Asciutto;Asfaltata;Verticale ed orizzontale;Sereno;Scarso;Buona;Sufficiente;0;0;0;5;12.4693;41.8363;-1;1;Autovettura privata;In marcia / fermata / arresto;Passeggero;F;Illeso;0;;Utilizzato;
4551639;12;15/09/2019 00:15:00;Strada Urbana;VIA CIRO IL GRANDE;in prossimit�;;del civico n.;23;;Scontro laterale fra veicoli in marcia;Rettilineo;Una carreggiata a doppio senso;Asciutto;Asfaltata;Verticale ed orizzontale;Sereno;Scarso;Buona;Sufficiente;0;0;0;5;12.4693;41.8363;-1;1;Autovettura privata;In marcia / fermata / arresto;Passeggero;M;Illeso;0;;Utilizzato;
4551639;12;15/09/2019 00:15:00;Strada Urbana;VIA CIRO IL GRANDE;in prossimit�;;del civico n.;23;;Scontro laterale fra veicoli in marcia;Rettilineo;Una carreggiata a doppio senso;Asciutto;Asfaltata;Verticale ed orizzontale;Sereno;Scarso;Buona;Sufficiente;0;0;0;5;12.4693;41.8363;-1;2;Motociclo a solo;In marcia / fermata / arresto;Conducente;M;Illeso;0;;Utilizzato;
4551648;1;14/09/2019 17:45:00;Strada Urbana;LUNGOTEVERE TOR DI NONA;in prossimit�;;del civico n.;55;;Veicolo in marcia contro veicoli in sosta;Rettilineo;Una carreggiata a senso unico di marcia;Asciutto;Asfaltata;Verticale ed orizzontale;Sereno;Normale;Buona;Ore Diurne;2;0;0;4;12.469;41.9014;-1;1;Motociclo con passeggero;In marcia / fermata / arresto;Conducente;M;Rimandato;0;NON DECEDUTO;Non accertato;
4551648;1;14/09/2019 17:45:00;Strada Urbana;LUNGOTEVERE TOR DI NONA;in prossimit�;;del civico n.;55;;Veicolo in marcia contro veicoli in sosta;Rettilineo;Una carreggiata a senso unico di marcia;Asciutto;Asfaltata;Verticale ed orizzontale;Sereno;Normale;Buona;Ore Diurne;2;0;0;4;12.469;41.9014;-1;1;Motociclo con passeggero;In marcia / fermata / arresto;Passeggero;F;Rimandato;0;NON DECEDUTO;Non accertato;
4551648;1;14/09/2019 17:45:00;Strada Urbana;LUNGOTEVERE TOR DI NONA;in prossimit�;;del civico n.;55;;Veicolo in marcia contro veicoli in sosta;Rettilineo;Una carreggiata a senso unico di marcia;Asciutto;Asfaltata;Verticale ed orizzontale;Sereno;Normale;Buona;Ore Diurne;2;0;0;4;12.469;41.9014;-1;2;Autovettura privata;Sosta;Passeggero;F;Illeso;0;;Non accertato;Inesploso
4551648;1;14/09/2019 17:45:00;Strada Urbana;LUNGOTEVERE TOR DI NONA;in prossimit�;;del civico n.;55;;Veicolo in marcia contro veicoli in sosta;Rettilineo;Una carreggiata a senso unico di marcia;Asciutto;Asfaltata;Verticale ed orizzontale;Sereno;Normale;Buona;Ore Diurne;2;0;0;4;12.469;41.9014;-1;3;Autovettura privata;In marcia / fermata / arresto;Conducente;M;Illeso;0;;Non accertato;Inesploso
4551648;1;14/09/2019 17:45:00;Strada Urbana;LUNGOTEVERE TOR DI NONA;in prossimit�;;del civico n.;55;;Veicolo in marcia contro veicoli in sosta;Rettilineo;Una carreggiata a senso unico di marcia;Asciutto;Asfaltata;Verticale ed orizzontale;Sereno;Normale;Buona;Ore Diurne;2;0;0;4;12.469;41.9014;-1;3;Autovettura privata;In marcia / fermata / arresto;Passeggero;F;Illeso;0;;Non accertato;Inesploso
4551648;1;14/09/2019 17:45:00;Strada Urbana;LUNGOTEVERE TOR DI NONA;in prossimit�;;del civico n.;55;;Veicolo in marcia contro veicoli in sosta;Rettilineo;Una carreggiata a senso unico di marcia;Asciutto;Asfaltata;Verticale ed orizzontale;Sereno;Normale;Buona;Ore Diurne;2;0;0;4;12.469;41.9014;-1;3;Autovettura privata;In marcia / fermata / arresto;Passeggero;F;Illeso;0;;;
4551648;1;14/09/2019 17:45:00;Strada Urbana;LUNGOTEVERE TOR DI NONA;in prossimit�;;del civico n.;55;;Veicolo in marcia contro veicoli in sosta;Rettilineo;Una carreggiata a senso unico di marcia;Asciutto;Asfaltata;Verticale ed orizzontale;Sereno;Normale;Buona;Ore Diurne;2;0;0;4;12.469;41.9014;-1;4;Autovettura privata;Sosta;;;;;;;
4551649;19;14/09/2019 17:54:00;Strada Urbana;VIA DI CASAL DEL MARMO;da specificare;;;;fronte civ. 194;Tamponamento;Rettilineo;Una carreggiata a doppio senso;Asciutto;Asfaltata;Assente;Sereno;Normale;Buona;Ore Diurne;0;0;0;5;12.389;41.9421;-1;1;Autovettura privata;In marcia / fermata / arresto;Conducente;F;Illeso;0;;Non accertato;Inesploso
4551649;19;14/09/2019 17:54:00;Strada Urbana;VIA DI CASAL DEL MARMO;da specificare;;;;fronte civ. 194;Tamponamento;Rettilineo;Una carreggiata a doppio senso;Asciutto;Asfaltata;Assente;Sereno;Normale;Buona;Ore Diurne;0;0;0;5;12.389;41.9421;-1;1;Autovettura privata;In marcia / fermata / arresto;Passeggero;F;Illeso;0;;Non accertato;Inesploso
4551649;19;14/09/2019 17:54:00;Strada Urbana;VIA DI CASAL DEL MARMO;da specificare;;;;fronte civ. 194;Tamponamento;Rettilineo;Una carreggiata a doppio senso;Asciutto;Asfaltata;Assente;Sereno;Normale;Buona;Ore Diurne;0;0;0;5;12.389;41.9421;-1;1;Autovettura privata;In marcia / fermata / arresto;Passeggero;M;Illeso;0;;Non accertato;Inesploso
4551649;19;14/09/2019 17:54:00;Strada Urbana;VIA DI CASAL DEL MARMO;da specificare;;;;fronte civ. 194;Tamponamento;Rettilineo;Una carreggiata a doppio senso;Asciutto;Asfaltata;Assente;Sereno;Normale;Buona;Ore Diurne;0;0;0;5;12.389;41.9421;-1;1;Autovettura privata;In marcia / fermata / arresto;Passeggero;F;Illeso;0;;Non accertato;Inesploso
4551649;19;14/09/2019 17:54:00;Strada Urbana;VIA DI CASAL DEL MARMO;da specificare;;;;fronte civ. 194;Tamponamento;Rettilineo;Una carreggiata a doppio senso;Asciutto;Asfaltata;Assente;Sereno;Normale;Buona;Ore Diurne;0;0;0;5;12.389;41.9421;-1;2;Autocarro inferiore 35 q.;In marcia / fermata / arresto;Conducente;M;Illeso;0;;Non accertato;Inesploso
4551657;4;15/09/2019 02:45:00;Strada Urbana;VIA NOMENTANA;da specificare;;;;intersezione con Largo G. Arci;Scontro frontale/laterale SX fra veicoli in marcia;Rettilineo;Una carreggiata a doppio senso;Asciutto;Asfaltata;Verticale ed orizzontale;Sereno;Scarso;Sufficiente;Sufficiente;1;0;0;1;12.5728;41.9579;-1;1;Autovettura privata;In marcia / fermata / arresto;Conducente;M;Illeso;0;;;
4551657;4;15/09/2019 02:45:00;Strada Urbana;VIA NOMENTANA;da specificare;;;;intersezione con Largo G. Arci;Scontro frontale/laterale SX fra veicoli in marcia;Rettilineo;Una carreggiata a doppio senso;Asciutto;Asfaltata;Verticale ed orizzontale;Sereno;Scarso;Sufficiente;Sufficiente;1;0;0;1;12.5728;41.9579;-1;2;Autovettura privata;In marcia / fermata / arresto;Conducente;M;Rimandato;0;NON DECEDUTO;;
4551673;19;13/09/2019;Strada Urbana;VIA DI MONTE SACRO;in prossimit�;;del civico n.;20;;Veicolo in marcia contro veicolo in sosta;Rettilineo;Una carreggiata a senso unico di marcia;Asciutto;Asfaltata;Verticale ed orizzontale;Sereno;Scarso;Sufficiente;Sufficiente;0;0;0;1;12.5339;41.9323;-1;1;Autovettura privata;Sosta;;;;;;;
4551673;19;13/09/2019;Strada Urbana;VIA DI MONTE SACRO;in prossimit�;;del civico n.;20;;Veicolo in marcia contro veicolo in sosta;Rettilineo;Una carreggiata a senso unico di marcia;Asciutto;Asfaltata;Verticale ed orizzontale;Sereno;Scarso;Sufficiente;Sufficiente;0;0;0;1;12.5339;41.9323;-1;2;Autovettura privata;In marcia / fermata / arresto;Conducente;M;Illeso;0;;Non accertato;Inesploso
4551675;2;15/09/2019 14:50:00;Strada Urbana;PONTE DUCA D'AOSTA;da specificare;;;;alt. P.ZZA MANCINI;Veicolo in marcia contro ostacolo fisso;Rettilineo;Due carreggiate;Asciutto;Asfaltata;Verticale ed orizzontale;Sereno;Normale;Buona;Ore Diurne;0;0;0;1;12.4624;41.9306;-1;1;Autovettura pubblica;In marcia / fermata / arresto;Conducente;M;Illeso;0;;;
4551684;19;14/09/2019 19:45:00;Strada Urbana;PIAZZA CLEMENTE XI;in corrispondenza;;del civico n.;4;;Scontro laterale fra veicoli in marcia;Rotatoria;Una carreggiata a doppio senso;Asciutto;Asfaltata;Orizzontale;Sereno;Scarso;Buona;Sufficiente;0;0;0;2;12.4148;41.9138;-1;1;Autobus di linea;In marcia / fermata / arresto;Conducente;M;Illeso;0;;Non accertato;Inesploso
4551684;19;14/09/2019 19:45:00;Strada Urbana;PIAZZA CLEMENTE XI;in corrispondenza;;del civico n.;4;;Scontro laterale fra veicoli in marcia;Rotatoria;Una carreggiata a doppio senso;Asciutto;Asfaltata;Orizzontale;Sereno;Scarso;Buona;Sufficiente;0;0;0;2;12.4148;41.9138;-1;2;Autovettura privata;In marcia / fermata / arresto;Conducente;F;Illeso;0;;Non accertato;Inesploso
4551696;7;16/09/2019 00:50:00;Strada Urbana;VIA DEI CASTANI;all'intersezione con;VIA DEI FAGGI;VIA DEI FAGGI;;;Scontro frontale/laterale SX fra veicoli in marcia;Incrocio;Una carreggiata a senso unico di marcia;Asciutto;Asfaltata;Assente;Sereno;Scarso;Buona;Sufficiente;0;0;0;3;12.5668;41.8837;-1;1;Autovettura privata;In marcia / fermata / arresto;Conducente;F;Illeso;0;;;
4551696;7;16/09/2019 00:50:00;Strada Urbana;VIA DEI CASTANI;all'intersezione con;VIA DEI FAGGI;VIA DEI FAGGI;;;Scontro frontale/laterale SX fra veicoli in marcia;Incrocio;Una carreggiata a senso unico di marcia;Asciutto;Asfaltata;Assente;Sereno;Scarso;Buona;Sufficiente;0;0;0;3;12.5668;41.8837;-1;2;Ciclomotore;In marcia / fermata / arresto;Conducente;M;Illeso;0;;;
4551696;7;16/09/2019 00:50:00;Strada Urbana;VIA DEI CASTANI;all'intersezione con;VIA DEI FAGGI;VIA DEI FAGGI;;;Scontro frontale/laterale SX fra veicoli in marcia;Incrocio;Una carreggiata a senso unico di marcia;Asciutto;Asfaltata;Assente;Sereno;Scarso;Buona;Sufficiente;0;0;0;3;12.5668;41.8837;-1;2;Ciclomotore;In marcia / fermata / arresto;Passeggero Istruttore;M;Illeso;0;;;
4551697;18;14/09/2019 17:00:00;Strada Urbana;VIA DEL CASALE DI S. PIO V;in prossimit�;;del civico n.;51;;Investimento di pedone;Rettilineo;Una carreggiata a doppio senso;Asciutto;Asfaltata;Assente;Sereno;Normale;Buona;Ore Diurne;2;0;0;0;12.4299;41.8944;-1;;;;Pedone;F;Rimandato;0;NON DECEDUTO;;
4551697;18;14/09/2019 17:00:00;Strada Urbana;VIA DEL CASALE DI S. PIO V;in prossimit�;;del civico n.;51;;Investimento di pedone;Rettilineo;Una carreggiata a doppio senso;Asciutto;Asfaltata;Assente;Sereno;Normale;Buona;Ore Diurne;2;0;0;0;12.4299;41.8944;-1;1;Motociclo a solo;In marcia / fermata / arresto;Conducente;M;Rifiuta cure immediate;0;NON DECEDUTO;;
4551699;5;15/09/2019 19:10:00;Strada Urbana;VIA DEI DURANTINI;all'intersezione con;VIA RENZO ROSSI;VIA RENZO ROSSI;;;Scontro frontale/laterale SX fra veicoli in marcia;Incrocio;Una carreggiata a doppio senso;Asciutto;Asfaltata;Verticale ed orizzontale;Sereno;Normale;Sufficiente;Sufficiente;0;0;0;4;12.5424;41.9093;-1;1;Autovettura privata;In marcia / fermata / arresto;Conducente;F;Illeso;0;;Non accertato;Inesploso
4551699;5;15/09/2019 19:10:00;Strada Urbana;VIA DEI DURANTINI;all'intersezione con;VIA RENZO ROSSI;VIA RENZO ROSSI;;;Scontro frontale/laterale SX fra veicoli in marcia;Incrocio;Una carreggiata a doppio senso;Asciutto;Asfaltata;Verticale ed orizzontale;Sereno;Normale;Sufficiente;Sufficiente;0;0;0;4;12.5424;41.9093;-1;1;Autovettura privata;In marcia / fermata / arresto;Passeggero;M;Illeso;0;;Non accertato;Inesploso
4551699;5;15/09/2019 19:10:00;Strada Urbana;VIA DEI DURANTINI;all'intersezione con;VIA RENZO ROSSI;VIA RENZO ROSSI;;;Scontro frontale/laterale SX fra veicoli in marcia;Incrocio;Una carreggiata a doppio senso;Asciutto;Asfaltata;Verticale ed orizzontale;Sereno;Normale;Sufficiente;Sufficiente;0;0;0;4;12.5424;41.9093;-1;1;Autovettura privata;In marcia / fermata / arresto;Passeggero;F;Illeso;0;;Non accertato;Inesploso
4551699;5;15/09/2019 19:10:00;Strada Urbana;VIA DEI DURANTINI;all'intersezione con;VIA RENZO ROSSI;VIA RENZO ROSSI;;;Scontro frontale/laterale SX fra veicoli in marcia;Incrocio;Una carreggiata a doppio senso;Asciutto;Asfaltata;Verticale ed orizzontale;Sereno;Normale;Sufficiente;Sufficiente;0;0;0;4;12.5424;41.9093;-1;2;Autobus urbano;In marcia / fermata / arresto;Conducente;F;Illeso;0;;Non accertato;Inesploso
4551720;5;15/09/2019 19:35:00;Strada Urbana;VIA DI MARCO SIMONE;all'intersezione con;VIA DI CASAL BIANCO;VIA DI CASAL BIANCO;;;Scontro frontale/laterale DX fra veicoli in marcia;Rotatoria;Una carreggiata a doppio senso;Asciutto;Asfaltata;Verticale ed orizzontale;Sereno;Scarso;Buona;Sufficiente;0;0;0;4;12.6419;41.9523;-1;1;Autovettura privata;In marcia / fermata / arresto;Conducente;M;Illeso;0;;Non accertato;Inesploso
4551720;5;15/09/2019 19:35:00;Strada Urbana;VIA DI MARCO SIMONE;all'intersezione con;VIA DI CASAL BIANCO;VIA DI CASAL BIANCO;;;Scontro frontale/laterale DX fra veicoli in marcia;Rotatoria;Una carreggiata a doppio senso;Asciutto;Asfaltata;Verticale ed orizzontale;Sereno;Scarso;Buona;Sufficiente;0;0;0;4;12.6419;41.9523;-1;1;Autovettura privata;In marcia / fermata / arresto;Passeggero;F;Illeso;0;;Non accertato;Inesploso
4551720;5;15/09/2019 19:35:00;Strada Urbana;VIA DI MARCO SIMONE;all'intersezione con;VIA DI CASAL BIANCO;VIA DI CASAL BIANCO;;;Scontro frontale/laterale DX fra veicoli in marcia;Rotatoria;Una carreggiata a doppio senso;Asciutto;Asfaltata;Verticale ed orizzontale;Sereno;Scarso;Buona;Sufficiente;0;0;0;4;12.6419;41.9523;-1;1;Autovettura privata;In marcia / fermata / arresto;Passeggero;M;Illeso;0;;Non accertato;Inesploso
4551720;5;15/09/2019 19:35:00;Strada Urbana;VIA DI MARCO SIMONE;all'intersezione con;VIA DI CASAL BIANCO;VIA DI CASAL BIANCO;;;Scontro frontale/laterale DX fra veicoli in marcia;Rotatoria;Una carreggiata a doppio senso;Asciutto;Asfaltata;Verticale ed orizzontale;Sereno;Scarso;Buona;Sufficiente;0;0;0;4;12.6419;41.9523;-1;2;Autovettura privata;In marcia / fermata / arresto;Conducente;F;Illeso;0;;Non accertato;Inesploso
4551726;12;15/09/2019 12:00:00;Provinciale entro l'abitato;VIA LAURENTINA;da specificare;;;;ROTATORIA ALTEZZA VIA CASTEL DI LEVA;Scontro laterale fra veicoli in marcia;Rotatoria;Una carreggiata a senso unico di marcia;Asciutto;Asfaltata;Verticale ed orizzontale;Sereno;Scarso;Buona;Ore Diurne;0;0;0;3;12.4822;41.7882;-1;1;Autocarro inferiore 35 q.;In marcia / fermata / arresto;Conducente;M;Illeso;0;;Non accertato;Inesploso
4551726;12;15/09/2019 12:00:00;Provinciale entro l'abitato;VIA LAURENTINA;da specificare;;;;ROTATORIA ALTEZZA VIA CASTEL DI LEVA;Scontro laterale fra veicoli in marcia;Rotatoria;Una carreggiata a senso unico di marcia;Asciutto;Asfaltata;Verticale ed orizzontale;Sereno;Scarso;Buona;Ore Diurne;0;0;0;3;12.4822;41.7882;-1;1;Autocarro inferiore 35 q.;In marcia / fermata / arresto;Passeggero;M;Illeso;0;;Non accertato;Inesploso
4551726;12;15/09/2019 12:00:00;Provinciale entro l'abitato;VIA LAURENTINA;da specificare;;;;ROTATORIA ALTEZZA VIA CASTEL DI LEVA;Scontro laterale fra veicoli in marcia;Rotatoria;Una carreggiata a senso unico di marcia;Asciutto;Asfaltata;Verticale ed orizzontale;Sereno;Scarso;Buona;Ore Diurne;0;0;0;3;12.4822;41.7882;-1;2;Autovettura privata;In marcia / fermata / arresto;Conducente;M;Illeso;0;;Non accertato;Inesploso
4551732;4;15/09/2019 08:00:00;Strada Urbana;CORSO SEMPIONE;all'intersezione semaforizzata con;VIALE TIRRENO;VIALE TIRRENO;;;Scontro laterale fra veicoli in marcia;Intersezione stradale segnalata;Una carreggiata a doppio senso;Asciutto;Asfaltata;Verticale ed orizzontale;Sereno;Scarso;Buona;Ore Diurne;2;0;0;0;12.5337;41.9352;0;1;Motociclo con passeggero;In marcia / fermata / arresto;Conducente;M;Rifiuta cure immediate;0;NON DECEDUTO;Non accertato;