Protocollo;Gruppo;DataOraIncidente;Localizzazione1;STRADA1;Localizzazione2;STRADA2;Strada02;Chilometrica;DaSpecificare;NaturaIncidente;particolaritastrade;TipoStrada;FondoStradale;Pavimentazione;Segnaletica;CondizioneAtmosferica;Traffico;Visibilita;Illuminazione;NUM_FERITI;NUM_RISERVATA;NUM_MORTI;NUM_ILLESI;Longitudine;Latitudine;Confermato;Progressivo;TipoVeicolo;StatoVeicolo;TipoPersona;Sesso;Tipolesione;Deceduto;DecedutoDopo;CinturaCascoUtilizzato;Airbag;
4553335;12;16/09/2019 07:40:00;Strada Urbana;VIALE BEATA VERGINE DEL CARMELO;in corrispondenza;;del civico n.;137;;Investimento di pedone;Rettilineo;Una carreggiata a doppio senso;Asciutto;Asfaltata;Verticale ed orizzontale;Sereno;Intenso;Buona;Ore Diurne;1;0;0;2;12.44;41.8066;-1;;;;Pedone;M;Illeso;0;;;
4553335;12;16/09/2019 07:40:00;Strada Urbana;VIALE BEATA VERGINE DEL CARMELO;in corrispondenza;;del civico n.;137;;Investimento di pedone;Rettilineo;Una carreggiata a doppio senso;Asciutto;Asfaltata;Verticale ed orizzontale;Sereno;Intenso;Buona;Ore Diurne;1;0;0;2;12.44;41.8066;-1;;;;Pedone;M;Ricoverato;0;NON DECEDUTO;;
4553335;12;16/09/2019 07:40:00;Strada Urbana;VIALE BEATA VERGINE DEL CARMELO;in corrispondenza;;del civico n.;137;;Investimento di pedone;Rettilineo;Una carreggiata a doppio senso;Asciutto;Asfaltata;Verticale ed orizzontale;Sereno;Intenso;Buona;Ore Diurne;1;0;0;2;12.44;41.8066;-1;1;Autovettura privata;In marcia / fermata / arresto;Conducente;F;Illeso;0;;Utilizzato;Inesploso
4553345;4;16/09/2019 13:30:00;Strada Urbana;PIAZZA MINUCCIANO;da specificare;;;;prossimit� VIA CHIUSI;Scontro laterale fra veicoli in marcia;Rettilineo;Una carreggiata a senso unico di marcia;Asciutto;Asfaltata;Verticale ed orizzontale;Sereno;Intenso;Buona;Ore Diurne;0;0;0;2;12.5143;41.9534;-1;1;Quadriciclo leggero;In marcia / fermata / arresto;Conducente;M;Illeso;0;;Non accertato;
4553345;4;16/09/2019 13:30:00;Strada Urbana;PIAZZA MINUCCIANO;da specificare;;;;prossimit� VIA CHIUSI;Scontro laterale fra veicoli in marcia;Rettilineo;Una carreggiata a senso unico di marcia;Asciutto;Asfaltata;Verticale ed orizzontale;Sereno;Intenso;Buona;Ore Diurne;0;0;0;2;12.5143;41.9534;-1;2;Autovettura privata;In marcia / fermata / arresto;Conducente;M;Illeso;0;;Non accertato;Inesploso
4553349;18;15/09/2019 20:30:00;Strada Urbana;VIA DI BOCCEA;in corrispondenza;;del civico n.;128;;Scontro frontale/laterale SX fra veicoli in marcia;Rettilineo;Una carreggiata a doppio senso;Asciutto;Asfaltata;Verticale ed orizzontale;Sereno;Normale;Buona;Sufficiente;1;0;0;3;12.4248;41.9025;-1;1;Autovettura privata;In marcia / fermata / arresto;Conducente;M;Illeso;0;;;
4553349;18;15/09/2019 20:30:00;Strada Urbana;VIA DI BOCCEA;in corrispondenza;;del civico n.;128;;Scontro frontale/laterale SX fra veicoli in marcia;Rettilineo;Una carreggiata a doppio senso;Asciutto;Asfaltata;Verticale ed orizzontale;Sereno;Normale;Buona;Sufficiente;1;0;0;3;12.4248;41.9025;-1;1;Autovettura privata;In marcia / fermata / arresto;Passeggero;M;Illeso;0;;;
4553349;18;15/09/2019 20:30:00;Strada Urbana;VIA DI BOCCEA;in corrispondenza;;del civico n.;128;;Scontro frontale/laterale SX fra veicoli in marcia;Rettilineo;Una carreggiata a doppio senso;Asciutto;Asfaltata;Verticale ed orizzontale;Sereno;Normale;Buona;Sufficiente;1;0;0;3;12.4248;41.9025;-1;1;Autovettura privata;In marcia / fermata / arresto;Passeggero;M;Illeso;0;;;
4553349;18;15/09/2019 20:30:00;Strada Urbana;VIA DI BOCCEA;in corrispondenza;;del civico n.;128;;Scontro frontale/laterale SX fra veicoli in marcia;Rettilineo;Una carreggiata a doppio senso;Asciutto;Asfaltata;Verticale ed orizzontale;Sereno;Normale;Buona;Sufficiente;1;0;0;3;12.4248;41.9025;-1;2;Motociclo a solo;In marcia / fermata / arresto;Conducente;M;Rimandato;0;NON DECEDUTO;;
4553356;18;16/09/2019 17:00:00;Strada Urbana;VIA DI CASAL SELCE;da specificare;;;;fronte civico 391;Tamponamento;Rettilineo;Una carreggiata a doppio senso;Asciutto;Asfaltata;Assente;Sereno;Normale;Buona;Ore Diurne;1;0;0;2;12.3513;41.9124;-1;1;Autovettura privata;In marcia / fermata / arresto;Conducente;M;Illeso;0;;;
4553356;18;16/09/2019 17:00:00;Strada Urbana;VIA DI CASAL SELCE;da specificare;;;;fronte civico 391;Tamponamento;Rettilineo;Una carreggiata a doppio senso;Asciutto;Asfaltata;Assente;Sereno;Normale;Buona;Ore Diurne;1;0;0;2;12.3513;41.9124;-1;1;Autovettura privata;In marcia / fermata / arresto;Passeggero;F;Rimandato;0;NON DECEDUTO;;
4553356;18;16/09/2019 17:00:00;Strada Urbana;VIA DI CASAL SELCE;da specificare;;;;fronte civico 391;Tamponamento;Rettilineo;Una carreggiata a doppio senso;Asciutto;Asfaltata;Assente;Sereno;Normale;Buona;Ore Diurne;1;0;0;2;12.3513;41.9124;-1;2;Autobus urbano;In marcia / fermata / arresto;Conducente;M;Illeso;0;;;
4553375;18;14/09/2019 14:45:00;Statale entro l'abitato;VIA AURELIA;in prossimit�;;del civico n.;770;;Scontro laterale fra veicoli in marcia;Rettilineo;Due carreggiate;Asciutto;Asfaltata;Orizzontale;Sereno;Normale;Buona;Ore Diurne;1;0;0;1;12.4128;41.8914;-1;1;Autovettura privata;In marcia / fermata / arresto;Conducente;F;Illeso;0;;Non accertato;Inesploso
4553375;18;14/09/2019 14:45:00;Statale entro l'abitato;VIA AURELIA;in prossimit�;;del civico n.;770;;Scontro laterale fra veicoli in marcia;Rettilineo;Due carreggiate;Asciutto;Asfaltata;Orizzontale;Sereno;Normale;Buona;Ore Diurne;1;0;0;1;12.4128;41.8914;-1;2;Motociclo a solo;In marcia / fermata / arresto;Conducente;F;Rimandato;0;NON DECEDUTO;;
4553380;18;17/09/2019 07:45:00;Altra strada;VIA ALESSANDRO SEGANTI;da specificare;;;;snc;Veicolo in marcia contro ostacolo fisso;Curva a visuale libera;Una carreggiata a doppio senso;Asciutto;Asfaltata;Assente;Sereno;Scarso;Buona;Ore Diurne;1;0;0;2;12.3234;41.9062;-1;;;;Pedone;M;Rimandato;0;NON DECEDUTO;;
4553380;18;17/09/2019 07:45:00;Altra strada;VIA ALESSANDRO SEGANTI;da specificare;;;;snc;Veicolo in marcia contro ostacolo fisso;Curva a visuale libera;Una carreggiata a doppio senso;Asciutto;Asfaltata;Assente;Sereno;Scarso;Buona;Ore Diurne;1;0;0;2;12.3234;41.9062;-1;1;Autocarro inferiore 35 q.;In marcia / fermata / arresto;Conducente;F;Illeso;0;;Non accertato;Esploso
4553380;18;17/09/2019 07:45:00;Altra strada;VIA ALESSANDRO SEGANTI;da specificare;;;;snc;Veicolo in marcia contro ostacolo fisso;Curva a visuale libera;Una carreggiata a doppio senso;Asciutto;Asfaltata;Assente;Sereno;Scarso;Buona;Ore Diurne;1;0;0;2;12.3234;41.9062;-1;1;Autocarro inferiore 35 q.;In marcia / fermata / arresto;Passeggero;F;Illeso;0;;Non accertato;Inesploso
4553394;8;16/09/2019 20:00:00;Strada Urbana;VIA DELLE CERQUETE;in prossimit�;;del palo luce n.;39;;Veicolo in marcia contro ostacolo fisso;Rettilineo;Una carreggiata a doppio senso;Asciutto;Asfaltata;Assente;Sereno;Scarso;Buona;Sufficiente;0;0;0;1;12.6699;41.9136;-1;1;Autovettura privata;In marcia / fermata / arresto;Conducente;M;Illeso;0;;;
4553396;13;16/09/2019 21:10:00;Strada Urbana;VIA UMBERTO GIORDANO;in prossimit�;;del civico n.;115;;Scontro laterale fra veicoli in marcia;Rettilineo;Due carreggiate;Bagnato (pioggia);Asfaltata;Verticale ed orizzontale;Sereno;Normale;Buona;Sufficiente;1;0;0;1;12.3595;41.7424;-1;1;Motociclo con passeggero;In marcia / fermata / arresto;Conducente;M;Illeso;0;;Non accertato;
4553396;13;16/09/2019 21:10:00;Strada Urbana;VIA UMBERTO GIORDANO;in prossimit�;;del civico n.;115;;Scontro laterale fra veicoli in marcia;Rettilineo;Due carreggiate;Bagnato (pioggia);Asfaltata;Verticale ed orizzontale;Sereno;Normale;Buona;Sufficiente;1;0;0;1;12.3595;41.7424;-1;2;Motociclo con passeggero;In marcia / fermata / arresto;Conducente;M;Rimandato;0;NON DECEDUTO;Non accertato;
4553402;8;16/09/2019 11:25:00;Strada Urbana;VIA DI TORRENOVA;da specificare;;;;alt.za Via Torraccio di Torrenova;Tamponamento;Rettilineo;Una carreggiata a doppio senso;Asciutto;Asfaltata;Verticale ed orizzontale;Sereno;Normale;Sufficiente;Ore Diurne;0;0;0;2;12.6183;41.8782;0;1;Autovettura privata;In marcia / fermata / arresto;Conducente;M;Illeso;0;;Non accertato;Inesploso
4553402;8;16/09/2019 11:25:00;Strada Urbana;VIA DI TORRENOVA;da specificare;;;;alt.za Via Torraccio di Torrenova;Tamponamento;Rettilineo;Una carreggiata a doppio senso;Asciutto;Asfaltata;Verticale ed orizzontale;Sereno;Normale;Sufficiente;Ore Diurne;0;0;0;2;12.6183;41.8782;0;1;Autovettura privata;In marcia / fermata / arresto;Passeggero;M;Illeso;0;;;
4553402;8;16/09/2019 11:25:00;Strada Urbana;VIA DI TORRENOVA;da specificare;;;;alt.za Via Torraccio di Torrenova;Tamponamento;Rettilineo;Una carreggiata a doppio senso;Asciutto;Asfaltata;Verticale ed orizzontale;Sereno;Normale;Sufficiente;Ore Diurne;0;0;0;2;12.6183;41.8782;0;2;Autovettura privata;Allontanatosi;;;;;;;
4553405;8;16/09/2019 19:00:00;Strada Urbana;VIA DI TORRENOVA;in corrispondenza;;del civico n.;8/E;;Scontro laterale fra veicoli in marcia;Curva a visuale libera;Una carreggiata a senso unico di marcia;Asciutto;Asfaltata;Verticale ed orizzontale;Sereno;Normale;Buona;Ore Diurne;1;0;0;3;12.6195;41.8634;-1;1;Quadriciclo;In marcia / fermata / arresto;Conducente;F;Illeso;0;;;
4553405;8;16/09/2019 19:00:00;Strada Urbana;VIA DI TORRENOVA;in corrispondenza;;del civico n.;8/E;;Scontro laterale fra veicoli in marcia;Curva a visuale libera;Una carreggiata a senso unico di marcia;Asciutto;Asfaltata;Verticale ed orizzontale;Sereno;Normale;Buona;Ore Diurne;1;0;0;3;12.6195;41.8634;-1;1;Quadriciclo;In marcia / fermata / arresto;Passeggero;M;Illeso;0;;Non accertato;
4553405;8;16/09/2019 19:00:00;Strada Urbana;VIA DI TORRENOVA;in corrispondenza;;del civico n.;8/E;;Scontro laterale fra veicoli in marcia;Curva a visuale libera;Una carreggiata a senso unico di marcia;Asciutto;Asfaltata;Verticale ed orizzontale;Sereno;Normale;Buona;Ore Diurne;1;0;0;3;12.6195;41.8634;-1;2;Motociclo a solo;In marcia / fermata / arresto;Conducente;M;Rimandato;0;NON DECEDUTO;Non accertato;
4553405;8;16/09/2019 19:00:00;Strada Urbana;VIA DI TORRENOVA;in corrispondenza;;del civico n.;8/E;;Scontro laterale fra veicoli in marcia;Curva a visuale libera;Una carreggiata a senso unico di marcia;Asciutto;Asfaltata;Verticale ed orizzontale;Sereno;Normale;Buona;Ore Diurne;1;0;0;3;12.6195;41.8634;-1;2;Motociclo a solo;In marcia / fermata / arresto;Passeggero;F;Illeso;0;;Non accertato;
4553413;8;16/09/2019 18:00:00;Strada Urbana;VIA CASILINA;in prossimit�;;del civico n.;1294;;Tamponamento Multiplo;Rettilineo;Una carreggiata a doppio senso;Asciutto;Asfaltata;Verticale ed orizzontale;Sereno;Normale;Buona;Ore Diurne;0;0;0;3;12.6075;41.8639;-1;1;Autovettura privata;In marcia / fermata / arresto;Conducente;M;Illeso;0;;Non accertato;Inesploso
4553413;8;16/09/2019 18:00:00;Strada Urbana;VIA CASILINA;in prossimit�;;del civico n.;1294;;Tamponamento Multiplo;Rettilineo;Una carreggiata a doppio senso;Asciutto;Asfaltata;Verticale ed orizzontale;Sereno;Normale;Buona;Ore Diurne;0;0;0;3;12.6075;41.8639;-1;1;Autovettura privata;In marcia / fermata / arresto;Passeggero;M;Illeso;0;;Non accertato;Inesploso
4553413;8;16/09/2019 18:00:00;Strada Urbana;VIA CASILINA;in prossimit�;;del civico n.;1294;;Tamponamento Multiplo;Rettilineo;Una carreggiata a doppio senso;Asciutto;Asfaltata;Verticale ed orizzontale;Sereno;Normale;Buona;Ore Diurne;0;0;0;3;12.6075;41.8639;-1;2;Autovettura privata;In marcia / fermata / arresto;Conducente;F;Illeso;0;;Non accertato;Inesploso
4553413;8;16/09/2019 18:00:00;Strada Urbana;VIA CASILINA;in prossimit�;;del civico n.;1294;;Tamponamento Multiplo;Rettilineo;Una carreggiata a doppio senso;Asciutto;Asfaltata;Verticale ed orizzontale;Sereno;Normale;Buona;Ore Diurne;0;0;0;3;12.6075;41.8639;-1;3;Autovettura privata;Allontanatosi;;;;;;;
4553416;1;16/09/2019 16:15:00;Strada Urbana;VIA CAVOUR;in prossimit�;;del civico n.;6;;Scontro frontale/laterale SX fra veicoli in marcia;Rettilineo;Una carreggiata a doppio senso;Asciutto;Asfaltata;Verticale ed orizzontale;Sereno;Intenso;Buona;Ore Diurne;0;0;0;3;12.4997;41.9005;-1;1;Autovettura privata;In marcia / fermata / arresto;Conducente;F;Illeso;0;;;
4553416;1;16/09/2019 16:15:00;Strada Urbana;VIA CAVOUR;in prossimit�;;del civico n.;6;;Scontro frontale/laterale SX fra veicoli in marcia;Rettilineo;Una carreggiata a doppio senso;Asciutto;Asfaltata;Verticale ed orizzontale;Sereno;Intenso;Buona;Ore Diurne;0;0;0;3;12.4997;41.9005;-1;2;Autovettura privata;In marcia / fermata / arresto;Conducente;M;Illeso;0;;;
4553416;1;16/09/2019 16:15:00;Strada Urbana;VIA CAVOUR;in prossimit�;;del civico n.;6;;Scontro frontale/laterale SX fra veicoli in marcia;Rettilineo;Una carreggiata a doppio senso;Asciutto;Asfaltata;Verticale ed orizzontale;Sereno;Intenso;Buona;Ore Diurne;0;0;0;3;12.4997;41.9005;-1;2;Autovettura privata;In marcia / fermata / arresto;Passeggero;M;Illeso;0;;;
4553416;1;16/09/2019 16:15:00;Strada Urbana;VIA CAVOUR;in prossimit�;;del civico n.;6;;Scontro frontale/laterale SX fra veicoli in marcia;Rettilineo;Una carreggiata a doppio senso;Asciutto;Asfaltata;Verticale ed orizzontale;Sereno;Intenso;Buona;Ore Diurne;0;0;0;3;12.4997;41.9005;-1;3;Vettura tranviaria;Allontanatosi;;;;;;;
4553428;8;16/09/2019 10:48:00;Strada Urbana;VIALE OXFORD;da specificare;;;;rotatoria dir. entrata Policlinico Tor Vergata;Scontro laterale fra veicoli in marcia;Rotatoria;Due carreggiate;Asciutto;Asfaltata;Verticale ed orizzontale;Sereno;Normale;Buona;Ore Diurne;0;0;0;2;12.6274;41.8613;-1;1;Autovettura privata;In marcia / fermata / arresto;Conducente;F;Illeso;0;;Non accertato;Inesploso
4553428;8;16/09/2019 10:48:00;Strada Urbana;VIALE OXFORD;da specificare;;;;rotatoria dir. entrata Policlinico Tor Vergata;Scontro laterale fra veicoli in marcia;Rotatoria;Due carreggiate;Asciutto;Asfaltata;Verticale ed orizzontale;Sereno;Normale;Buona;Ore Diurne;0;0;0;2;12.6274;41.8613;-1;2;Autovettura privata;In marcia / fermata / arresto;Conducente;M;Illeso;0;;Non accertato;Inesploso
4553431;8;16/09/2019 17:30:00;Strada Urbana;PIAZZA DEL TORRACCIO DI TORRENOVA;in corrispondenza;;del civico n.;8;;Scontro laterale fra veicoli in marcia;Rettilineo;Una carreggiata a doppio senso;Asciutto;Asfaltata;Verticale ed orizzontale;Sereno;Intenso;Buona;Ore Diurne;0;0;0;4;12.6272;41.8672;-1;1;Autovettura privata;In marcia / fermata / arresto;Conducente;M;Illeso;0;;;
4553431;8;16/09/2019 17:30:00;Strada Urbana;PIAZZA DEL TORRACCIO DI TORRENOVA;in corrispondenza;;del civico n.;8;;Scontro laterale fra veicoli in marcia;Rettilineo;Una carreggiata a doppio senso;Asciutto;Asfaltata;Verticale ed orizzontale;Sereno;Intenso;Buona;Ore Diurne;0;0;0;4;12.6272;41.8672;-1;2;Autovettura privata;In marcia / fermata / arresto;Conducente;M;Illeso;0;;Non accertato;
4553431;8;16/09/2019 17:30:00;Strada Urbana;PIAZZA DEL TORRACCIO DI TORRENOVA;in corrispondenza;;del civico n.;8;;Scontro laterale fra veicoli in marcia;Rettilineo;Una carreggiata a doppio senso;Asciutto;Asfaltata;Verticale ed orizzontale;Sereno;Intenso;Buona;Ore Diurne;0;0;0;4;12.6272;41.8672;-1;2;Autovettura privata;In marcia / fermata / arresto;Passeggero;M;Illeso;0;;Non accertato;Inesploso
4553431;8;16/09/2019 17:30:00;Strada Urbana;PIAZZA DEL TORRACCIO DI TORRENOVA;in corrispondenza;;del civico n.;8;;Scontro laterale fra veicoli in marcia;Rettilineo;Una carreggiata a doppio senso;Asciutto;Asfaltata;Verticale ed orizzontale;Sereno;Intenso;Buona;Ore Diurne;0;0;0;4;12.6272;41.8672;-1;2;Autovettura privata;In marcia / fermata / arresto;Passeggero;F;Illeso;0;;;
4553435;8;16/09/2019 19:24:00;Strada Urbana;VIA CASILINA;all'intersezione con;VIA DEL TORRACCIO DI TORRENOVA;VIA DEL TORRACCIO DI TORRENOVA;;;Scontro frontale/laterale SX fra veicoli in marcia;Intersezione semaforizzata;Una carreggiata a senso unico di marcia;Asciutto;Asfaltata;Verticale ed orizzontale;Sereno;Intenso;Buona;Sufficiente;2;0;0;0;12.6199;41.8628;-1;1;Autovettura privata;In marcia / fermata / arresto;Conducente;M;Ricoverato;0;NON DECEDUTO;Non accertato;
4553435;8;16/09/2019 19:24:00;Strada Urbana;VIA CASILINA;all'intersezione con;VIA DEL TORRACCIO DI TORRENOVA;VIA DEL TORRACCIO DI TORRENOVA;;;Scontro frontale/laterale SX fra veicoli in marcia;Intersezione semaforizzata;Una carreggiata a senso unico di marcia;Asciutto;Asfaltata;Verticale ed orizzontale;Sereno;Intenso;Buona;Sufficiente;2;0;0;0;12.6199;41.8628;-1;2;Motociclo a solo;In marcia / fermata / arresto;Conducente;M;Ricoverato;0;NON DECEDUTO;;
4553440;8;16/09/2019 15:50:00;Strada Urbana;VIA CRISTOFANO ROBETTA;in prossimit�;;del civico n.;58;;Scontro laterale fra veicoli in marcia;Rettilineo;Una carreggiata a doppio senso;Asciutto;Asfaltata;Verticale;Sereno;Scarso;Buona;Ore Diurne;1;0;0;2;12.6257;41.8659;-1;1;Autovettura privata;In marcia / fermata / arresto;Conducente;F;Illeso;0;;;
4553440;8;16/09/2019 15:50:00;Strada Urbana;VIA CRISTOFANO ROBETTA;in prossimit�;;del civico n.;58;;Scontro laterale fra veicoli in marcia;Rettilineo;Una carreggiata a doppio senso;Asciutto;Asfaltata;Verticale;Sereno;Scarso;Buona;Ore Diurne;1;0;0;2;12.6257;41.8659;-1;1;Autovettura privata;In marcia / fermata / arresto;Passeggero;M;Illeso;0;;;
4553440;8;16/09/2019 15:50:00;Strada Urbana;VIA CRISTOFANO ROBETTA;in prossimit�;;del civico n.;58;;Scontro laterale fra veicoli in marcia;Rettilineo;Una carreggiata a doppio senso;Asciutto;Asfaltata;Verticale;Sereno;Scarso;Buona;Ore Diurne;1;0;0;2;12.6257;41.8659;-1;2;Motociclo a solo;In marcia / fermata / arresto;Passeggero;F;Rimandato;0;NON DECEDUTO;;
4553446;8;16/09/2019 21:00:00;Strada Urbana;VIA BORGHESIANA;all'intersezione con;VIA SAVOCA;VIA SAVOCA;;;Investimento di pedone;Incrocio;Una carreggiata a doppio senso;Asciutto;Asfaltata;Verticale ed orizzontale;Sereno;Normale;Buona;Insufficiente;1;0;0;1;12.6724;41.8765;-1;;;;Pedone;M;Ricoverato;0;NON DECEDUTO;;
4553446;8;16/09/2019 21:00:00;Strada Urbana;VIA BORGHESIANA;all'intersezione con;VIA SAVOCA;VIA SAVOCA;;;Investimento di pedone;Incrocio;Una carreggiata a doppio senso;Asciutto;Asfaltata;Verticale ed orizzontale;Sereno;Normale;Buona;Insufficiente;1;0;0;1;12.6724;41.8765;-1;1;Autovettura privata;In marcia / fermata / arresto;Conducente;M;Illeso;0;;;
4553468;4;16/09/2019 16:40:00;Strada Urbana;VIA NOMENTANA NUOVA;in corrispondenza;;del civico n.;fc 35;;Tamponamento;Rettilineo;Una carreggiata a doppio senso;Asciutto;Asfaltata;Verticale ed orizzontale;Sereno;Intenso;Buona;Ore Diurne;0;0;0;2;12.5115;41.9148;-1;1;Autovettura privata;In marcia / fermata / arresto;Conducente;M;Illeso;0;;;
4553468;4;16/09/2019 16:40:00;Strada Urbana;VIA NOMENTANA NUOVA;in corrispondenza;;del civico n.;fc 35;;Tamponamento;Rettilineo;Una carreggiata a doppio senso;Asciutto;Asfaltata;Verticale ed orizzontale;Sereno;Intenso;Buona;Ore Diurne;0;0;0;2;12.5115;41.9148;-1;2;Quadriciclo leggero;In marcia / fermata / arresto;Conducente;F;Illeso;0;;;
4553491;6;16/09/2019 18:30:00;Strada Urbana;VIA ANAGNI;in corrispondenza;;del civico n.;108;;Tamponamento;Rettilineo;Una carreggiata a doppio senso;Asciutto;Asfaltata;Verticale ed orizzontale;Sereno;Intenso;Buona;Ore Diurne;1;0;0;1;12.5586;41.8903;-1;1;Autovettura privata;In marcia / fermata / arresto;Conducente;F;Rifiuta cure immediate;0;NON DECEDUTO;;
4553491;6;16/09/2019 18:30:00;Strada Urbana;VIA ANAGNI;in corrispondenza;;del civico n.;108;;Tamponamento;Rettilineo;Una carreggiata a doppio senso;Asciutto;Asfaltata;Verticale ed orizzontale;Sereno;Intenso;Buona;Ore Diurne;1;0;0;1;12.5586;41.8903;-1;2;Autovettura privata;In marcia / fermata / arresto;Conducente;M;Illeso;0;;;
4553496;13;15/09/2019 05:30:00;Strada Urbana;VIA DI ACILIA;all'intersezione semaforizzata con;VIA CRISTOFORO COLOMBO;VIA CRISTOFORO COLOMBO;;;Scontro frontale/laterale SX fra veicoli in marcia;Incrocio;Una carreggiata a doppio senso;Asciutto;Asfaltata;Verticale ed orizzontale;Sereno;Scarso;Sufficiente;Ore Diurne;1;0;0;1;12.3714;41.7737;-1;1;Autovettura privata;In marcia / fermata / arresto;Conducente;M;Rimandato;0;NON DECEDUTO;Non accertato;Inesploso
4553496;13;15/09/2019 05:30:00;Strada Urbana;VIA DI ACILIA;all'intersezione semaforizzata con;VIA CRISTOFORO COLOMBO;VIA CRISTOFORO COLOMBO;;;Scontro frontale/laterale SX fra veicoli in marcia;Incrocio;Una carreggiata a doppio senso;Asciutto;Asfaltata;Verticale ed orizzontale;Sereno;Scarso;Sufficiente;Ore Diurne;1;0;0;1;12.3714;41.7737;-1;2;Autovettura privata;In marcia / fermata / arresto;Conducente;M;Illeso;0;;Non accertato;Inesploso
4553502;7;17/09/2019 09:30:00;Strada Urbana;VIA COLLATINA;in corrispondenza;;del civico n.;293;;Scontro frontale/laterale DX fra veicoli in marcia;Rettilineo;Una carreggiata a doppio senso;Asciutto;Asfaltata;Assente;Sereno;Intenso;Buona;Ore Diurne;0;0;0;3;12.5926;41.9044;-1;1;Autovettura privata;In marcia / fermata / arresto;Conducente;M;Illeso;0;;Non accertato;Inesploso
4553502;7;17/09/2019 09:30:00;Strada Urbana;VIA COLLATINA;in corrispondenza;;del civico n.;293;;Scontro frontale/laterale DX fra veicoli in marcia;Rettilineo;Una carreggiata a doppio senso;Asciutto;Asfaltata;Assente;Sereno;Intenso;Buona;Ore Diurne;0;0;0;3;12.5926;41.9044;-1;1;Autovettura privata;In marcia / fermata / arresto;Passeggero;F;Illeso;0;;Non accertato;Inesploso
4553502;7;17/09/2019 09:30:00;Strada Urbana;VIA COLLATINA;in corrispondenza;;del civico n.;293;;Scontro frontale/laterale DX fra veicoli in marcia;Rettilineo;Una carreggiata a doppio senso;Asciutto;Asfaltata;Assente;Sereno;Intenso;Buona;Ore Diurne;0;0;0;3;12.5926;41.9044;-1;2;Autovettura privata;In marcia / fermata / arresto;Conducente;M;Illeso;0;;Non accertato;Inesploso
4553530;7;17/09/2019 03:50:00;Strada Urbana;VIA DEI FAGGI;all'intersezione con;VIA DEI CASTANI;VIA DEI CASTANI;;;Scontro frontale/laterale SX fra veicoli in marcia;Incrocio;Una carreggiata a doppio senso;Asciutto;Asfaltata;Verticale ed orizzontale;Sereno;Normale;Buona;Sufficiente;0;0;0;3;12.5668;41.8841;-1;1;Autovettura privata;In marcia / fermata / arresto;Conducente;F;Illeso;0;;Non accertato;Inesploso
4553530;7;17/09/2019 03:50:00;Strada Urbana;VIA DEI FAGGI;all'intersezione con;VIA DEI CASTANI;VIA DEI CASTANI;;;Scontro frontale/laterale SX fra veicoli in marcia;Incrocio;Una carreggiata a doppio senso;Asciutto;Asfaltata;Verticale ed orizzontale;Sereno;Normale;Buona;Sufficiente;0;0;0;3;12.5668;41.8841;-1;1;Autovettura privata;In marcia / fermata / arresto;Passeggero;M;Illeso;0;;Non accertato;Inesploso
4553530;7;17/09/2019 03:50:00;Strada Urbana;VIA DEI FAGGI;all'intersezione con;VIA DEI CASTANI;VIA DEI CASTANI;;;Scontro frontale/laterale SX fra veicoli in marcia;Incrocio;Una carreggiata a doppio senso;Asciutto;Asfaltata;Verticale ed orizzontale;Sereno;Normale;Buona;Sufficiente;0;0;0;3;12.5668;41.8841;-1;2;Autovettura privata;In marcia / fermata / arresto;Conducente;F;Illeso;0;;Non accertato;Inesploso
4553559;10;17/09/2019 08:40:00;Statale;VIA APPIA NUOVA;da specificare;;;;dir. Albano altezza svincolo via di Ciampino;Scontro laterale fra veicoli in marcia;Rettilineo;Una carreggiata a senso unico di marcia;Asciutto;Asfaltata;Verticale ed orizzontale;Sereno;Intenso;Buona;Ore Diurne;2;0;0;0;12.5751;41.8097;-1;1;Autovettura privata;In marcia / fermata / arresto;Conducente;F;Rimandato;0;NON DECEDUTO;Non accertato;Inesploso
4553559;10;17/09/2019 08:40:00;Statale;VIA APPIA NUOVA;da specificare;;;;dir. Albano altezza svincolo via di Ciampino;Scontro laterale fra veicoli in marcia;Rettilineo;Una carreggiata a senso unico di marcia;Asciutto;Asfaltata;Verticale ed orizzontale;Sereno;Intenso;Buona;Ore Diurne;2;0;0;0;12.5751;41.8097;-1;2;Autocarro superiore 35 q.;In marcia / fermata / arresto;Conducente;M;Rimandato;0;NON DECEDUTO;Non accertato;Inesploso
4553590;2;16/09/2019 13:40:00;Strada Urbana;VIALE PARIOLI;in prossimit�;;del civico n.;97;;Veicolo in marcia contro veicolo in sosta;Rettilineo;Una carreggiata a doppio senso;Asciutto;Asfaltata;Verticale ed orizzontale;Sereno;Normale;Buona;Ore Diurne;0;0;0;1;12.4857;41.9291;-1;1;Autovettura privata;In marcia / fermata / arresto;Conducente;F;Illeso;0;;Non accertato;Inesploso