Protocollo;Gruppo;DataOraIncidente;Localizzazione1;STRADA1;Localizzazione2;STRADA2;Strada02;Chilometrica;DaSpecificare;NaturaIncidente;particolaritastrade;TipoStrada;FondoStradale;Pavimentazione;Segnaletica;CondizioneAtmosferica;Traffico;Visibilita;Illuminazione;NUM_FERITI;NUM_RISERVATA;NUM_MORTI;NUM_ILLESI;Longitudine;Latitudine;Confermato;Progressivo;TipoVeicolo;StatoVeicolo;TipoPersona;Sesso;Tipolesione;Deceduto;DecedutoDopo;CinturaCascoUtilizzato;Airbag;
4557241;4;18/09/2019 07:15:00;Strada Urbana;VIA FRANCESCO D'OVIDIO;in prossimit�;;del civico n.;102;;Veicolo in marcia contro veicolo in sosta;Rettilineo;Una carreggiata a senso unico di marcia;Asciutto;Asfaltata;Verticale ed orizzontale;Sereno;Scarso;Buona;Ore Diurne;0;0;0;1;12.5554;41.9456;-1;1;Autovettura privata;In marcia / fermata / arresto;Conducente;M;Illeso;0;;;
4557241;4;18/09/2019 07:15:00;Strada Urbana;VIA FRANCESCO D'OVIDIO;in prossimit�;;del civico n.;102;;Veicolo in marcia contro veicolo in sosta;Rettilineo;Una carreggiata a senso unico di marcia;Asciutto;Asfaltata;Verticale ed orizzontale;Sereno;Scarso;Buona;Ore Diurne;0;0;0;1;12.5554;41.9456;-1;2;Autovettura privata;Sosta;;;;;;;
4557256;7;18/09/2019 19:20:00;Strada Urbana;VIALE PALMIRO TOGLIATTI;all'intersezione con;VIA CASILINA;VIA CASILINA;;;Scontro frontale/laterale SX fra veicoli in marcia;Intersezione semaforizzata;Due carreggiate;Asciutto;Asfaltata;Verticale ed orizzontale;Sereno;Normale;Sufficiente;Sufficiente;3;0;0;1;12.5697;41.8741;-1;1;Autoambulanza;In marcia / fermata / arresto;Conducente;M;Rimandato;0;NON DECEDUTO;Non accertato;Inesploso
4557256;7;18/09/2019 19:20:00;Strada Urbana;VIALE PALMIRO TOGLIATTI;all'intersezione con;VIA CASILINA;VIA CASILINA;;;Scontro frontale/laterale SX fra veicoli in marcia;Intersezione semaforizzata;Due carreggiate;Asciutto;Asfaltata;Verticale ed orizzontale;Sereno;Normale;Sufficiente;Sufficiente;3;0;0;1;12.5697;41.8741;-1;1;Autoambulanza;In marcia / fermata / arresto;Passeggero;F;Illeso;0;;Non accertato;Inesploso
4557256;7;18/09/2019 19:20:00;Strada Urbana;VIALE PALMIRO TOGLIATTI;all'intersezione con;VIA CASILINA;VIA CASILINA;;;Scontro frontale/laterale SX fra veicoli in marcia;Intersezione semaforizzata;Due carreggiate;Asciutto;Asfaltata;Verticale ed orizzontale;Sereno;Normale;Sufficiente;Sufficiente;3;0;0;1;12.5697;41.8741;-1;2;Autovettura di polizia;In marcia / fermata / arresto;Conducente;M;Rimandato;0;NON DECEDUTO;Non accertato;Inesploso
4557256;7;18/09/2019 19:20:00;Strada Urbana;VIALE PALMIRO TOGLIATTI;all'intersezione con;VIA CASILINA;VIA CASILINA;;;Scontro frontale/laterale SX fra veicoli in marcia;Intersezione semaforizzata;Due carreggiate;Asciutto;Asfaltata;Verticale ed orizzontale;Sereno;Normale;Sufficiente;Sufficiente;3;0;0;1;12.5697;41.8741;-1;2;Autovettura di polizia;In marcia / fermata / arresto;Passeggero;M;Rimandato;0;NON DECEDUTO;Non accertato;Inesploso
4557278;19;19/09/2019 02:20:00;Strada Urbana;VIA DELLA STAZIONE DI OTTAVIA;in prossimit�;;del civico n.;1;;Veicolo in marcia contro veicolo in sosta;Rettilineo;Una carreggiata a senso unico di marcia;Bagnato (umidit� in atto);Asfaltata;Verticale ed orizzontale;Sereno;Scarso;Buona;Sufficiente;2;0;0;0;12.4093;41.9607;-1;1;Autovettura privata;In marcia / fermata / arresto;Conducente;F;Rimandato;0;NON DECEDUTO;Non accertato;Inesploso
4557278;19;19/09/2019 02:20:00;Strada Urbana;VIA DELLA STAZIONE DI OTTAVIA;in prossimit�;;del civico n.;1;;Veicolo in marcia contro veicolo in sosta;Rettilineo;Una carreggiata a senso unico di marcia;Bagnato (umidit� in atto);Asfaltata;Verticale ed orizzontale;Sereno;Scarso;Buona;Sufficiente;2;0;0;0;12.4093;41.9607;-1;1;Autovettura privata;In marcia / fermata / arresto;Passeggero;F;Rimandato;0;NON DECEDUTO;Non accertato;Inesploso
4557278;19;19/09/2019 02:20:00;Strada Urbana;VIA DELLA STAZIONE DI OTTAVIA;in prossimit�;;del civico n.;1;;Veicolo in marcia contro veicolo in sosta;Rettilineo;Una carreggiata a senso unico di marcia;Bagnato (umidit� in atto);Asfaltata;Verticale ed orizzontale;Sereno;Scarso;Buona;Sufficiente;2;0;0;0;12.4093;41.9607;-1;2;Autovettura privata;Sosta;;;;;;;
4557284;4;18/09/2019 11:10:00;Strada Urbana;VIALE VAL PADANA;da specificare;;;;prossimit� fronte civico 65;Scontro laterale fra veicoli in marcia;Rettilineo;Una carreggiata a doppio senso;Asciutto;Asfaltata;Assente;Sereno;Normale;Buona;Ore Diurne;0;0;0;2;12.5231;41.9426;-1;1;Autovettura privata;In marcia / fermata / arresto;Conducente;M;Illeso;0;;;
4557284;4;18/09/2019 11:10:00;Strada Urbana;VIALE VAL PADANA;da specificare;;;;prossimit� fronte civico 65;Scontro laterale fra veicoli in marcia;Rettilineo;Una carreggiata a doppio senso;Asciutto;Asfaltata;Assente;Sereno;Normale;Buona;Ore Diurne;0;0;0;2;12.5231;41.9426;-1;2;Autovettura privata;In marcia / fermata / arresto;Conducente;F;Illeso;0;;;
4557305;6;19/09/2019 08:45:00;Strada Urbana;VIALE PARTENOPE;da specificare;;;;fronte civico 16;Veicolo in marcia contro veicoli in sosta;Rettilineo;Due carreggiate;Asciutto;Asfaltata;Verticale ed orizzontale;Sole radente;Scarso;Buona;Ore Diurne;0;0;0;1;12.5511;41.8929;-1;1;Autoarticolato;In marcia / fermata / arresto;Conducente;M;Illeso;0;;Non accertato;Inesploso
4557305;6;19/09/2019 08:45:00;Strada Urbana;VIALE PARTENOPE;da specificare;;;;fronte civico 16;Veicolo in marcia contro veicoli in sosta;Rettilineo;Due carreggiate;Asciutto;Asfaltata;Verticale ed orizzontale;Sole radente;Scarso;Buona;Ore Diurne;0;0;0;1;12.5511;41.8929;-1;2;Autovettura privata;Sosta;;;;;;;
4557305;6;19/09/2019 08:45:00;Strada Urbana;VIALE PARTENOPE;da specificare;;;;fronte civico 16;Veicolo in marcia contro veicoli in sosta;Rettilineo;Due carreggiate;Asciutto;Asfaltata;Verticale ed orizzontale;Sole radente;Scarso;Buona;Ore Diurne;0;0;0;1;12.5511;41.8929;-1;3;Autovettura privata;Sosta;;;;;;;
4557305;6;19/09/2019 08:45:00;Strada Urbana;VIALE PARTENOPE;da specificare;;;;fronte civico 16;Veicolo in marcia contro veicoli in sosta;Rettilineo;Due carreggiate;Asciutto;Asfaltata;Verticale ed orizzontale;Sole radente;Scarso;Buona;Ore Diurne;0;0;0;1;12.5511;41.8929;-1;4;Autovettura privata;Sosta;;;;;;;
4557305;6;19/09/2019 08:45:00;Strada Urbana;VIALE PARTENOPE;da specificare;;;;fronte civico 16;Veicolo in marcia contro veicoli in sosta;Rettilineo;Due carreggiate;Asciutto;Asfaltata;Verticale ed orizzontale;Sole radente;Scarso;Buona;Ore Diurne;0;0;0;1;12.5511;41.8929;-1;5;Autovettura privata;Sosta;;;;;;;
4557305;6;19/09/2019 08:45:00;Strada Urbana;VIALE PARTENOPE;da specificare;;;;fronte civico 16;Veicolo in marcia contro veicoli in sosta;Rettilineo;Due carreggiate;Asciutto;Asfaltata;Verticale ed orizzontale;Sole radente;Scarso;Buona;Ore Diurne;0;0;0;1;12.5511;41.8929;-1;6;Autovettura privata;Sosta;;;;;;;
4557305;6;19/09/2019 08:45:00;Strada Urbana;VIALE PARTENOPE;da specificare;;;;fronte civico 16;Veicolo in marcia contro veicoli in sosta;Rettilineo;Due carreggiate;Asciutto;Asfaltata;Verticale ed orizzontale;Sole radente;Scarso;Buona;Ore Diurne;0;0;0;1;12.5511;41.8929;-1;7;Autovettura privata;Sosta;;;;;;;
4557311;4;18/09/2019 13:00:00;Strada Urbana;VIA DEI PRATI FISCALI;in prossimit�;;del civico n.;237;;Tamponamento;Rettilineo;Due carreggiate;Asciutto;Asfaltata;Verticale ed orizzontale;Sereno;Intenso;Buona;Ore Diurne;1;0;0;1;12.5173;41.9461;-1;1;Autovettura privata;In marcia / fermata / arresto;Conducente;M;Illeso;0;;;
4557311;4;18/09/2019 13:00:00;Strada Urbana;VIA DEI PRATI FISCALI;in prossimit�;;del civico n.;237;;Tamponamento;Rettilineo;Due carreggiate;Asciutto;Asfaltata;Verticale ed orizzontale;Sereno;Intenso;Buona;Ore Diurne;1;0;0;1;12.5173;41.9461;-1;2;Motociclo a solo;In marcia / fermata / arresto;Conducente;M;Rimandato;0;NON DECEDUTO;;
4557324;17;18/09/2019 07:50:00;Strada Urbana;VIA ANDREA DORIA;all'intersezione semaforizzata con;VIA TUNISI;VIA TUNISI;;;Tamponamento;Intersezione semaforizzata;Una carreggiata a doppio senso;Asciutto;Asfaltata;Verticale ed orizzontale;Sereno;Normale;Buona;Ore Diurne;1;0;0;0;12.452;41.9097;-1;1;Motociclo a solo;In marcia / fermata / arresto;Conducente;F;Rimandato;0;NON DECEDUTO;Non accertato;
4557361;6;18/09/2019 18:00:00;Strada Urbana;VIA VISCONTE MAGGIOLO;all'intersezione con;VIA DELLA MARRANELLA;VIA DELLA MARRANELLA;;;Scontro frontale/laterale SX fra veicoli in marcia;Intersezione stradale segnalata;Una carreggiata a senso unico di marcia;Asciutto;Asfaltata;Verticale;Sereno;Normale;Buona;Ore Diurne;0;0;0;3;12.5423;41.8833;-1;1;Autovettura privata;In marcia / fermata / arresto;Conducente;M;Illeso;0;;;
4557361;6;18/09/2019 18:00:00;Strada Urbana;VIA VISCONTE MAGGIOLO;all'intersezione con;VIA DELLA MARRANELLA;VIA DELLA MARRANELLA;;;Scontro frontale/laterale SX fra veicoli in marcia;Intersezione stradale segnalata;Una carreggiata a senso unico di marcia;Asciutto;Asfaltata;Verticale;Sereno;Normale;Buona;Ore Diurne;0;0;0;3;12.5423;41.8833;-1;1;Autovettura privata;In marcia / fermata / arresto;Passeggero;F;Illeso;0;;;
4557361;6;18/09/2019 18:00:00;Strada Urbana;VIA VISCONTE MAGGIOLO;all'intersezione con;VIA DELLA MARRANELLA;VIA DELLA MARRANELLA;;;Scontro frontale/laterale SX fra veicoli in marcia;Intersezione stradale segnalata;Una carreggiata a senso unico di marcia;Asciutto;Asfaltata;Verticale;Sereno;Normale;Buona;Ore Diurne;0;0;0;3;12.5423;41.8833;-1;2;Autovettura privata;In marcia / fermata / arresto;Conducente;F;Illeso;0;;;
4557369;16;18/09/2019 08:50:00;Strada Urbana;VIA DI BRAVA;in prossimit�;;del civico n.;116/a;;Veicolo in marcia contro ostacolo fisso;Curva a visuale libera;Una carreggiata a doppio senso;Asciutto;Asfaltata;Assente;Sereno;Normale;Buona;Ore Diurne;1;0;0;0;12.3816;41.8709;-1;1;Autovettura privata;In marcia / fermata / arresto;Conducente;F;Rimandato;0;NON DECEDUTO;Non accertato;Inesploso
4557379;12;18/09/2019 17:40:00;Strada Urbana;VIALE DON PASQUINO BORGHI;all'intersezione con;VIA BRUNO BRANDELLERO;VIA BRUNO BRANDELLERO;;;Tamponamento Multiplo;Incrocio;Due carreggiate;Asciutto;Asfaltata;Verticale;Sereno;Scarso;Buona;Ore Diurne;1;0;0;4;12.4491;41.8063;-1;1;Autovettura privata;In marcia / fermata / arresto;Conducente;M;Illeso;0;;;
4557379;12;18/09/2019 17:40:00;Strada Urbana;VIALE DON PASQUINO BORGHI;all'intersezione con;VIA BRUNO BRANDELLERO;VIA BRUNO BRANDELLERO;;;Tamponamento Multiplo;Incrocio;Due carreggiate;Asciutto;Asfaltata;Verticale;Sereno;Scarso;Buona;Ore Diurne;1;0;0;4;12.4491;41.8063;-1;2;Autovettura privata;In marcia / fermata / arresto;Conducente;F;Rimandato;0;NON DECEDUTO;;
4557379;12;18/09/2019 17:40:00;Strada Urbana;VIALE DON PASQUINO BORGHI;all'intersezione con;VIA BRUNO BRANDELLERO;VIA BRUNO BRANDELLERO;;;Tamponamento Multiplo;Incrocio;Due carreggiate;Asciutto;Asfaltata;Verticale;Sereno;Scarso;Buona;Ore Diurne;1;0;0;4;12.4491;41.8063;-1;2;Autovettura privata;In marcia / fermata / arresto;Passeggero;F;Illeso;0;;;
4557379;12;18/09/2019 17:40:00;Strada Urbana;VIALE DON PASQUINO BORGHI;all'intersezione con;VIA BRUNO BRANDELLERO;VIA BRUNO BRANDELLERO;;;Tamponamento Multiplo;Incrocio;Due carreggiate;Asciutto;Asfaltata;Verticale;Sereno;Scarso;Buona;Ore Diurne;1;0;0;4;12.4491;41.8063;-1;3;Autobus urbano;In marcia / fermata / arresto;Conducente;M;Illeso;0;;;
4557379;12;18/09/2019 17:40:00;Strada Urbana;VIALE DON PASQUINO BORGHI;all'intersezione con;VIA BRUNO BRANDELLERO;VIA BRUNO BRANDELLERO;;;Tamponamento Multiplo;Incrocio;Due carreggiate;Asciutto;Asfaltata;Verticale;Sereno;Scarso;Buona;Ore Diurne;1;0;0;4;12.4491;41.8063;-1;3;Autobus urbano;In marcia / fermata / arresto;Passeggero;F;Illeso;0;;;
4557393;16;18/09/2019 21:00:00;Strada Urbana;VIA DI BRAVETTA;da specificare;;;;fronte civico 620;Veicolo in marcia contro veicolo in sosta;Rettilineo;Una carreggiata a doppio senso;Bagnato (pioggia);Asfaltata;Verticale ed orizzontale;Pioggia in atto;Normale;Buona;Sufficiente;0;0;0;1;12.4223;41.8673;-1;1;Autovettura privata;Sosta;;;;;;;
4557393;16;18/09/2019 21:00:00;Strada Urbana;VIA DI BRAVETTA;da specificare;;;;fronte civico 620;Veicolo in marcia contro veicolo in sosta;Rettilineo;Una carreggiata a doppio senso;Bagnato (pioggia);Asfaltata;Verticale ed orizzontale;Pioggia in atto;Normale;Buona;Sufficiente;0;0;0;1;12.4223;41.8673;-1;2;Autovettura privata;In marcia / fermata / arresto;Conducente;F;Illeso;0;;Non accertato;
4557397;1;18/09/2019 18:30:00;Strada Urbana;PIAZZA DI S. ANDREA DELLA VALLE;all'intersezione semaforizzata con;CORSO VITTORIO EMANUELE II;CORSO VITTORIO EMANUELE II;;;Investimento di pedone;Intersezione semaforizzata;Una carreggiata a doppio senso;Asciutto;In cubetti di porfido;Verticale ed orizzontale;Sereno;Intenso;Buona;Ore Diurne;0;0;0;2;12.4745;41.8967;-1;;;;Pedone;M;Illeso;0;;;
4557397;1;18/09/2019 18:30:00;Strada Urbana;PIAZZA DI S. ANDREA DELLA VALLE;all'intersezione semaforizzata con;CORSO VITTORIO EMANUELE II;CORSO VITTORIO EMANUELE II;;;Investimento di pedone;Intersezione semaforizzata;Una carreggiata a doppio senso;Asciutto;In cubetti di porfido;Verticale ed orizzontale;Sereno;Intenso;Buona;Ore Diurne;0;0;0;2;12.4745;41.8967;-1;1;Autobus urbano;In marcia / fermata / arresto;Conducente;M;Illeso;0;;;
4557407;16;18/09/2019 22:00:00;Strada Urbana;PIAZZA S. GIOVANNI DI DIO;da specificare;;;;fronte civico 6;Scontro laterale fra veicoli in marcia;Rettilineo;Due carreggiate;Bagnato (pioggia);Asfaltata;Verticale;Pioggia in atto;Normale;Buona;Sufficiente;0;0;0;2;12.4467;41.8744;-1;1;Autovettura privata;In marcia / fermata / arresto;Conducente;M;Illeso;0;;Non accertato;
4557407;16;18/09/2019 22:00:00;Strada Urbana;PIAZZA S. GIOVANNI DI DIO;da specificare;;;;fronte civico 6;Scontro laterale fra veicoli in marcia;Rettilineo;Due carreggiate;Bagnato (pioggia);Asfaltata;Verticale;Pioggia in atto;Normale;Buona;Sufficiente;0;0;0;2;12.4467;41.8744;-1;2;Autovettura privata;In marcia / fermata / arresto;Conducente;F;Illeso;0;;Non accertato;
4557410;9;13/09/2019 07:50:00;Strada Urbana;VIA ALFREDO BACCARINI;in corrispondenza;;del civico n.;11;;Investimento di pedone;Rettilineo;Una carreggiata a doppio senso;Asciutto;Asfaltata;Assente;Sereno;Normale;Buona;Ore Diurne;1;0;0;1;12.517;41.8748;-1;;;;Pedone;F;Rimandato;0;NON DECEDUTO;;
4557410;9;13/09/2019 07:50:00;Strada Urbana;VIA ALFREDO BACCARINI;in corrispondenza;;del civico n.;11;;Investimento di pedone;Rettilineo;Una carreggiata a doppio senso;Asciutto;Asfaltata;Assente;Sereno;Normale;Buona;Ore Diurne;1;0;0;1;12.517;41.8748;-1;1;Motociclo a solo;In marcia / fermata / arresto;Conducente;M;Illeso;0;;;
4557438;4;18/09/2019 15:20:00;Strada Urbana;VIA RENATO FUCINI;in corrispondenza;;del civico n.;91;;Scontro frontale/laterale DX fra veicoli in marcia;Rettilineo;Due carreggiate;Asciutto;Asfaltata;Assente;Sereno;Normale;Buona;Ore Diurne;0;0;0;2;12.548;41.9516;-1;1;Autovettura privata;In marcia / fermata / arresto;Conducente;F;Illeso;0;;;
4557438;4;18/09/2019 15:20:00;Strada Urbana;VIA RENATO FUCINI;in corrispondenza;;del civico n.;91;;Scontro frontale/laterale DX fra veicoli in marcia;Rettilineo;Due carreggiate;Asciutto;Asfaltata;Assente;Sereno;Normale;Buona;Ore Diurne;0;0;0;2;12.548;41.9516;-1;2;Autovettura privata;In marcia / fermata / arresto;Conducente;M;Illeso;0;;;
4557461;18;18/09/2019 16:35:00;Strada Urbana;VIA DI BOCCEA;in prossimit�;;del civico n.;78;;Scontro laterale fra veicoli in marcia;Rettilineo;Una carreggiata a doppio senso;Asciutto;Asfaltata;Verticale ed orizzontale;Sereno;Normale;Buona;Ore Diurne;0;0;0;3;12.3588;41.9277;-1;1;Autovettura privata;In marcia / fermata / arresto;Conducente;M;Illeso;0;;;
4557461;18;18/09/2019 16:35:00;Strada Urbana;VIA DI BOCCEA;in prossimit�;;del civico n.;78;;Scontro laterale fra veicoli in marcia;Rettilineo;Una carreggiata a doppio senso;Asciutto;Asfaltata;Verticale ed orizzontale;Sereno;Normale;Buona;Ore Diurne;0;0;0;3;12.3588;41.9277;-1;1;Autovettura privata;In marcia / fermata / arresto;Passeggero;F;Illeso;0;;;
4557461;18;18/09/2019 16:35:00;Strada Urbana;VIA DI BOCCEA;in prossimit�;;del civico n.;78;;Scontro laterale fra veicoli in marcia;Rettilineo;Una carreggiata a doppio senso;Asciutto;Asfaltata;Verticale ed orizzontale;Sereno;Normale;Buona;Ore Diurne;0;0;0;3;12.3588;41.9277;-1;2;Motociclo a solo;In marcia / fermata / arresto;Conducente;M;Illeso;0;;;
4557480;2;18/09/2019 08:10:00;Strada Urbana;VIALE TIZIANO;in prossimit�;;del civico n.;72;;Scontro frontale/laterale DX fra veicoli in marcia;Rettilineo;Una carreggiata a senso unico di marcia;Asciutto;Asfaltata;Orizzontale;Sereno;Scarso;Buona;Ore Diurne;1;0;0;1;12.4693;41.9305;-1;1;Autovettura privata;In marcia / fermata / arresto;Conducente;M;Illeso;0;;Non accertato;Inesploso
4557480;2;18/09/2019 08:10:00;Strada Urbana;VIALE TIZIANO;in prossimit�;;del civico n.;72;;Scontro frontale/laterale DX fra veicoli in marcia;Rettilineo;Una carreggiata a senso unico di marcia;Asciutto;Asfaltata;Orizzontale;Sereno;Scarso;Buona;Ore Diurne;1;0;0;1;12.4693;41.9305;-1;2;Ciclomotore;In marcia / fermata / arresto;Conducente;M;Rimandato;0;NON DECEDUTO;Non accertato;
4557480;2;18/09/2019 08:10:00;Strada Urbana;VIALE TIZIANO;in prossimit�;;del civico n.;72;;Scontro frontale/laterale DX fra veicoli in marcia;Rettilineo;Una carreggiata a senso unico di marcia;Asciutto;Asfaltata;Orizzontale;Sereno;Scarso;Buona;Ore Diurne;1;0;0;1;12.4693;41.9305;-1;3;Autovettura privata;Sosta;;;;;;;
4557483;2;18/09/2019 10:55:00;Strada Urbana;VIA SALARIA;all'intersezione semaforizzata con;VIA RUBICONE;VIA RUBICONE;;;Scontro frontale/laterale DX fra veicoli in marcia;Incrocio;Una carreggiata a senso unico di marcia;Asciutto;Asfaltata;Verticale ed orizzontale;Sereno;Intenso;Buona;Ore Diurne;1;0;0;1;12.5141;41.9923;-1;1;Autovettura privata;In marcia / fermata / arresto;Conducente;M;Illeso;0;;Non accertato;Inesploso
4557483;2;18/09/2019 10:55:00;Strada Urbana;VIA SALARIA;all'intersezione semaforizzata con;VIA RUBICONE;VIA RUBICONE;;;Scontro frontale/laterale DX fra veicoli in marcia;Incrocio;Una carreggiata a senso unico di marcia;Asciutto;Asfaltata;Verticale ed orizzontale;Sereno;Intenso;Buona;Ore Diurne;1;0;0;1;12.5141;41.9923;-1;2;Motociclo a solo;In marcia / fermata / arresto;Conducente;M;Rifiuta cure immediate;0;NON DECEDUTO;;
4557485;2;18/09/2019 12:50:00;Strada Urbana;LUNGOTEVERE FLAMINIO;all'intersezione semaforizzata con;PONTE DUCA D'AOSTA;PONTE DUCA D'AOSTA;;;Tamponamento;Incrocio;Due carreggiate;Asciutto;Asfaltata;Verticale ed orizzontale;Sereno;Normale;Buona;Ore Diurne;1;0;0;1;12.4661;41.9238;-1;1;Motociclo a solo;In marcia / fermata / arresto;Conducente;M;Illeso;0;;Non accertato;
4557485;2;18/09/2019 12:50:00;Strada Urbana;LUNGOTEVERE FLAMINIO;all'intersezione semaforizzata con;PONTE DUCA D'AOSTA;PONTE DUCA D'AOSTA;;;Tamponamento;Incrocio;Due carreggiate;Asciutto;Asfaltata;Verticale ed orizzontale;Sereno;Normale;Buona;Ore Diurne;1;0;0;1;12.4661;41.9238;-1;2;Motociclo a solo;In marcia / fermata / arresto;Conducente;M;Rimandato;0;NON DECEDUTO;Non accertato;
4557487;2;18/09/2019 13:15:00;Strada Urbana;VIA SALARIA;in prossimit�;;del civico n.;400;;Tamponamento Multiplo;Rettilineo;Una carreggiata a doppio senso;Asciutto;Asfaltata;Orizzontale;Sereno;Normale;Buona;Ore Diurne;1;0;0;2;12.5073;41.9284;-1;1;Autovettura privata;In marcia / fermata / arresto;Conducente;M;Illeso;0;;Non accertato;Inesploso
4557487;2;18/09/2019 13:15:00;Strada Urbana;VIA SALARIA;in prossimit�;;del civico n.;400;;Tamponamento Multiplo;Rettilineo;Una carreggiata a doppio senso;Asciutto;Asfaltata;Orizzontale;Sereno;Normale;Buona;Ore Diurne;1;0;0;2;12.5073;41.9284;-1;2;Autovettura privata;In marcia / fermata / arresto;Conducente;F;Rimandato;0;NON DECEDUTO;;
4557487;2;18/09/2019 13:15:00;Strada Urbana;VIA SALARIA;in prossimit�;;del civico n.;400;;Tamponamento Multiplo;Rettilineo;Una carreggiata a doppio senso;Asciutto;Asfaltata;Orizzontale;Sereno;Normale;Buona;Ore Diurne;1;0;0;2;12.5073;41.9284;-1;3;Autovettura privata;In marcia / fermata / arresto;Conducente;M;Illeso;0;;;
4557489;2;18/09/2019 17:40:00;Strada Urbana;VIA DI S. COSTANZA;da specificare;;;;fronte via Bolzano;Tamponamento;Rotatoria;Una carreggiata a senso unico di marcia;Asciutto;Asfaltata;Verticale ed orizzontale;Sereno;Normale;Buona;Ore Diurne;1;0;0;1;12.5151;41.9223;-1;1;Autovettura privata;In marcia / fermata / arresto;Conducente;M;Illeso;0;;Non accertato;Inesploso
4557489;2;18/09/2019 17:40:00;Strada Urbana;VIA DI S. COSTANZA;da specificare;;;;fronte via Bolzano;Tamponamento;Rotatoria;Una carreggiata a senso unico di marcia;Asciutto;Asfaltata;Verticale ed orizzontale;Sereno;Normale;Buona;Ore Diurne;1;0;0;1;12.5151;41.9223;-1;2;Motociclo a solo;In marcia / fermata / arresto;Conducente;M;Rimandato;0;NON DECEDUTO;;
4557499;12;19/09/2019 07:40:00;Strada Urbana;VIA DEI RADIOTELEGRAFISTI;da specificare;;;;prossimit� Via dei Corazzieri;Scontro laterale fra veicoli in marcia;Rettilineo;Una carreggiata a doppio senso;Bagnato (umidit� in atto);Asfaltata;Verticale ed orizzontale;Nuvoloso;Normale;Buona;Ore Diurne;0;0;0;6;12.4813;41.8246;-1;1;Autovettura privata;In marcia / fermata / arresto;Conducente;F;Illeso;0;;Non accertato;Inesploso
4557499;12;19/09/2019 07:40:00;Strada Urbana;VIA DEI RADIOTELEGRAFISTI;da specificare;;;;prossimit� Via dei Corazzieri;Scontro laterale fra veicoli in marcia;Rettilineo;Una carreggiata a doppio senso;Bagnato (umidit� in atto);Asfaltata;Verticale ed orizzontale;Nuvoloso;Normale;Buona;Ore Diurne;0;0;0;6;12.4813;41.8246;-1;1;Autovettura privata;In marcia / fermata / arresto;Passeggero;F;Illeso;0;;Non accertato;Inesploso
4557499;12;19/09/2019 07:40:00;Strada Urbana;VIA DEI RADIOTELEGRAFISTI;da specificare;;;;prossimit� Via dei Corazzieri;Scontro laterale fra veicoli in marcia;Rettilineo;Una carreggiata a doppio senso;Bagnato (umidit� in atto);Asfaltata;Verticale ed orizzontale;Nuvoloso;Normale;Buona;Ore Diurne;0;0;0;6;12.4813;41.8246;-1;2;Autovettura privata;In marcia / fermata / arresto;Conducente;F;Illeso;0;;Non accertato;Inesploso
4557499;12;19/09/2019 07:40:00;Strada Urbana;VIA DEI RADIOTELEGRAFISTI;da specificare;;;;prossimit� Via dei Corazzieri;Scontro laterale fra veicoli in marcia;Rettilineo;Una carreggiata a doppio senso;Bagnato (umidit� in atto);Asfaltata;Verticale ed orizzontale;Nuvoloso;Normale;Buona;Ore Diurne;0;0;0;6;12.4813;41.8246;-1;2;Autovettura privata;In marcia / fermata / arresto;Passeggero;M;Illeso;0;;Non accertato;Inesploso
4557499;12;19/09/2019 07:40:00;Strada Urbana;VIA DEI RADIOTELEGRAFISTI;da specificare;;;;prossimit� Via dei Corazzieri;Scontro laterale fra veicoli in marcia;Rettilineo;Una carreggiata a doppio senso;Bagnato (umidit� in atto);Asfaltata;Verticale ed orizzontale;Nuvoloso;Normale;Buona;Ore Diurne;0;0;0;6;12.4813;41.8246;-1;2;Autovettura privata;In marcia / fermata / arresto;Passeggero;M;Illeso;0;;Non accertato;Inesploso
4557499;12;19/09/2019 07:40:00;Strada Urbana;VIA DEI RADIOTELEGRAFISTI;da specificare;;;;prossimit� Via dei Corazzieri;Scontro laterale fra veicoli in marcia;Rettilineo;Una carreggiata a doppio senso;Bagnato (umidit� in atto);Asfaltata;Verticale ed orizzontale;Nuvoloso;Normale;Buona;Ore Diurne;0;0;0;6;12.4813;41.8246;-1;2;Autovettura privata;In marcia / fermata / arresto;Passeggero;F;Illeso;0;;Non accertato;Inesploso
4557508;12;19/09/2019 08:20:00;Strada Urbana;VIALE CARLO LEVI;da specificare;;;;prossimit� Sottovia V.C.Colombo dir. V.di Decima;Tamponamento;Pendenza;Due carreggiate;Bagnato (umidit� in atto);Asfaltata;Verticale ed orizzontale;Nuvoloso;Normale;Buona;Ore Diurne;0;0;0;2;12.4613;41.8148;-1;1;Autovettura privata;In marcia / fermata / arresto;Conducente;F;Illeso;0;;Non accertato;Inesploso
4557508;12;19/09/2019 08:20:00;Strada Urbana;VIALE CARLO LEVI;da specificare;;;;prossimit� Sottovia V.C.Colombo dir. V.di Decima;Tamponamento;Pendenza;Due carreggiate;Bagnato (umidit� in atto);Asfaltata;Verticale ed orizzontale;Nuvoloso;Normale;Buona;Ore Diurne;0;0;0;2;12.4613;41.8148;-1;2;Autobus di linea;In marcia / fermata / arresto;Conducente;M;Illeso;0;;Non accertato;Inesploso