Protocollo;Gruppo;DataOraIncidente;Localizzazione1;STRADA1;Localizzazione2;STRADA2;Strada02;Chilometrica;DaSpecificare;NaturaIncidente;particolaritastrade;TipoStrada;FondoStradale;Pavimentazione;Segnaletica;CondizioneAtmosferica;Traffico;Visibilita;Illuminazione;NUM_FERITI;NUM_RISERVATA;NUM_MORTI;NUM_ILLESI;Longitudine;Latitudine;Confermato;Progressivo;TipoVeicolo;StatoVeicolo;TipoPersona;Sesso;Tipolesione;Deceduto;DecedutoDopo;CinturaCascoUtilizzato;Airbag;
4561260;12;20/09/2019 17:40:00;Strada Urbana;VIA DELLE COSTELLAZIONI;all'intersezione con;VIA CATERINA TROIANI;VIA CATERINA TROIANI;;;Scontro frontale/laterale SX fra veicoli in marcia;Incrocio;Una carreggiata a doppio senso;Asciutto;Asfaltata;Verticale ed orizzontale;Sereno;Normale;Buona;Ore Diurne;0;0;0;4;12.4502;41.8122;-1;3;Autovettura privata;In marcia / fermata / arresto;Conducente;F;Illeso;0;;Non accertato;Inesploso
4561262;17;20/09/2019 20:35:00;Strada Urbana;PIAZZA DEL RISORGIMENTO;all'intersezione con;VIALE DEI BASTIONI DI MICHELANGELO;VIALE DEI BASTIONI DI MICHELANGELO;;;Scontro laterale fra veicoli in marcia;Rotatoria;Una carreggiata a senso unico di marcia;Asciutto;Asfaltata;Orizzontale;Sereno;Normale;Sufficiente;Sufficiente;0;0;0;2;12.4566;41.9063;-1;1;Autovettura privata;In marcia / fermata / arresto;Conducente;M;Illeso;0;;;
4561262;17;20/09/2019 20:35:00;Strada Urbana;PIAZZA DEL RISORGIMENTO;all'intersezione con;VIALE DEI BASTIONI DI MICHELANGELO;VIALE DEI BASTIONI DI MICHELANGELO;;;Scontro laterale fra veicoli in marcia;Rotatoria;Una carreggiata a senso unico di marcia;Asciutto;Asfaltata;Orizzontale;Sereno;Normale;Sufficiente;Sufficiente;0;0;0;2;12.4566;41.9063;-1;2;Autovettura privata;In marcia / fermata / arresto;Conducente;M;Illeso;0;;;
4561313;12;21/09/2019 11:35:00;Strada Urbana;VIALE OCEANO ATLANTICO ;all'intersezione con;VIA RHODESIA;VIA RHODESIA;;;Scontro laterale fra veicoli in marcia;Incrocio;Due carreggiate;Asciutto;Asfaltata;Verticale ed orizzontale;Sereno;Normale;Buona;Ore Diurne;0;0;0;5;12.4705;41.8201;-1;1;Autovettura privata;In marcia / fermata / arresto;Conducente;F;Illeso;0;;Non accertato;Inesploso
4561313;12;21/09/2019 11:35:00;Strada Urbana;VIALE OCEANO ATLANTICO ;all'intersezione con;VIA RHODESIA;VIA RHODESIA;;;Scontro laterale fra veicoli in marcia;Incrocio;Due carreggiate;Asciutto;Asfaltata;Verticale ed orizzontale;Sereno;Normale;Buona;Ore Diurne;0;0;0;5;12.4705;41.8201;-1;1;Autovettura privata;In marcia / fermata / arresto;Passeggero;M;Illeso;0;;Non accertato;Inesploso
4561313;12;21/09/2019 11:35:00;Strada Urbana;VIALE OCEANO ATLANTICO ;all'intersezione con;VIA RHODESIA;VIA RHODESIA;;;Scontro laterale fra veicoli in marcia;Incrocio;Due carreggiate;Asciutto;Asfaltata;Verticale ed orizzontale;Sereno;Normale;Buona;Ore Diurne;0;0;0;5;12.4705;41.8201;-1;1;Autovettura privata;In marcia / fermata / arresto;Passeggero;M;Illeso;0;;Utilizzato;Inesploso
4561313;12;21/09/2019 11:35:00;Strada Urbana;VIALE OCEANO ATLANTICO ;all'intersezione con;VIA RHODESIA;VIA RHODESIA;;;Scontro laterale fra veicoli in marcia;Incrocio;Due carreggiate;Asciutto;Asfaltata;Verticale ed orizzontale;Sereno;Normale;Buona;Ore Diurne;0;0;0;5;12.4705;41.8201;-1;1;Autovettura privata;In marcia / fermata / arresto;Passeggero;M;Illeso;0;;Utilizzato;Inesploso
4561313;12;21/09/2019 11:35:00;Strada Urbana;VIALE OCEANO ATLANTICO ;all'intersezione con;VIA RHODESIA;VIA RHODESIA;;;Scontro laterale fra veicoli in marcia;Incrocio;Due carreggiate;Asciutto;Asfaltata;Verticale ed orizzontale;Sereno;Normale;Buona;Ore Diurne;0;0;0;5;12.4705;41.8201;-1;2;Autovettura privata;In marcia / fermata / arresto;Conducente;F;Illeso;0;;Non accertato;Inesploso
4561313;12;21/09/2019 11:35:00;Strada Urbana;VIALE OCEANO ATLANTICO ;all'intersezione con;VIA RHODESIA;VIA RHODESIA;;;Scontro laterale fra veicoli in marcia;Incrocio;Due carreggiate;Asciutto;Asfaltata;Verticale ed orizzontale;Sereno;Normale;Buona;Ore Diurne;0;0;0;5;12.4705;41.8201;-1;3;Autovettura privata;Sosta;;;;;;;
4561390;15;21/09/2019 07:25:00;Strada Urbana;VIALE ISACCO NEWTON;da specificare;;;;rampa immissione  prov Magliana dir Via Portuense;Infortunio per sola frenata improvvisa;Curva senza visuale libera;Una carreggiata a senso unico di marcia;Asciutto;Asfaltata;Assente;Sereno;Normale;Buona;Ore Diurne;1;0;0;0;12.4427;41.8481;-1;1;Motociclo a solo;In marcia / fermata / arresto;Conducente;M;Rimandato;0;NON DECEDUTO;Utilizzato;
4561393;15;21/09/2019 11:05:00;Strada Urbana;VIA BORGHESANO LUCCHESE;all'intersezione semaforizzata con;VIA ODERISI DA GUBBIO;VIA ODERISI DA GUBBIO;;;Scontro laterale fra veicoli in marcia;Incrocio;Una carreggiata a doppio senso;Asciutto;Asfaltata;Verticale ed orizzontale;Sereno;Normale;Buona;Ore Diurne;0;0;0;2;12.4674;41.8671;-1;1;Autovettura privata;In marcia / fermata / arresto;Conducente;F;Illeso;0;;Utilizzato;Inesploso
4561393;15;21/09/2019 11:05:00;Strada Urbana;VIA BORGHESANO LUCCHESE;all'intersezione semaforizzata con;VIA ODERISI DA GUBBIO;VIA ODERISI DA GUBBIO;;;Scontro laterale fra veicoli in marcia;Incrocio;Una carreggiata a doppio senso;Asciutto;Asfaltata;Verticale ed orizzontale;Sereno;Normale;Buona;Ore Diurne;0;0;0;2;12.4674;41.8671;-1;2;Autocarro inferiore 35 q.;In marcia / fermata / arresto;Conducente;F;Illeso;0;;Utilizzato;Inesploso
4561412;13;20/09/2019 21:00:00;Strada Urbana;VIA DI MACCHIA SAPONARA;da specificare;;;;altezza Via Borzaga;Scontro frontale/laterale DX fra veicoli in marcia;Rettilineo;Una carreggiata a doppio senso;Asciutto;Asfaltata;Verticale ed orizzontale;Sereno;Normale;Sufficiente;Sufficiente;1;0;0;1;12.3531;41.7747;-1;1;Autovettura privata;In marcia / fermata / arresto;Conducente;M;Illeso;0;;Non accertato;Inesploso
4561412;13;20/09/2019 21:00:00;Strada Urbana;VIA DI MACCHIA SAPONARA;da specificare;;;;altezza Via Borzaga;Scontro frontale/laterale DX fra veicoli in marcia;Rettilineo;Una carreggiata a doppio senso;Asciutto;Asfaltata;Verticale ed orizzontale;Sereno;Normale;Sufficiente;Sufficiente;1;0;0;1;12.3531;41.7747;-1;2;Motociclo a solo;In marcia / fermata / arresto;Conducente;M;Ricoverato;0;NON DECEDUTO;Non accertato;
4561413;13;21/09/2019;Strada Urbana;VIA ERMANNO CARLOTTO;in corrispondenza;;del civico n.;22;;Veicolo in marcia contro veicolo in sosta;Rettilineo;Due carreggiate;Asciutto;Asfaltata;Verticale ed orizzontale;Sereno;Normale;Buona;Ore Diurne;0;0;0;0;12.2876;41.733;-1;2;Autovettura privata;Sosta;;;;;;;
4561417;17;20/09/2019 23:17:00;Strada Urbana;VIA CIPRO;all'intersezione con;VIALE DEGLI AMMIRAGLI;VIALE DEGLI AMMIRAGLI;;;Scontro frontale fra veicoli in marcia;Intersezione semaforizzata;Due carreggiate;Asciutto;Asfaltata;Verticale ed orizzontale;Sereno;Normale;Sufficiente;Sufficiente;1;0;0;1;12.4448;41.9054;-1;1;Autovettura privata;In marcia / fermata / arresto;Conducente;M;Illeso;0;;;
4561417;17;20/09/2019 23:17:00;Strada Urbana;VIA CIPRO;all'intersezione con;VIALE DEGLI AMMIRAGLI;VIALE DEGLI AMMIRAGLI;;;Scontro frontale fra veicoli in marcia;Intersezione semaforizzata;Due carreggiate;Asciutto;Asfaltata;Verticale ed orizzontale;Sereno;Normale;Sufficiente;Sufficiente;1;0;0;1;12.4448;41.9054;-1;2;Motociclo a solo;In marcia / fermata / arresto;Conducente;M;Rimandato;0;NON DECEDUTO;;
4561432;17;21/09/2019 08:00:00;Strada Urbana;PIAZZA DELLA LIBERTA';da specificare;;;;Fronte civico 20/B;Veicolo in marcia contro veicolo in sosta;Rettilineo;Una carreggiata a senso unico di marcia;Asciutto;Asfaltata;Verticale ed orizzontale;Sereno;Scarso;Buona;Ore Diurne;0;0;0;0;12.4707;41.9093;0;2;Autovettura privata;Sosta;;;;;;;
4561439;4;20/09/2019 08:00:00;Strada Urbana;CORSO SEMPIONE;da specificare;;;;altezza Viale Tirreno dir. Roma Centro;Scontro laterale fra veicoli in marcia;Rettilineo;Una carreggiata a doppio senso;Asciutto;Asfaltata;Verticale ed orizzontale;Sereno;Intenso;Buona;Ore Diurne;0;0;0;2;12.5342;41.9354;-1;1;Autovettura privata;In marcia / fermata / arresto;Conducente;M;Illeso;0;;;
4561439;4;20/09/2019 08:00:00;Strada Urbana;CORSO SEMPIONE;da specificare;;;;altezza Viale Tirreno dir. Roma Centro;Scontro laterale fra veicoli in marcia;Rettilineo;Una carreggiata a doppio senso;Asciutto;Asfaltata;Verticale ed orizzontale;Sereno;Intenso;Buona;Ore Diurne;0;0;0;2;12.5342;41.9354;-1;2;Autovettura privata;In marcia / fermata / arresto;Conducente;F;Illeso;0;;;
4561456;4;20/09/2019 21:30:00;Strada Urbana;VIA UGO OJETTI;da specificare;;;;Fronte civico 6A;Veicolo in marcia contro veicoli in sosta;Rettilineo;Due carreggiate;Asciutto;Asfaltata;Verticale ed orizzontale;Sereno;Normale;Buona;Sufficiente;0;0;0;1;12.5546;41.947;-1;1;Autovettura privata;In marcia / fermata / arresto;Conducente;M;Illeso;0;;Non accertato;Inesploso
4561456;4;20/09/2019 21:30:00;Strada Urbana;VIA UGO OJETTI;da specificare;;;;Fronte civico 6A;Veicolo in marcia contro veicoli in sosta;Rettilineo;Due carreggiate;Asciutto;Asfaltata;Verticale ed orizzontale;Sereno;Normale;Buona;Sufficiente;0;0;0;1;12.5546;41.947;-1;2;Autovettura privata;Sosta;;;;;;;
4561456;4;20/09/2019 21:30:00;Strada Urbana;VIA UGO OJETTI;da specificare;;;;Fronte civico 6A;Veicolo in marcia contro veicoli in sosta;Rettilineo;Due carreggiate;Asciutto;Asfaltata;Verticale ed orizzontale;Sereno;Normale;Buona;Sufficiente;0;0;0;1;12.5546;41.947;-1;3;Autocarro inferiore 35 q.;Sosta;;;;;;;
4561464;4;20/09/2019 09:30:00;Statale;VIA SALARIA;da specificare;;;;a 300m Urbe direzione Roma;Tamponamento;Rettilineo;Due carreggiate;Asciutto;Asfaltata;Orizzontale;Sereno;Normale;Buona;Ore Diurne;1;0;0;1;12.5141;41.9923;-1;1;Motociclo a solo;In marcia / fermata / arresto;Conducente;M;Rimandato;0;NON DECEDUTO;;
4561464;4;20/09/2019 09:30:00;Statale;VIA SALARIA;da specificare;;;;a 300m Urbe direzione Roma;Tamponamento;Rettilineo;Due carreggiate;Asciutto;Asfaltata;Orizzontale;Sereno;Normale;Buona;Ore Diurne;1;0;0;1;12.5141;41.9923;-1;2;Autocarro inferiore 35 q.;In marcia / fermata / arresto;Conducente;M;Illeso;0;;;
4561491;10;21/09/2019 15:45:00;Strada Urbana;VIALE DEI CONSOLI;all'intersezione semaforizzata con;VIA SCRIBONIO CURIONE;VIA SCRIBONIO CURIONE;;;Scontro laterale fra veicoli in marcia;Intersezione semaforizzata;Due carreggiate;Asciutto;Asfaltata;Verticale ed orizzontale;Sereno;Normale;Buona;Ore Diurne;0;0;0;4;12.554;41.8635;-1;1;Autovettura privata;In marcia / fermata / arresto;Conducente;M;Illeso;0;;Non accertato;Esploso
4561491;10;21/09/2019 15:45:00;Strada Urbana;VIALE DEI CONSOLI;all'intersezione semaforizzata con;VIA SCRIBONIO CURIONE;VIA SCRIBONIO CURIONE;;;Scontro laterale fra veicoli in marcia;Intersezione semaforizzata;Due carreggiate;Asciutto;Asfaltata;Verticale ed orizzontale;Sereno;Normale;Buona;Ore Diurne;0;0;0;4;12.554;41.8635;-1;1;Autovettura privata;In marcia / fermata / arresto;Passeggero;M;Illeso;0;;Non accertato;Esploso
4561491;10;21/09/2019 15:45:00;Strada Urbana;VIALE DEI CONSOLI;all'intersezione semaforizzata con;VIA SCRIBONIO CURIONE;VIA SCRIBONIO CURIONE;;;Scontro laterale fra veicoli in marcia;Intersezione semaforizzata;Due carreggiate;Asciutto;Asfaltata;Verticale ed orizzontale;Sereno;Normale;Buona;Ore Diurne;0;0;0;4;12.554;41.8635;-1;1;Autovettura privata;In marcia / fermata / arresto;Passeggero;F;Illeso;0;;Non accertato;Esploso
4561491;10;21/09/2019 15:45:00;Strada Urbana;VIALE DEI CONSOLI;all'intersezione semaforizzata con;VIA SCRIBONIO CURIONE;VIA SCRIBONIO CURIONE;;;Scontro laterale fra veicoli in marcia;Intersezione semaforizzata;Due carreggiate;Asciutto;Asfaltata;Verticale ed orizzontale;Sereno;Normale;Buona;Ore Diurne;0;0;0;4;12.554;41.8635;-1;2;Autovettura privata;In marcia / fermata / arresto;Conducente;M;Illeso;0;;Non accertato;Inesploso
4561492;11;21/09/2019 15:00:00;Strada Urbana;VIA OSTIENSE;in prossimit�;;del civico n.;31;;Scontro laterale fra veicoli in marcia;Rettilineo;Pi� di due carreggiate;Asciutto;Asfaltata;Verticale ed orizzontale;Sereno;Normale;Buona;Ore Diurne;2;0;0;3;12.4807;41.8743;-1;1;Motociclo con passeggero;In marcia / fermata / arresto;Conducente;M;Rimandato;0;NON DECEDUTO;Non accertato;
4561492;11;21/09/2019 15:00:00;Strada Urbana;VIA OSTIENSE;in prossimit�;;del civico n.;31;;Scontro laterale fra veicoli in marcia;Rettilineo;Pi� di due carreggiate;Asciutto;Asfaltata;Verticale ed orizzontale;Sereno;Normale;Buona;Ore Diurne;2;0;0;3;12.4807;41.8743;-1;1;Motociclo con passeggero;In marcia / fermata / arresto;Passeggero;F;Rimandato;0;NON DECEDUTO;Non accertato;
4561492;11;21/09/2019 15:00:00;Strada Urbana;VIA OSTIENSE;in prossimit�;;del civico n.;31;;Scontro laterale fra veicoli in marcia;Rettilineo;Pi� di due carreggiate;Asciutto;Asfaltata;Verticale ed orizzontale;Sereno;Normale;Buona;Ore Diurne;2;0;0;3;12.4807;41.8743;-1;2;Motociclo a solo;In marcia / fermata / arresto;Conducente;M;Illeso;0;;Non accertato;
4561492;11;21/09/2019 15:00:00;Strada Urbana;VIA OSTIENSE;in prossimit�;;del civico n.;31;;Scontro laterale fra veicoli in marcia;Rettilineo;Pi� di due carreggiate;Asciutto;Asfaltata;Verticale ed orizzontale;Sereno;Normale;Buona;Ore Diurne;2;0;0;3;12.4807;41.8743;-1;3;Autovettura privata;In marcia / fermata / arresto;Conducente;M;Illeso;0;;Non accertato;Inesploso
4561492;11;21/09/2019 15:00:00;Strada Urbana;VIA OSTIENSE;in prossimit�;;del civico n.;31;;Scontro laterale fra veicoli in marcia;Rettilineo;Pi� di due carreggiate;Asciutto;Asfaltata;Verticale ed orizzontale;Sereno;Normale;Buona;Ore Diurne;2;0;0;3;12.4807;41.8743;-1;3;Autovettura privata;In marcia / fermata / arresto;Passeggero;F;Illeso;0;;Non accertato;Inesploso
4561495;4;20/09/2019 13:00:00;Strada Urbana;VIALE JONIO;in prossimit�;;del civico n.;270;;Investimento di pedone;Rettilineo;Due carreggiate;Asciutto;Asfaltata;Verticale ed orizzontale;Sereno;Normale;Buona;Ore Diurne;1;0;0;1;12.5311;41.9459;-1;;;;Pedone;M;Rimandato;0;NON DECEDUTO;;
4561495;4;20/09/2019 13:00:00;Strada Urbana;VIALE JONIO;in prossimit�;;del civico n.;270;;Investimento di pedone;Rettilineo;Due carreggiate;Asciutto;Asfaltata;Verticale ed orizzontale;Sereno;Normale;Buona;Ore Diurne;1;0;0;1;12.5311;41.9459;-1;1;Autovettura privata;In marcia / fermata / arresto;Conducente;M;Illeso;0;;;
4561533;4;21/09/2019 01:30:00;Strada Urbana;VIA DELLA BUFALOTTA;in corrispondenza;;del civico n.;1 a;;Investimento di pedone;Rettilineo;Una carreggiata a doppio senso;Asciutto;Asfaltata;Verticale ed orizzontale;Sereno;Scarso;Sufficiente;Sufficiente;1;0;0;1;12.5383;41.9455;-1;;;;Pedone;M;Rimandato;0;NON DECEDUTO;;
4561533;4;21/09/2019 01:30:00;Strada Urbana;VIA DELLA BUFALOTTA;in corrispondenza;;del civico n.;1 a;;Investimento di pedone;Rettilineo;Una carreggiata a doppio senso;Asciutto;Asfaltata;Verticale ed orizzontale;Sereno;Scarso;Sufficiente;Sufficiente;1;0;0;1;12.5383;41.9455;-1;1;Autovettura privata;In marcia / fermata / arresto;Conducente;M;Illeso;0;;Non accertato;Inesploso
4561548;3;19/09/2019 16:00:00;Strada Urbana;VIA LUCCA;in corrispondenza;;del civico n.;11;;Veicolo in marcia contro veicolo in sosta;Rettilineo;Una carreggiata a doppio senso;Asciutto;Asfaltata;Orizzontale;Nuvoloso;Scarso;Buona;Ore Diurne;0;0;0;1;12.5176;41.9091;-1;1;Autovettura privata;Sosta;;;;;;;
4561548;3;19/09/2019 16:00:00;Strada Urbana;VIA LUCCA;in corrispondenza;;del civico n.;11;;Veicolo in marcia contro veicolo in sosta;Rettilineo;Una carreggiata a doppio senso;Asciutto;Asfaltata;Orizzontale;Nuvoloso;Scarso;Buona;Ore Diurne;0;0;0;1;12.5176;41.9091;-1;2;Motociclo a solo;In marcia / fermata / arresto;Conducente;M;Illeso;0;;;
4561551;3;20/09/2019 14:30:00;Strada Urbana;VIA DEI SABELLI;in prossimit�;;del civico n.;109;;Investimento di pedone;Rettilineo;Una carreggiata a senso unico di marcia;Asciutto;Asfaltata;Orizzontale;Sereno;Normale;Buona;Ore Diurne;1;0;0;1;12.5159;41.8974;-1;;;;Pedone;M;Ricoverato;0;NON DECEDUTO;;
4561551;3;20/09/2019 14:30:00;Strada Urbana;VIA DEI SABELLI;in prossimit�;;del civico n.;109;;Investimento di pedone;Rettilineo;Una carreggiata a senso unico di marcia;Asciutto;Asfaltata;Orizzontale;Sereno;Normale;Buona;Ore Diurne;1;0;0;1;12.5159;41.8974;-1;1;Autovettura privata;In marcia / fermata / arresto;Conducente;M;Illeso;0;;Non accertato;
4561559;3;20/09/2019 14:55:00;Strada Urbana;VIA NOMENTANA;all'intersezione semaforizzata con;VIA LAZZARO SPALLANZANI;VIA LAZZARO SPALLANZANI;;;Scontro laterale fra veicoli in marcia;Intersezione semaforizzata;Pi� di due carreggiate;Asciutto;Asfaltata;Orizzontale;Sereno;Normale;Buona;Ore Diurne;1;0;0;1;12.5087;41.9142;-1;1;Motociclo a solo;In marcia / fermata / arresto;Conducente;M;Rimandato;0;NON DECEDUTO;Non accertato;
4561559;3;20/09/2019 14:55:00;Strada Urbana;VIA NOMENTANA;all'intersezione semaforizzata con;VIA LAZZARO SPALLANZANI;VIA LAZZARO SPALLANZANI;;;Scontro laterale fra veicoli in marcia;Intersezione semaforizzata;Pi� di due carreggiate;Asciutto;Asfaltata;Orizzontale;Sereno;Normale;Buona;Ore Diurne;1;0;0;1;12.5087;41.9142;-1;2;Ciclomotore;In marcia / fermata / arresto;Conducente;F;Illeso;0;;Non accertato;
4561569;4;21/09/2019 01:00:00;Strada Urbana;VIA MONTE CERVIALTO;in corrispondenza;;del civico n.;fr 98;;Veicolo in marcia contro ostacolo fisso;Rettilineo;Due carreggiate;Asciutto;Asfaltata;Verticale ed orizzontale;Sereno;Scarso;Buona;Sufficiente;0;0;0;0;12.5232;41.9541;-1;1;Autovettura privata;In marcia / fermata / arresto;;;;;;;
4561589;13;21/09/2019 01:30:00;Strada Urbana;VIA DI DRAGONE;in corrispondenza;;del civico n.;190;;Scontro laterale fra veicoli in marcia;Rettilineo;Una carreggiata a doppio senso;Asciutto;Asfaltata;Assente;Sereno;Normale;Buona;Ore Diurne;0;0;0;3;12.3353;41.7801;-1;1;Autovettura privata;In marcia / fermata / arresto;Conducente;M;Illeso;0;;Non accertato;Inesploso
4561589;13;21/09/2019 01:30:00;Strada Urbana;VIA DI DRAGONE;in corrispondenza;;del civico n.;190;;Scontro laterale fra veicoli in marcia;Rettilineo;Una carreggiata a doppio senso;Asciutto;Asfaltata;Assente;Sereno;Normale;Buona;Ore Diurne;0;0;0;3;12.3353;41.7801;-1;2;Autovettura privata;In marcia / fermata / arresto;Conducente;F;Illeso;0;;Non accertato;Inesploso
4561589;13;21/09/2019 01:30:00;Strada Urbana;VIA DI DRAGONE;in corrispondenza;;del civico n.;190;;Scontro laterale fra veicoli in marcia;Rettilineo;Una carreggiata a doppio senso;Asciutto;Asfaltata;Assente;Sereno;Normale;Buona;Ore Diurne;0;0;0;3;12.3353;41.7801;-1;2;Autovettura privata;In marcia / fermata / arresto;Passeggero;F;Illeso;0;;Non accertato;Inesploso
4561596;10;21/09/2019 18:00:00;Strada Urbana;VIALE TITO LABIENO;all'intersezione semaforizzata con;VIA QUINTILIO VARO;VIA QUINTILIO VARO;;;Scontro laterale fra veicoli in marcia;Intersezione semaforizzata;Una carreggiata a senso unico di marcia;Asciutto;Asfaltata;Verticale ed orizzontale;Sereno;Normale;Buona;Ore Diurne;0;0;0;4;12.5664;41.8528;-1;1;Autovettura privata;In marcia / fermata / arresto;Conducente;M;Illeso;0;;Non accertato;Inesploso
4561596;10;21/09/2019 18:00:00;Strada Urbana;VIALE TITO LABIENO;all'intersezione semaforizzata con;VIA QUINTILIO VARO;VIA QUINTILIO VARO;;;Scontro laterale fra veicoli in marcia;Intersezione semaforizzata;Una carreggiata a senso unico di marcia;Asciutto;Asfaltata;Verticale ed orizzontale;Sereno;Normale;Buona;Ore Diurne;0;0;0;4;12.5664;41.8528;-1;1;Autovettura privata;In marcia / fermata / arresto;Passeggero;M;Illeso;0;;Non accertato;Inesploso
4561596;10;21/09/2019 18:00:00;Strada Urbana;VIALE TITO LABIENO;all'intersezione semaforizzata con;VIA QUINTILIO VARO;VIA QUINTILIO VARO;;;Scontro laterale fra veicoli in marcia;Intersezione semaforizzata;Una carreggiata a senso unico di marcia;Asciutto;Asfaltata;Verticale ed orizzontale;Sereno;Normale;Buona;Ore Diurne;0;0;0;4;12.5664;41.8528;-1;2;Autovettura privata;In marcia / fermata / arresto;Conducente;M;Illeso;0;;Non accertato;Inesploso
4561596;10;21/09/2019 18:00:00;Strada Urbana;VIALE TITO LABIENO;all'intersezione semaforizzata con;VIA QUINTILIO VARO;VIA QUINTILIO VARO;;;Scontro laterale fra veicoli in marcia;Intersezione semaforizzata;Una carreggiata a senso unico di marcia;Asciutto;Asfaltata;Verticale ed orizzontale;Sereno;Normale;Buona;Ore Diurne;0;0;0;4;12.5664;41.8528;-1;2;Autovettura privata;In marcia / fermata / arresto;Passeggero;F;Illeso;0;;Non accertato;Inesploso
4562195;13;21/09/2019 20:25:00;Strada Urbana;VIA DOBBIACO;all'intersezione con;VIA LAVARONE;VIA LAVARONE;;;Scontro frontale/laterale DX fra veicoli in marcia;Incrocio;Una carreggiata a doppio senso;Asciutto;Asfaltata;Verticale;Sereno;Normale;Buona;Sufficiente;1;0;0;1;12.3773;41.7259;-1;1;Autovettura privata;In marcia / fermata / arresto;Conducente;F;Rimandato;0;NON DECEDUTO;Non accertato;Esploso
4562195;13;21/09/2019 20:25:00;Strada Urbana;VIA DOBBIACO;all'intersezione con;VIA LAVARONE;VIA LAVARONE;;;Scontro frontale/laterale DX fra veicoli in marcia;Incrocio;Una carreggiata a doppio senso;Asciutto;Asfaltata;Verticale;Sereno;Normale;Buona;Sufficiente;1;0;0;1;12.3773;41.7259;-1;2;Autovettura privata;In marcia / fermata / arresto;Conducente;M;Illeso;0;;;
4562197;13;21/09/2019 16:45:00;;LUNGOMARE AMERIGO VESPUCCI;in corrispondenza;;del civico n.;50;;Tamponamento;;;;;;;;;;1;0;0;2;12.3275;41.7096;0;1;Motociclo con passeggero;In marcia / fermata / arresto;Conducente;M;Illeso;0;;;
4562197;13;21/09/2019 16:45:00;;LUNGOMARE AMERIGO VESPUCCI;in corrispondenza;;del civico n.;50;;Tamponamento;;;;;;;;;;1;0;0;2;12.3275;41.7096;0;1;Motociclo con passeggero;In marcia / fermata / arresto;Passeggero;F;Rimandato;0;NON DECEDUTO;;
4562197;13;21/09/2019 16:45:00;;LUNGOMARE AMERIGO VESPUCCI;in corrispondenza;;del civico n.;50;;Tamponamento;;;;;;;;;;1;0;0;2;12.3275;41.7096;0;2;Autovettura privata;In marcia / fermata / arresto;Conducente;M;Illeso;0;;;
4562210;20;21/09/2019 16:10:00;Strada Urbana;VIA DELLA STAZIONE DI GROTTAROSSA;in corrispondenza;;del civico n.;1068;;Veicolo in marcia contro ostacolo accidentale;Rettilineo;Una carreggiata a doppio senso;Asciutto;Con buche;Assente;Sereno;Scarso;Buona;Ore Diurne;0;0;0;3;12.4923;41.9668;-1;1;Autovettura privata;In marcia / fermata / arresto;Conducente;M;Illeso;0;;Non accertato;
4562210;20;21/09/2019 16:10:00;Strada Urbana;VIA DELLA STAZIONE DI GROTTAROSSA;in corrispondenza;;del civico n.;1068;;Veicolo in marcia contro ostacolo accidentale;Rettilineo;Una carreggiata a doppio senso;Asciutto;Con buche;Assente;Sereno;Scarso;Buona;Ore Diurne;0;0;0;3;12.4923;41.9668;-1;1;Autovettura privata;In marcia / fermata / arresto;Passeggero;F;Illeso;0;;Non accertato;
4562210;20;21/09/2019 16:10:00;Strada Urbana;VIA DELLA STAZIONE DI GROTTAROSSA;in corrispondenza;;del civico n.;1068;;Veicolo in marcia contro ostacolo accidentale;Rettilineo;Una carreggiata a doppio senso;Asciutto;Con buche;Assente;Sereno;Scarso;Buona;Ore Diurne;0;0;0;3;12.4923;41.9668;-1;1;Autovettura privata;In marcia / fermata / arresto;Passeggero;F;Illeso;0;;Non accertato;
4562227;11;21/09/2019 16:00:00;Strada Urbana;VIA OSTIENSE;in prossimit�;;del civico n.;31;;Veicolo in marcia contro veicolo in sosta;Rettilineo;Pi� di due carreggiate;Asciutto;Asfaltata;Verticale ed orizzontale;Sereno;Normale;Buona;Ore Diurne;0;0;0;1;12.4808;41.8742;-1;1;Autobus turistico;In marcia / fermata / arresto;Conducente;M;Illeso;0;;Non accertato;
4562227;11;21/09/2019 16:00:00;Strada Urbana;VIA OSTIENSE;in prossimit�;;del civico n.;31;;Veicolo in marcia contro veicolo in sosta;Rettilineo;Pi� di due carreggiate;Asciutto;Asfaltata;Verticale ed orizzontale;Sereno;Normale;Buona;Ore Diurne;0;0;0;1;12.4808;41.8742;-1;2;Motociclo a solo;Sosta;;;;;;;
4562272;10;21/09/2019 09:20:00;Strada Urbana;VIA APPIA PIGNATELLI;all'intersezione con;VIA ELIO ANDRISCO;VIA ELIO ANDRISCO;;;Scontro frontale fra veicoli in marcia;Incrocio;Una carreggiata a doppio senso;Asciutto;Asfaltata;Verticale ed orizzontale;Sereno;Scarso;Buona;Ore Diurne;1;0;0;1;12.5423;41.8422;-1;1;Autovettura privata;In marcia / fermata / arresto;Conducente;F;Illeso;0;;Non accertato;Inesploso
4562272;10;21/09/2019 09:20:00;Strada Urbana;VIA APPIA PIGNATELLI;all'intersezione con;VIA ELIO ANDRISCO;VIA ELIO ANDRISCO;;;Scontro frontale fra veicoli in marcia;Incrocio;Una carreggiata a doppio senso;Asciutto;Asfaltata;Verticale ed orizzontale;Sereno;Scarso;Buona;Ore Diurne;1;0;0;1;12.5423;41.8422;-1;2;Motociclo a solo;In marcia / fermata / arresto;Conducente;M;Rimandato;0;NON DECEDUTO;Non accertato;