Protocollo;Gruppo;DataOraIncidente;Localizzazione1;STRADA1;Localizzazione2;STRADA2;Strada02;Chilometrica;DaSpecificare;NaturaIncidente;particolaritastrade;TipoStrada;FondoStradale;Pavimentazione;Segnaletica;CondizioneAtmosferica;Traffico;Visibilita;Illuminazione;NUM_FERITI;NUM_RISERVATA;NUM_MORTI;NUM_ILLESI;Longitudine;Latitudine;Confermato;Progressivo;TipoVeicolo;StatoVeicolo;TipoPersona;Sesso;Tipolesione;Deceduto;DecedutoDopo;CinturaCascoUtilizzato;Airbag;
4563472;5;20/09/2019 09:30:00;Strada Urbana;VIA GIUSEPPE DONATI;all'intersezione con;VIA DI CASAL BRUCIATO;VIA DI CASAL BRUCIATO;;;Veicolo in marcia contro veicoli in sosta;Intersezione non regolata/non segnalata;Una carreggiata a doppio senso;Asciutto;Asfaltata;Verticale ed orizzontale;Sereno;Intenso;Buona;Ore Diurne;0;0;0;1;12.5469;41.9065;-1;2;Autovettura privata;Sosta;;;;;;;
4563472;5;20/09/2019 09:30:00;Strada Urbana;VIA GIUSEPPE DONATI;all'intersezione con;VIA DI CASAL BRUCIATO;VIA DI CASAL BRUCIATO;;;Veicolo in marcia contro veicoli in sosta;Intersezione non regolata/non segnalata;Una carreggiata a doppio senso;Asciutto;Asfaltata;Verticale ed orizzontale;Sereno;Intenso;Buona;Ore Diurne;0;0;0;1;12.5469;41.9065;-1;3;Autovettura privata;Sosta;;;;;;;
4563497;2;22/09/2019 10:15:00;Strada Urbana;VIALE DEL MURO TORTO;da specificare;;;;dir. P.le Flaminio ;Veicolo in marcia contro ostacolo fisso;Curva a visuale libera;Due carreggiate;Bagnato (pioggia);Asfaltata;Orizzontale;Pioggia in atto;Scarso;Buona;Ore Diurne;1;0;0;0;12.4808;41.9131;-1;1;Autovettura privata;In marcia / fermata / arresto;Conducente;M;Rimandato;0;NON DECEDUTO;;
4563503;13;22/09/2019 20:50:00;Strada Urbana;LARGO DEL CAPELVENERE;da specificare;;;;civ. 2 - interno area pedonale;Veicolo in marcia contro ostacolo fisso;Pianeggiante;Una carreggiata a senso unico di marcia;Asciutto;Lastricata;Assente;Sereno;Normale;Buona;Sufficiente;0;0;0;1;12.3604;41.7845;-1;1;Autovettura privata;In marcia / fermata / arresto;Conducente;M;Illeso;0;;Non accertato;Inesploso
4563508;2;22/09/2019 12:20:00;Strada Urbana;VIALE DEL MURO TORTO;da specificare;;;;dir. P.le Brasile alt. palo Acea 17;Veicolo in marcia contro ostacolo fisso;Curva senza visuale libera;Due carreggiate;Bagnato (pioggia);Asfaltata;Verticale ed orizzontale;Pioggia in atto;Normale;Buona;Ore Diurne;0;0;0;1;12.4817;41.9107;-1;1;Autovettura privata;In marcia / fermata / arresto;Conducente;M;Illeso;0;;;
4563510;11;21/09/2019 12:05:00;Strada Urbana;VIALE GIUSTINIANO IMPERATORE;in prossimit�;;del civico n.;34;;Veicolo in marcia contro veicolo in sosta;Rettilineo;Una carreggiata a senso unico di marcia;Asciutto;Asfaltata;Verticale ed orizzontale;Sereno;Scarso;Buona;Ore Diurne;0;0;0;1;12.4793;41.8565;-1;1;Autovettura privata;In marcia / fermata / arresto;Conducente;M;Illeso;0;;;
4563510;11;21/09/2019 12:05:00;Strada Urbana;VIALE GIUSTINIANO IMPERATORE;in prossimit�;;del civico n.;34;;Veicolo in marcia contro veicolo in sosta;Rettilineo;Una carreggiata a senso unico di marcia;Asciutto;Asfaltata;Verticale ed orizzontale;Sereno;Scarso;Buona;Ore Diurne;0;0;0;1;12.4793;41.8565;-1;2;Autovettura privata;Sosta;;;;;;;
4563514;1;20/09/2019 14:10:00;Strada Urbana;VIA DRUSO;da specificare;;;;palo acea 2;Tamponamento;Rettilineo;Una carreggiata a doppio senso;Asciutto;Asfaltata;Orizzontale;Sereno;Intenso;Buona;Ore Diurne;1;0;0;1;12.4972;41.8812;-1;1;Motociclo a solo;In marcia / fermata / arresto;Conducente;M;Rimandato;0;NON DECEDUTO;Non accertato;
4563514;1;20/09/2019 14:10:00;Strada Urbana;VIA DRUSO;da specificare;;;;palo acea 2;Tamponamento;Rettilineo;Una carreggiata a doppio senso;Asciutto;Asfaltata;Orizzontale;Sereno;Intenso;Buona;Ore Diurne;1;0;0;1;12.4972;41.8812;-1;2;Autovettura privata;In marcia / fermata / arresto;Conducente;M;Illeso;0;;Non accertato;Inesploso
4563518;10;22/09/2019 15:30:00;Strada Urbana;VIA TUSCOLANA;da specificare;;;;diR. RM Centro laterale pross. sotto ponte GRA;Veicolo in marcia contro ostacolo fisso;Curva senza visuale libera;Una carreggiata a senso unico di marcia;Bagnato (pioggia);Asfaltata;Orizzontale;Pioggia in atto;Normale;Buona;Ore Diurne;0;0;0;1;12.5919;41.8397;-1;1;Autovettura privata;In marcia / fermata / arresto;Conducente;F;Illeso;0;;Non accertato;Esploso
4563528;17;22/09/2019 18:40:00;;VIA DI PORTA CASTELLO;in prossimit�;;del civico n.;44;;Scontro laterale fra veicoli in marcia;;;;;;;;;;0;0;0;2;12.4635;41.9035;0;1;Autovettura privata;In marcia / fermata / arresto;Conducente;M;Illeso;0;;;
4563528;17;22/09/2019 18:40:00;;VIA DI PORTA CASTELLO;in prossimit�;;del civico n.;44;;Scontro laterale fra veicoli in marcia;;;;;;;;;;0;0;0;2;12.4635;41.9035;0;2;Motociclo a solo;In marcia / fermata / arresto;Conducente;M;Illeso;0;;;
4563529;20;22/09/2019 12:30:00;Strada Urbana;VIA FLAMINIA;in prossimit�;;del civico n.;867;;Veicolo in marcia contro veicolo fermo;Rettilineo;Due carreggiate;Bagnato (pioggia);Asfaltata;Verticale ed orizzontale;Pioggia in atto;Normale;Insufficiente;Ore Diurne;0;0;0;2;12.4814;41.9524;-1;1;Autobus turistico;In marcia / fermata / arresto;Conducente;M;Illeso;0;;Non accertato;
4563529;20;22/09/2019 12:30:00;Strada Urbana;VIA FLAMINIA;in prossimit�;;del civico n.;867;;Veicolo in marcia contro veicolo fermo;Rettilineo;Due carreggiate;Bagnato (pioggia);Asfaltata;Verticale ed orizzontale;Pioggia in atto;Normale;Insufficiente;Ore Diurne;0;0;0;2;12.4814;41.9524;-1;2;Autovettura privata;In marcia / fermata / arresto;Conducente;M;Illeso;0;;Non accertato;
4563543;7;22/09/2019 02:10:00;Strada Urbana;VIA CASILINA;in corrispondenza;;del civico n.;101;;Scontro laterale fra veicoli in marcia;Rettilineo;Due carreggiate;Asciutto;Asfaltata;Verticale ed orizzontale;Sereno;Scarso;Sufficiente;Sufficiente;1;0;0;4;12.522;41.8884;-1;1;Autovettura privata;In marcia / fermata / arresto;Conducente;M;Illeso;0;;;
4563543;7;22/09/2019 02:10:00;Strada Urbana;VIA CASILINA;in corrispondenza;;del civico n.;101;;Scontro laterale fra veicoli in marcia;Rettilineo;Due carreggiate;Asciutto;Asfaltata;Verticale ed orizzontale;Sereno;Scarso;Sufficiente;Sufficiente;1;0;0;4;12.522;41.8884;-1;1;Autovettura privata;In marcia / fermata / arresto;Passeggero;M;Illeso;0;;;
4563543;7;22/09/2019 02:10:00;Strada Urbana;VIA CASILINA;in corrispondenza;;del civico n.;101;;Scontro laterale fra veicoli in marcia;Rettilineo;Due carreggiate;Asciutto;Asfaltata;Verticale ed orizzontale;Sereno;Scarso;Sufficiente;Sufficiente;1;0;0;4;12.522;41.8884;-1;1;Autovettura privata;In marcia / fermata / arresto;Passeggero;M;Illeso;0;;Non accertato;Inesploso
4563543;7;22/09/2019 02:10:00;Strada Urbana;VIA CASILINA;in corrispondenza;;del civico n.;101;;Scontro laterale fra veicoli in marcia;Rettilineo;Due carreggiate;Asciutto;Asfaltata;Verticale ed orizzontale;Sereno;Scarso;Sufficiente;Sufficiente;1;0;0;4;12.522;41.8884;-1;2;Motociclo a solo;In marcia / fermata / arresto;Conducente;M;Rimandato;0;NON DECEDUTO;;
4563543;7;22/09/2019 02:10:00;Strada Urbana;VIA CASILINA;in corrispondenza;;del civico n.;101;;Scontro laterale fra veicoli in marcia;Rettilineo;Due carreggiate;Asciutto;Asfaltata;Verticale ed orizzontale;Sereno;Scarso;Sufficiente;Sufficiente;1;0;0;4;12.522;41.8884;-1;2;Motociclo a solo;In marcia / fermata / arresto;Passeggero;M;Illeso;0;;Non accertato;
4563546;7;22/09/2019 05:29:00;Strada Urbana;VIA SALARIA;in corrispondenza;;della chilometrica;20;;Veicolo in marcia contro ostacolo accidentale;Rettilineo;Una carreggiata a doppio senso;Bagnato (pioggia);Asfaltata;Orizzontale;Vento forte;Scarso;Sufficiente;Sufficiente;0;0;0;5;12.6805;42.1556;-1;1;Autovettura privata;In marcia / fermata / arresto;Conducente;M;Illeso;0;;Non accertato;Inesploso
4563546;7;22/09/2019 05:29:00;Strada Urbana;VIA SALARIA;in corrispondenza;;della chilometrica;20;;Veicolo in marcia contro ostacolo accidentale;Rettilineo;Una carreggiata a doppio senso;Bagnato (pioggia);Asfaltata;Orizzontale;Vento forte;Scarso;Sufficiente;Sufficiente;0;0;0;5;12.6805;42.1556;-1;1;Autovettura privata;In marcia / fermata / arresto;Passeggero;F;Illeso;0;;Non accertato;Inesploso
4563546;7;22/09/2019 05:29:00;Strada Urbana;VIA SALARIA;in corrispondenza;;della chilometrica;20;;Veicolo in marcia contro ostacolo accidentale;Rettilineo;Una carreggiata a doppio senso;Bagnato (pioggia);Asfaltata;Orizzontale;Vento forte;Scarso;Sufficiente;Sufficiente;0;0;0;5;12.6805;42.1556;-1;2;Autovettura privata;In marcia / fermata / arresto;Conducente;F;Illeso;0;;Non accertato;Inesploso
4563546;7;22/09/2019 05:29:00;Strada Urbana;VIA SALARIA;in corrispondenza;;della chilometrica;20;;Veicolo in marcia contro ostacolo accidentale;Rettilineo;Una carreggiata a doppio senso;Bagnato (pioggia);Asfaltata;Orizzontale;Vento forte;Scarso;Sufficiente;Sufficiente;0;0;0;5;12.6805;42.1556;-1;3;Autovettura privata;In marcia / fermata / arresto;Conducente;M;Illeso;0;;Non accertato;Inesploso
4563546;7;22/09/2019 05:29:00;Strada Urbana;VIA SALARIA;in corrispondenza;;della chilometrica;20;;Veicolo in marcia contro ostacolo accidentale;Rettilineo;Una carreggiata a doppio senso;Bagnato (pioggia);Asfaltata;Orizzontale;Vento forte;Scarso;Sufficiente;Sufficiente;0;0;0;5;12.6805;42.1556;-1;4;Autovettura privata;In marcia / fermata / arresto;Conducente;M;Illeso;0;;Non accertato;Inesploso
4563550;20;22/09/2019 17:00:00;Regionale;VIADOTTO GIUBILEO DEL 2000;da specificare;;;;direzione Roma Km. 12;Veicolo in marcia contro ostacolo fisso;Curva a visuale libera;Due carreggiate;Bagnato (pioggia);Asfaltata;Verticale ed orizzontale;Pioggia in atto;Normale;Sufficiente;Ore Diurne;1;0;0;0;12.4953;41.989;-1;1;Autovettura privata;In marcia / fermata / arresto;Conducente;F;Rimandato;0;NON DECEDUTO;Non accertato;
4563555;5;20/09/2019 14:40:00;Strada Urbana;VIA DI PIETRALATA;all'intersezione con;VIA DEI MONTI DI PIETRALATA;VIA DEI MONTI DI PIETRALATA;;;Scontro frontale/laterale DX fra veicoli in marcia;Incrocio;Una carreggiata a doppio senso;Asciutto;Asfaltata;Orizzontale;Sereno;Normale;Buona;Ore Diurne;0;0;0;2;12.5469;41.9214;-1;1;Autovettura privata;In marcia / fermata / arresto;Conducente;M;Illeso;0;;Non accertato;
4563555;5;20/09/2019 14:40:00;Strada Urbana;VIA DI PIETRALATA;all'intersezione con;VIA DEI MONTI DI PIETRALATA;VIA DEI MONTI DI PIETRALATA;;;Scontro frontale/laterale DX fra veicoli in marcia;Incrocio;Una carreggiata a doppio senso;Asciutto;Asfaltata;Orizzontale;Sereno;Normale;Buona;Ore Diurne;0;0;0;2;12.5469;41.9214;-1;2;Motociclo a solo;In marcia / fermata / arresto;Conducente;M;Illeso;0;;Non accertato;
4563556;18;20/09/2019 19:15:00;Strada Urbana;VIA CORNELIA;in corrispondenza;;del civico n.;396;;Veicolo in marcia contro veicolo in sosta;Pendenza;Una carreggiata a doppio senso;Asciutto;Asfaltata;Verticale;Sereno;Normale;Sufficiente;Inesistente;0;0;0;1;12.3854;41.8925;-1;1;Autovettura privata;In marcia / fermata / arresto;Conducente;F;Illeso;0;;;
4563556;18;20/09/2019 19:15:00;Strada Urbana;VIA CORNELIA;in corrispondenza;;del civico n.;396;;Veicolo in marcia contro veicolo in sosta;Pendenza;Una carreggiata a doppio senso;Asciutto;Asfaltata;Verticale;Sereno;Normale;Sufficiente;Inesistente;0;0;0;1;12.3854;41.8925;-1;2;Autovettura privata;Sosta;;;;;;;
4563561;5;21/09/2019 12:30:00;Strada Urbana;VIA DELLA TENUTA DEL CAVALIERE;da specificare;;;;pross. Osteria delle Capannacce;Veicolo in marcia contro ostacolo accidentale;Curva a visuale libera;Una carreggiata a doppio senso;Asciutto;Asfaltata;Assente;Sereno;Normale;Buona;Ore Diurne;0;0;0;1;12.6546;41.937;-1;1;Autobus di linea;In marcia / fermata / arresto;Conducente;M;Illeso;0;;Non accertato;Inesploso
4563566;6;22/09/2019 14:00:00;Strada Urbana;VIA LUCHINO DAL VERME;in corrispondenza;;del civico n.;62;;Scontro frontale/laterale DX fra veicoli in marcia;Rettilineo;Una carreggiata a senso unico di marcia;Bagnato (pioggia);Asfaltata;Verticale ed orizzontale;Pioggia in atto;Normale;Sufficiente;Ore Diurne;1;0;0;2;12.5389;41.8886;-1;1;Autovettura privata;In marcia / fermata / arresto;Conducente;M;Rimandato;0;NON DECEDUTO;Non accertato;Inesploso
4563566;6;22/09/2019 14:00:00;Strada Urbana;VIA LUCHINO DAL VERME;in corrispondenza;;del civico n.;62;;Scontro frontale/laterale DX fra veicoli in marcia;Rettilineo;Una carreggiata a senso unico di marcia;Bagnato (pioggia);Asfaltata;Verticale ed orizzontale;Pioggia in atto;Normale;Sufficiente;Ore Diurne;1;0;0;2;12.5389;41.8886;-1;2;Autovettura privata;In marcia / fermata / arresto;Conducente;M;Illeso;0;;Non accertato;Inesploso
4563566;6;22/09/2019 14:00:00;Strada Urbana;VIA LUCHINO DAL VERME;in corrispondenza;;del civico n.;62;;Scontro frontale/laterale DX fra veicoli in marcia;Rettilineo;Una carreggiata a senso unico di marcia;Bagnato (pioggia);Asfaltata;Verticale ed orizzontale;Pioggia in atto;Normale;Sufficiente;Ore Diurne;1;0;0;2;12.5389;41.8886;-1;2;Autovettura privata;In marcia / fermata / arresto;Passeggero;F;Illeso;0;;Non accertato;Inesploso
4563574;10;22/09/2019 19:15:00;Strada Urbana;VIA TUSCOLANA;in corrispondenza;;del civico n.;1782;;Tamponamento;Rettilineo;Una carreggiata a senso unico di marcia;Asciutto;Asfaltata;Verticale ed orizzontale;Nuvoloso;Normale;Sufficiente;Sufficiente;3;0;0;1;12.5835;41.8429;-1;1;Autovettura privata;In marcia / fermata / arresto;Conducente;F;Rimandato;0;NON DECEDUTO;Non accertato;Inesploso
4563574;10;22/09/2019 19:15:00;Strada Urbana;VIA TUSCOLANA;in corrispondenza;;del civico n.;1782;;Tamponamento;Rettilineo;Una carreggiata a senso unico di marcia;Asciutto;Asfaltata;Verticale ed orizzontale;Nuvoloso;Normale;Sufficiente;Sufficiente;3;0;0;1;12.5835;41.8429;-1;1;Autovettura privata;In marcia / fermata / arresto;Passeggero;F;Rimandato;0;NON DECEDUTO;Non accertato;Inesploso
4563574;10;22/09/2019 19:15:00;Strada Urbana;VIA TUSCOLANA;in corrispondenza;;del civico n.;1782;;Tamponamento;Rettilineo;Una carreggiata a senso unico di marcia;Asciutto;Asfaltata;Verticale ed orizzontale;Nuvoloso;Normale;Sufficiente;Sufficiente;3;0;0;1;12.5835;41.8429;-1;1;Autovettura privata;In marcia / fermata / arresto;Passeggero;F;Rimandato;0;NON DECEDUTO;Non accertato;Inesploso
4563574;10;22/09/2019 19:15:00;Strada Urbana;VIA TUSCOLANA;in corrispondenza;;del civico n.;1782;;Tamponamento;Rettilineo;Una carreggiata a senso unico di marcia;Asciutto;Asfaltata;Verticale ed orizzontale;Nuvoloso;Normale;Sufficiente;Sufficiente;3;0;0;1;12.5835;41.8429;-1;2;Autovettura privata;In marcia / fermata / arresto;Conducente;M;Illeso;0;;Non accertato;Inesploso
4563580;5;22/09/2019 18:30:00;Strada Urbana;VIA RAFFAELE COSTI;da specificare;;;;rotatoria 300 mt. da ponte t.p.u.;Veicolo in marcia contro ostacolo fisso;Rotatoria;Una carreggiata a doppio senso;Bagnato (pioggia);Asfaltata;Verticale ed orizzontale;Pioggia in atto;Scarso;Sufficiente;Sufficiente;1;0;0;0;12.5943;41.9145;-1;1;Autovettura privata;In marcia / fermata / arresto;Conducente;M;Rimandato;0;NON DECEDUTO;;
4563591;5;20/09/2019 22:50:00;Strada Urbana;VIA DI GROTTA DI GREGNA;all'intersezione con;VIA IGINO GIORDANI;VIA IGINO GIORDANI;;;Scontro frontale/laterale SX fra veicoli in marcia;Incrocio;Una carreggiata a doppio senso;Asciutto;Asfaltata;Verticale ed orizzontale;Sereno;Scarso;Sufficiente;Sufficiente;2;0;0;1;12.5651;41.9074;-1;1;Autovettura privata;In marcia / fermata / arresto;Conducente;M;Illeso;0;;Non accertato;Inesploso
4563591;5;20/09/2019 22:50:00;Strada Urbana;VIA DI GROTTA DI GREGNA;all'intersezione con;VIA IGINO GIORDANI;VIA IGINO GIORDANI;;;Scontro frontale/laterale SX fra veicoli in marcia;Incrocio;Una carreggiata a doppio senso;Asciutto;Asfaltata;Verticale ed orizzontale;Sereno;Scarso;Sufficiente;Sufficiente;2;0;0;1;12.5651;41.9074;-1;2;Motociclo a solo;In marcia / fermata / arresto;Conducente;M;Rimandato;0;NON DECEDUTO;Non accertato;
4563591;5;20/09/2019 22:50:00;Strada Urbana;VIA DI GROTTA DI GREGNA;all'intersezione con;VIA IGINO GIORDANI;VIA IGINO GIORDANI;;;Scontro frontale/laterale SX fra veicoli in marcia;Incrocio;Una carreggiata a doppio senso;Asciutto;Asfaltata;Verticale ed orizzontale;Sereno;Scarso;Sufficiente;Sufficiente;2;0;0;1;12.5651;41.9074;-1;2;Motociclo a solo;In marcia / fermata / arresto;Passeggero;M;Rimandato;0;NON DECEDUTO;Non accertato;
4563596;18;22/09/2019 00:35:00;Strada Urbana;PIAZZA DELLA REPUBBLICA;all'intersezione con;VIA NAZIONALE;VIA NAZIONALE;;;Scontro laterale fra veicoli in marcia;Rotatoria;Una carreggiata a senso unico di marcia;Asciutto;In cubetti di porfido;Verticale ed orizzontale;Sereno;Scarso;Sufficiente;Sufficiente;0;0;0;2;12.4958;41.9025;-1;1;Autovettura privata;In marcia / fermata / arresto;Conducente;M;Illeso;0;;Non accertato;Inesploso
4563596;18;22/09/2019 00:35:00;Strada Urbana;PIAZZA DELLA REPUBBLICA;all'intersezione con;VIA NAZIONALE;VIA NAZIONALE;;;Scontro laterale fra veicoli in marcia;Rotatoria;Una carreggiata a senso unico di marcia;Asciutto;In cubetti di porfido;Verticale ed orizzontale;Sereno;Scarso;Sufficiente;Sufficiente;0;0;0;2;12.4958;41.9025;-1;2;Autovettura privata;In marcia / fermata / arresto;Conducente;M;Illeso;0;;Non accertato;Inesploso
4563597;7;21/09/2019 02:30:00;Strada Urbana;VIA DI LUNGHEZZA;in prossimit�;;del civico n.;47 B;;Scontro laterale fra veicoli in marcia;Rettilineo;Una carreggiata a doppio senso;Asciutto;Asfaltata;Verticale ed orizzontale;Sereno;Scarso;Sufficiente;Sufficiente;2;0;0;1;12.6733;41.9233;-1;1;Autovettura privata;In marcia / fermata / arresto;Conducente;M;Illeso;0;;;
4563597;7;21/09/2019 02:30:00;Strada Urbana;VIA DI LUNGHEZZA;in prossimit�;;del civico n.;47 B;;Scontro laterale fra veicoli in marcia;Rettilineo;Una carreggiata a doppio senso;Asciutto;Asfaltata;Verticale ed orizzontale;Sereno;Scarso;Sufficiente;Sufficiente;2;0;0;1;12.6733;41.9233;-1;2;Autovettura di polizia;In marcia / fermata / arresto;Conducente;M;Rimandato;0;NON DECEDUTO;;
4563597;7;21/09/2019 02:30:00;Strada Urbana;VIA DI LUNGHEZZA;in prossimit�;;del civico n.;47 B;;Scontro laterale fra veicoli in marcia;Rettilineo;Una carreggiata a doppio senso;Asciutto;Asfaltata;Verticale ed orizzontale;Sereno;Scarso;Sufficiente;Sufficiente;2;0;0;1;12.6733;41.9233;-1;2;Autovettura di polizia;In marcia / fermata / arresto;Passeggero;M;Rimandato;0;NON DECEDUTO;;
4563607;7;22/09/2019 08:45:00;Strada Urbana;VIA TOR DE' SCHIAVI;all'intersezione con;VIA DELLE ALBIZZIE;VIA DELLE ALBIZZIE;;;Scontro frontale/laterale DX fra veicoli in marcia;Incrocio;Una carreggiata a doppio senso;Bagnato (pioggia);Asfaltata;Verticale ed orizzontale;Pioggia in atto;Scarso;Buona;Ore Diurne;1;0;0;2;12.5628;41.8849;-1;1;Autovettura privata;In marcia / fermata / arresto;Conducente;M;Illeso;0;;;
4563607;7;22/09/2019 08:45:00;Strada Urbana;VIA TOR DE' SCHIAVI;all'intersezione con;VIA DELLE ALBIZZIE;VIA DELLE ALBIZZIE;;;Scontro frontale/laterale DX fra veicoli in marcia;Incrocio;Una carreggiata a doppio senso;Bagnato (pioggia);Asfaltata;Verticale ed orizzontale;Pioggia in atto;Scarso;Buona;Ore Diurne;1;0;0;2;12.5628;41.8849;-1;1;Autovettura privata;In marcia / fermata / arresto;Passeggero;M;Rimandato;0;NON DECEDUTO;;
4563607;7;22/09/2019 08:45:00;Strada Urbana;VIA TOR DE' SCHIAVI;all'intersezione con;VIA DELLE ALBIZZIE;VIA DELLE ALBIZZIE;;;Scontro frontale/laterale DX fra veicoli in marcia;Incrocio;Una carreggiata a doppio senso;Bagnato (pioggia);Asfaltata;Verticale ed orizzontale;Pioggia in atto;Scarso;Buona;Ore Diurne;1;0;0;2;12.5628;41.8849;-1;2;Autovettura privata;In marcia / fermata / arresto;Conducente;M;Illeso;0;;;
4563607;7;22/09/2019 08:45:00;Strada Urbana;VIA TOR DE' SCHIAVI;all'intersezione con;VIA DELLE ALBIZZIE;VIA DELLE ALBIZZIE;;;Scontro frontale/laterale DX fra veicoli in marcia;Incrocio;Una carreggiata a doppio senso;Bagnato (pioggia);Asfaltata;Verticale ed orizzontale;Pioggia in atto;Scarso;Buona;Ore Diurne;1;0;0;2;12.5628;41.8849;-1;3;Autovettura privata;Sosta;;;;;;;
4563609;18;22/09/2019 20:45:00;Strada Urbana;PIAZZA DEI GIURECONSULTI;in corrispondenza;;del civico n.;1;;Veicolo in marcia contro veicolo in sosta;Rettilineo;Due carreggiate;Asciutto;Asfaltata;Verticale ed orizzontale;Nuvoloso;Scarso;Buona;Sufficiente;0;0;0;3;12.4257;41.9017;-1;1;Autovettura privata;In marcia / fermata / arresto;Conducente;M;Illeso;0;;;
4563609;18;22/09/2019 20:45:00;Strada Urbana;PIAZZA DEI GIURECONSULTI;in corrispondenza;;del civico n.;1;;Veicolo in marcia contro veicolo in sosta;Rettilineo;Due carreggiate;Asciutto;Asfaltata;Verticale ed orizzontale;Nuvoloso;Scarso;Buona;Sufficiente;0;0;0;3;12.4257;41.9017;-1;1;Autovettura privata;In marcia / fermata / arresto;Passeggero;M;Illeso;0;;;
4563609;18;22/09/2019 20:45:00;Strada Urbana;PIAZZA DEI GIURECONSULTI;in corrispondenza;;del civico n.;1;;Veicolo in marcia contro veicolo in sosta;Rettilineo;Due carreggiate;Asciutto;Asfaltata;Verticale ed orizzontale;Nuvoloso;Scarso;Buona;Sufficiente;0;0;0;3;12.4257;41.9017;-1;1;Autovettura privata;In marcia / fermata / arresto;Passeggero;M;Illeso;0;;;
4563609;18;22/09/2019 20:45:00;Strada Urbana;PIAZZA DEI GIURECONSULTI;in corrispondenza;;del civico n.;1;;Veicolo in marcia contro veicolo in sosta;Rettilineo;Due carreggiate;Asciutto;Asfaltata;Verticale ed orizzontale;Nuvoloso;Scarso;Buona;Sufficiente;0;0;0;3;12.4257;41.9017;-1;2;Motociclo a solo;Sosta;;;;;;;
4563613;5;22/09/2019 02:30:00;Strada Urbana;VIA CAGLI;all'intersezione con;VIA CORINALDO;VIA CORINALDO;;;Scontro frontale/laterale SX fra veicoli in marcia;Incrocio;Una carreggiata a senso unico di marcia;Asciutto;Asfaltata;Verticale;Sereno;Scarso;Sufficiente;Sufficiente;0;0;0;3;12.5846;41.9371;-1;1;Autovettura privata;In marcia / fermata / arresto;Conducente;M;Illeso;0;;Non accertato;
4563613;5;22/09/2019 02:30:00;Strada Urbana;VIA CAGLI;all'intersezione con;VIA CORINALDO;VIA CORINALDO;;;Scontro frontale/laterale SX fra veicoli in marcia;Incrocio;Una carreggiata a senso unico di marcia;Asciutto;Asfaltata;Verticale;Sereno;Scarso;Sufficiente;Sufficiente;0;0;0;3;12.5846;41.9371;-1;2;Autovettura privata;In marcia / fermata / arresto;Conducente;M;Illeso;0;;Non accertato;
4563613;5;22/09/2019 02:30:00;Strada Urbana;VIA CAGLI;all'intersezione con;VIA CORINALDO;VIA CORINALDO;;;Scontro frontale/laterale SX fra veicoli in marcia;Incrocio;Una carreggiata a senso unico di marcia;Asciutto;Asfaltata;Verticale;Sereno;Scarso;Sufficiente;Sufficiente;0;0;0;3;12.5846;41.9371;-1;2;Autovettura privata;In marcia / fermata / arresto;Passeggero;M;Illeso;0;;Non accertato;
4563613;5;22/09/2019 02:30:00;Strada Urbana;VIA CAGLI;all'intersezione con;VIA CORINALDO;VIA CORINALDO;;;Scontro frontale/laterale SX fra veicoli in marcia;Incrocio;Una carreggiata a senso unico di marcia;Asciutto;Asfaltata;Verticale;Sereno;Scarso;Sufficiente;Sufficiente;0;0;0;3;12.5846;41.9371;-1;3;Autovettura privata;Sosta;;;;;;;
4563619;1;20/09/2019 16:30:00;Strada Urbana;PIAZZALE OSTIENSE;da specificare;;;;fronte civico 5;Scontro laterale fra veicoli in marcia;Rettilineo;Una carreggiata a senso unico di marcia;Asciutto;Asfaltata;Verticale ed orizzontale;Sereno;Normale;Buona;Ore Diurne;0;0;0;3;12.482;41.8762;-1;1;Autovettura privata;In marcia / fermata / arresto;Conducente;M;Illeso;0;;Non accertato;Inesploso
4563619;1;20/09/2019 16:30:00;Strada Urbana;PIAZZALE OSTIENSE;da specificare;;;;fronte civico 5;Scontro laterale fra veicoli in marcia;Rettilineo;Una carreggiata a senso unico di marcia;Asciutto;Asfaltata;Verticale ed orizzontale;Sereno;Normale;Buona;Ore Diurne;0;0;0;3;12.482;41.8762;-1;1;Autovettura privata;In marcia / fermata / arresto;Passeggero;M;Illeso;0;;Non accertato;Inesploso
4563619;1;20/09/2019 16:30:00;Strada Urbana;PIAZZALE OSTIENSE;da specificare;;;;fronte civico 5;Scontro laterale fra veicoli in marcia;Rettilineo;Una carreggiata a senso unico di marcia;Asciutto;Asfaltata;Verticale ed orizzontale;Sereno;Normale;Buona;Ore Diurne;0;0;0;3;12.482;41.8762;-1;2;Motociclo a solo;In marcia / fermata / arresto;Conducente;M;Illeso;0;;Non accertato;
4563621;18;23/09/2019 01:45:00;Strada Urbana;VIA DI TORREVECCHIA;all'intersezione con;VIA SIMONE MOSCA;VIA SIMONE MOSCA;;;Scontro frontale/laterale SX fra veicoli in marcia;Intersezione stradale segnalata;Una carreggiata a doppio senso;Bagnato (pioggia);Asfaltata;Verticale ed orizzontale;Pioggia in atto;Scarso;Sufficiente;Sufficiente;0;0;0;3;12.4123;41.9234;-1;1;Autovettura privata;In marcia / fermata / arresto;Conducente;F;Illeso;0;;Non accertato;Inesploso