Protocollo;Gruppo;DataOraIncidente;Localizzazione1;STRADA1;Localizzazione2;STRADA2;Strada02;Chilometrica;DaSpecificare;NaturaIncidente;particolaritastrade;TipoStrada;FondoStradale;Pavimentazione;Segnaletica;CondizioneAtmosferica;Traffico;Visibilita;Illuminazione;NUM_FERITI;NUM_RISERVATA;NUM_MORTI;NUM_ILLESI;Longitudine;Latitudine;Confermato;Progressivo;TipoVeicolo;StatoVeicolo;TipoPersona;Sesso;Tipolesione;Deceduto;DecedutoDopo;CinturaCascoUtilizzato;Airbag;
4565385;6;23/09/2019 23:40:00;Strada Urbana;PIAZZALE DELLE GARDENIE;in prossimit�;;del civico n.;3;;Scontro laterale fra veicoli in marcia;Rettilineo;Una carreggiata a senso unico di marcia;Asciutto;Asfaltata;Verticale ed orizzontale;Sereno;Scarso;Buona;Sufficiente;0;0;0;3;12.5615;41.8864;-1;1;Autovettura privata;In marcia / fermata / arresto;Conducente;M;Illeso;0;;;
4565385;6;23/09/2019 23:40:00;Strada Urbana;PIAZZALE DELLE GARDENIE;in prossimit�;;del civico n.;3;;Scontro laterale fra veicoli in marcia;Rettilineo;Una carreggiata a senso unico di marcia;Asciutto;Asfaltata;Verticale ed orizzontale;Sereno;Scarso;Buona;Sufficiente;0;0;0;3;12.5615;41.8864;-1;1;Autovettura privata;In marcia / fermata / arresto;Passeggero;M;Illeso;0;;;
4565385;6;23/09/2019 23:40:00;Strada Urbana;PIAZZALE DELLE GARDENIE;in prossimit�;;del civico n.;3;;Scontro laterale fra veicoli in marcia;Rettilineo;Una carreggiata a senso unico di marcia;Asciutto;Asfaltata;Verticale ed orizzontale;Sereno;Scarso;Buona;Sufficiente;0;0;0;3;12.5615;41.8864;-1;2;Autobus di linea;In marcia / fermata / arresto;Conducente;M;Illeso;0;;;
4565385;6;23/09/2019 23:40:00;Strada Urbana;PIAZZALE DELLE GARDENIE;in prossimit�;;del civico n.;3;;Scontro laterale fra veicoli in marcia;Rettilineo;Una carreggiata a senso unico di marcia;Asciutto;Asfaltata;Verticale ed orizzontale;Sereno;Scarso;Buona;Sufficiente;0;0;0;3;12.5615;41.8864;-1;3;Autovettura privata;Sosta;;;;;;;
4565395;7;23/09/2019 18:30:00;Strada Urbana;VIA TOR DE' SCHIAVI;all'intersezione con;VIA DEI FAGGI;VIA DEI FAGGI;;;Scontro frontale/laterale DX fra veicoli in marcia;Intersezione stradale segnalata;Una carreggiata a doppio senso;Asciutto;Asfaltata;Verticale ed orizzontale;Sereno;Normale;Buona;Sufficiente;0;0;0;5;12.5629;41.8842;-1;1;Autovettura privata;In marcia / fermata / arresto;Conducente;M;Illeso;0;;Non accertato;Inesploso
4565395;7;23/09/2019 18:30:00;Strada Urbana;VIA TOR DE' SCHIAVI;all'intersezione con;VIA DEI FAGGI;VIA DEI FAGGI;;;Scontro frontale/laterale DX fra veicoli in marcia;Intersezione stradale segnalata;Una carreggiata a doppio senso;Asciutto;Asfaltata;Verticale ed orizzontale;Sereno;Normale;Buona;Sufficiente;0;0;0;5;12.5629;41.8842;-1;1;Autovettura privata;In marcia / fermata / arresto;Passeggero;M;Illeso;0;;Non accertato;Inesploso
4565395;7;23/09/2019 18:30:00;Strada Urbana;VIA TOR DE' SCHIAVI;all'intersezione con;VIA DEI FAGGI;VIA DEI FAGGI;;;Scontro frontale/laterale DX fra veicoli in marcia;Intersezione stradale segnalata;Una carreggiata a doppio senso;Asciutto;Asfaltata;Verticale ed orizzontale;Sereno;Normale;Buona;Sufficiente;0;0;0;5;12.5629;41.8842;-1;2;Motociclo con passeggero;In marcia / fermata / arresto;Conducente;M;Illeso;0;;Non accertato;
4565397;11;23/09/2019 08:30:00;Strada Urbana;VIA EFESO;all'intersezione con;VIA CORINTO;VIA CORINTO;;;Scontro frontale/laterale DX fra veicoli in marcia;Intersezione stradale segnalata;Una carreggiata a doppio senso;Bagnato (umidit� in atto);Asfaltata;Verticale ed orizzontale;Sereno;Normale;Buona;Ore Diurne;1;0;0;1;12.4758;41.8543;-1;1;Autovettura privata;In marcia / fermata / arresto;Conducente;F;Illeso;0;;;
4565397;11;23/09/2019 08:30:00;Strada Urbana;VIA EFESO;all'intersezione con;VIA CORINTO;VIA CORINTO;;;Scontro frontale/laterale DX fra veicoli in marcia;Intersezione stradale segnalata;Una carreggiata a doppio senso;Bagnato (umidit� in atto);Asfaltata;Verticale ed orizzontale;Sereno;Normale;Buona;Ore Diurne;1;0;0;1;12.4758;41.8543;-1;2;Motociclo a solo;In marcia / fermata / arresto;Conducente;F;Rimandato;0;NON DECEDUTO;;
4565400;8;23/09/2019 13:05:00;Strada Urbana;VIA DELLE PERNICI;in corrispondenza;;del civico n.;43;;Veicolo in marcia contro veicolo fermo;Rettilineo;Una carreggiata a doppio senso;Asciutto;Asfaltata;Verticale;Sereno;Scarso;Buona;Ore Diurne;0;0;0;2;12.5917;41.8659;-1;1;Autovettura privata;In marcia / fermata / arresto;Conducente;M;Illeso;0;;Non accertato;Inesploso
4565400;8;23/09/2019 13:05:00;Strada Urbana;VIA DELLE PERNICI;in corrispondenza;;del civico n.;43;;Veicolo in marcia contro veicolo fermo;Rettilineo;Una carreggiata a doppio senso;Asciutto;Asfaltata;Verticale;Sereno;Scarso;Buona;Ore Diurne;0;0;0;2;12.5917;41.8659;-1;2;Autocarro inferiore 35 q.;In marcia / fermata / arresto;Conducente;M;Illeso;0;;;Inesploso
4565411;5;23/09/2019 12:35:00;Strada Urbana;VIA TIBURTINA;in corrispondenza;;del civico n.;583;;Tamponamento;Rettilineo;Due carreggiate;Asciutto;Asfaltata;Verticale ed orizzontale;Sereno;Normale;Buona;Ore Diurne;0;0;0;3;12.5444;41.9088;-1;1;Autovettura privata;In marcia / fermata / arresto;Conducente;M;Illeso;0;;Non accertato;
4565411;5;23/09/2019 12:35:00;Strada Urbana;VIA TIBURTINA;in corrispondenza;;del civico n.;583;;Tamponamento;Rettilineo;Due carreggiate;Asciutto;Asfaltata;Verticale ed orizzontale;Sereno;Normale;Buona;Ore Diurne;0;0;0;3;12.5444;41.9088;-1;2;Autovettura privata;In marcia / fermata / arresto;Conducente;M;Illeso;0;;Non accertato;
4565411;5;23/09/2019 12:35:00;Strada Urbana;VIA TIBURTINA;in corrispondenza;;del civico n.;583;;Tamponamento;Rettilineo;Due carreggiate;Asciutto;Asfaltata;Verticale ed orizzontale;Sereno;Normale;Buona;Ore Diurne;0;0;0;3;12.5444;41.9088;-1;2;Autovettura privata;In marcia / fermata / arresto;Passeggero;F;Illeso;0;;Non accertato;
4565421;8;23/09/2019 13:05:00;Strada Urbana;VIA NATALE BALBIANI;all'intersezione con;VIALE DUILIO CAMBELLOTTI;VIALE DUILIO CAMBELLOTTI;;;Scontro laterale fra veicoli in marcia;Intersezione stradale segnalata;Una carreggiata a senso unico di marcia;Asciutto;Asfaltata;Verticale ed orizzontale;Sereno;Normale;Buona;Ore Diurne;1;0;0;2;12.6334;41.8689;-1;1;Autovettura privata;In marcia / fermata / arresto;Conducente;M;Illeso;0;;Non accertato;
4565421;8;23/09/2019 13:05:00;Strada Urbana;VIA NATALE BALBIANI;all'intersezione con;VIALE DUILIO CAMBELLOTTI;VIALE DUILIO CAMBELLOTTI;;;Scontro laterale fra veicoli in marcia;Intersezione stradale segnalata;Una carreggiata a senso unico di marcia;Asciutto;Asfaltata;Verticale ed orizzontale;Sereno;Normale;Buona;Ore Diurne;1;0;0;2;12.6334;41.8689;-1;1;Autovettura privata;In marcia / fermata / arresto;Passeggero;F;Illeso;0;;;
4565421;8;23/09/2019 13:05:00;Strada Urbana;VIA NATALE BALBIANI;all'intersezione con;VIALE DUILIO CAMBELLOTTI;VIALE DUILIO CAMBELLOTTI;;;Scontro laterale fra veicoli in marcia;Intersezione stradale segnalata;Una carreggiata a senso unico di marcia;Asciutto;Asfaltata;Verticale ed orizzontale;Sereno;Normale;Buona;Ore Diurne;1;0;0;2;12.6334;41.8689;-1;2;Velocipede;In marcia / fermata / arresto;Conducente;M;Ricoverato;0;NON DECEDUTO;Esente;
4565432;5;23/09/2019 13:30:00;Strada Urbana;VIA DI PIETRALATA;in corrispondenza;;del civico n.;135;;Scontro frontale/laterale DX fra veicoli in marcia;Rettilineo;Una carreggiata a doppio senso;Asciutto;Asfaltata;Verticale;Nuvoloso;Normale;Buona;Ore Diurne;0;0;0;2;12.5352;41.9263;-1;1;Autovettura privata;In marcia / fermata / arresto;Conducente;M;Illeso;0;;Non accertato;Inesploso
4565432;5;23/09/2019 13:30:00;Strada Urbana;VIA DI PIETRALATA;in corrispondenza;;del civico n.;135;;Scontro frontale/laterale DX fra veicoli in marcia;Rettilineo;Una carreggiata a doppio senso;Asciutto;Asfaltata;Verticale;Nuvoloso;Normale;Buona;Ore Diurne;0;0;0;2;12.5352;41.9263;-1;2;Autovettura privata;In marcia / fermata / arresto;Conducente;M;Illeso;0;;Non accertato;Inesploso
4565438;11;23/09/2019 17:30:00;Strada Urbana;VIA APPIA PIGNATELLI;da specificare;;;;fronte palo Acea n. 46;Fuoriuscita dalla sede stradale;Curva senza visuale libera;Una carreggiata a doppio senso;Asciutto;Asfaltata;Orizzontale;Sereno;Normale;Buona;Ore Diurne;1;0;0;0;12.5277;41.8516;-1;1;Autovettura privata;In marcia / fermata / arresto;Conducente;F;Rimandato;0;NON DECEDUTO;Non accertato;Esploso
4565439;8;23/09/2019 20:00:00;Strada Urbana;VIA DEL CASALONE;in prossimit�;;del civico n.;28;;Tamponamento;Rettilineo;Una carreggiata a doppio senso;Asciutto;Asfaltata;Orizzontale;Sereno;Scarso;Buona;Sufficiente;1;0;0;2;12.6786;41.9203;-1;1;Autovettura privata;In marcia / fermata / arresto;Conducente;F;Ricoverato;0;NON DECEDUTO;;
4565439;8;23/09/2019 20:00:00;Strada Urbana;VIA DEL CASALONE;in prossimit�;;del civico n.;28;;Tamponamento;Rettilineo;Una carreggiata a doppio senso;Asciutto;Asfaltata;Orizzontale;Sereno;Scarso;Buona;Sufficiente;1;0;0;2;12.6786;41.9203;-1;1;Autovettura privata;In marcia / fermata / arresto;Passeggero;F;Illeso;0;;;
4565439;8;23/09/2019 20:00:00;Strada Urbana;VIA DEL CASALONE;in prossimit�;;del civico n.;28;;Tamponamento;Rettilineo;Una carreggiata a doppio senso;Asciutto;Asfaltata;Orizzontale;Sereno;Scarso;Buona;Sufficiente;1;0;0;2;12.6786;41.9203;-1;2;Autobus di linea;In marcia / fermata / arresto;Conducente;M;Illeso;0;;;
4565445;2;24/09/2019 07:10:00;Strada Urbana;VIALE PARIOLI;all'intersezione semaforizzata con;VIALE DELLA MOSCHEA;VIALE DELLA MOSCHEA;;;Scontro frontale/laterale SX fra veicoli in marcia;Intersezione semaforizzata;Una carreggiata a doppio senso;Asciutto;Asfaltata;Verticale ed orizzontale;Sereno;Scarso;Buona;Ore Diurne;1;0;0;1;12.4874;41.9258;-1;1;Autobus di linea;In marcia / fermata / arresto;Conducente;M;Illeso;0;;;
4565445;2;24/09/2019 07:10:00;Strada Urbana;VIALE PARIOLI;all'intersezione semaforizzata con;VIALE DELLA MOSCHEA;VIALE DELLA MOSCHEA;;;Scontro frontale/laterale SX fra veicoli in marcia;Intersezione semaforizzata;Una carreggiata a doppio senso;Asciutto;Asfaltata;Verticale ed orizzontale;Sereno;Scarso;Buona;Ore Diurne;1;0;0;1;12.4874;41.9258;-1;2;Autovettura privata;In marcia / fermata / arresto;Conducente;M;Rimandato;0;NON DECEDUTO;Non accertato;Inesploso
4565451;9;23/09/2019 20:00:00;Strada Urbana;VIA DI S. PETRONILLA;all'intersezione con;VIA DELLE SETTE CHIESE;VIA DELLE SETTE CHIESE;;;Investimento di pedone;Intersezione semaforizzata;Una carreggiata a senso unico di marcia;Asciutto;Asfaltata;Verticale ed orizzontale;Nuvoloso;Normale;Buona;Sufficiente;1;0;0;1;12.4999;41.8577;-1;;;;Pedone;F;Rimandato;0;NON DECEDUTO;;
4565451;9;23/09/2019 20:00:00;Strada Urbana;VIA DI S. PETRONILLA;all'intersezione con;VIA DELLE SETTE CHIESE;VIA DELLE SETTE CHIESE;;;Investimento di pedone;Intersezione semaforizzata;Una carreggiata a senso unico di marcia;Asciutto;Asfaltata;Verticale ed orizzontale;Nuvoloso;Normale;Buona;Sufficiente;1;0;0;1;12.4999;41.8577;-1;1;Autovettura privata;In marcia / fermata / arresto;Conducente;M;Illeso;0;;Non accertato;Inesploso
4565452;5;23/09/2019 15:00:00;Strada Urbana;VIA DI PORTONACCIO;all'intersezione semaforizzata con;VIA ALFONSO TORELLI;VIA ALFONSO TORELLI;;;Scontro laterale fra veicoli in marcia;Incrocio;Una carreggiata a senso unico di marcia;Asciutto;Asfaltata;Verticale;Nuvoloso;Normale;Buona;Ore Diurne;1;0;0;1;12.5378;41.8992;-1;1;Autovettura privata;In marcia / fermata / arresto;Conducente;F;Illeso;0;;Non accertato;
4565452;5;23/09/2019 15:00:00;Strada Urbana;VIA DI PORTONACCIO;all'intersezione semaforizzata con;VIA ALFONSO TORELLI;VIA ALFONSO TORELLI;;;Scontro laterale fra veicoli in marcia;Incrocio;Una carreggiata a senso unico di marcia;Asciutto;Asfaltata;Verticale;Nuvoloso;Normale;Buona;Ore Diurne;1;0;0;1;12.5378;41.8992;-1;2;Motociclo a solo;In marcia / fermata / arresto;Conducente;M;Rimandato;0;NON DECEDUTO;Non accertato;
4565455;10;24/09/2019 06:30:00;Strada Urbana;VIA TUSCOLANA;da specificare;;;;altezza ponte GRA direzione Roma Centro;Tamponamento Multiplo;Cavalcavia;Due carreggiate;Asciutto;Asfaltata;Verticale ed orizzontale;Sereno;Intenso;Sufficiente;Sufficiente;0;0;0;4;12.5923;41.8396;-1;1;Autovettura privata;In marcia / fermata / arresto;Conducente;M;Illeso;0;;Non accertato;Inesploso
4565455;10;24/09/2019 06:30:00;Strada Urbana;VIA TUSCOLANA;da specificare;;;;altezza ponte GRA direzione Roma Centro;Tamponamento Multiplo;Cavalcavia;Due carreggiate;Asciutto;Asfaltata;Verticale ed orizzontale;Sereno;Intenso;Sufficiente;Sufficiente;0;0;0;4;12.5923;41.8396;-1;2;Autovettura privata;In marcia / fermata / arresto;Conducente;F;Illeso;0;;Non accertato;Inesploso
4565455;10;24/09/2019 06:30:00;Strada Urbana;VIA TUSCOLANA;da specificare;;;;altezza ponte GRA direzione Roma Centro;Tamponamento Multiplo;Cavalcavia;Due carreggiate;Asciutto;Asfaltata;Verticale ed orizzontale;Sereno;Intenso;Sufficiente;Sufficiente;0;0;0;4;12.5923;41.8396;-1;2;Autovettura privata;In marcia / fermata / arresto;Passeggero;F;Illeso;0;;Non accertato;Inesploso
4565455;10;24/09/2019 06:30:00;Strada Urbana;VIA TUSCOLANA;da specificare;;;;altezza ponte GRA direzione Roma Centro;Tamponamento Multiplo;Cavalcavia;Due carreggiate;Asciutto;Asfaltata;Verticale ed orizzontale;Sereno;Intenso;Sufficiente;Sufficiente;0;0;0;4;12.5923;41.8396;-1;3;Autovettura privata;In marcia / fermata / arresto;Conducente;M;Illeso;0;;Non accertato;Inesploso
4565459;15;23/09/2019 17:45:00;Strada Urbana;VIA DELLA PISANA;in corrispondenza;;del civico n.;421;;Veicolo in marcia contro ostacolo fisso;Rettilineo;Una carreggiata a doppio senso;Asciutto;Asfaltata;Verticale ed orizzontale;Nuvoloso;Normale;Buona;Ore Diurne;0;0;0;1;12.4072;41.8639;-1;1;Autovettura privata;In marcia / fermata / arresto;Conducente;M;Illeso;0;;Non accertato;
4565462;8;23/09/2019 15:20:00;Strada Urbana;VIA EMILIANO DEGLI ORFINI;in prossimit�;;del civico n.;13;;Scontro laterale fra veicoli in marcia;Rettilineo;Una carreggiata a senso unico di marcia;Asciutto;Strada pavimentata dissestata;Verticale ed orizzontale;Nuvoloso;Normale;Buona;Ore Diurne;0;0;0;3;12.6038;41.8603;-1;1;Autovettura privata;In marcia / fermata / arresto;Conducente;M;Illeso;0;;Non accertato;Inesploso
4565462;8;23/09/2019 15:20:00;Strada Urbana;VIA EMILIANO DEGLI ORFINI;in prossimit�;;del civico n.;13;;Scontro laterale fra veicoli in marcia;Rettilineo;Una carreggiata a senso unico di marcia;Asciutto;Strada pavimentata dissestata;Verticale ed orizzontale;Nuvoloso;Normale;Buona;Ore Diurne;0;0;0;3;12.6038;41.8603;-1;2;Autovettura privata;In marcia / fermata / arresto;Conducente;M;Illeso;0;;Non accertato;Inesploso
4565462;8;23/09/2019 15:20:00;Strada Urbana;VIA EMILIANO DEGLI ORFINI;in prossimit�;;del civico n.;13;;Scontro laterale fra veicoli in marcia;Rettilineo;Una carreggiata a senso unico di marcia;Asciutto;Strada pavimentata dissestata;Verticale ed orizzontale;Nuvoloso;Normale;Buona;Ore Diurne;0;0;0;3;12.6038;41.8603;-1;2;Autovettura privata;In marcia / fermata / arresto;Passeggero;F;Illeso;0;;Non accertato;Inesploso
4565464;13;23/09/2019 18:40:00;Strada Urbana;VIALE DEI ROMAGNOLI;all'intersezione con;VIA GASTONE MASPERO;VIA GASTONE MASPERO;;;Veicolo in marcia contro ostacolo fisso;Incrocio;Una carreggiata a doppio senso;Asciutto;Asfaltata;Verticale;Sereno;Normale;Buona;Ore Diurne;0;0;0;1;12.316;41.7666;-1;1;Autovettura privata;In marcia / fermata / arresto;Conducente;M;Illeso;0;;Non accertato;Inesploso
4565467;1;22/09/2019 12:30:00;Strada Urbana;LUNGOTEVERE DEI SANGALLO;in prossimit�;;del palo luce n.;13;;Veicolo in marcia contro ostacolo accidentale;Rettilineo;Una carreggiata a senso unico di marcia;Bagnato (umidit� in atto);Asfaltata;Verticale ed orizzontale;Nuvoloso;Normale;Buona;Ore Diurne;0;0;0;2;12.4651;41.8982;-1;1;Autovettura privata;In marcia / fermata / arresto;Conducente;M;Illeso;0;;Non accertato;Inesploso
4565467;1;22/09/2019 12:30:00;Strada Urbana;LUNGOTEVERE DEI SANGALLO;in prossimit�;;del palo luce n.;13;;Veicolo in marcia contro ostacolo accidentale;Rettilineo;Una carreggiata a senso unico di marcia;Bagnato (umidit� in atto);Asfaltata;Verticale ed orizzontale;Nuvoloso;Normale;Buona;Ore Diurne;0;0;0;2;12.4651;41.8982;-1;1;Autovettura privata;In marcia / fermata / arresto;Passeggero;F;Illeso;0;;Non accertato;Inesploso
4565473;11;23/09/2019 19:20:00;Strada Urbana;VIALE GUGLIELMO MARCONI;da specificare;;;;prossimit� piazzale T. Edison;Tamponamento;Rettilineo;Una carreggiata a doppio senso;Asciutto;Asfaltata;Verticale ed orizzontale;Sereno;Intenso;Sufficiente;Sufficiente;1;0;0;1;12.4709;41.8585;-1;1;Motociclo a solo;In marcia / fermata / arresto;Conducente;M;Rimandato;0;NON DECEDUTO;;
4565473;11;23/09/2019 19:20:00;Strada Urbana;VIALE GUGLIELMO MARCONI;da specificare;;;;prossimit� piazzale T. Edison;Tamponamento;Rettilineo;Una carreggiata a doppio senso;Asciutto;Asfaltata;Verticale ed orizzontale;Sereno;Intenso;Sufficiente;Sufficiente;1;0;0;1;12.4709;41.8585;-1;2;Autovettura privata;In marcia / fermata / arresto;Conducente;F;Illeso;0;;;
4565475;13;23/09/2019 21:15:00;Strada Urbana;VIA DELLE EBRIDI;in corrispondenza;;del civico n.;93;;Fuoriuscita dalla sede stradale;Rettilineo;Una carreggiata a doppio senso;Asciutto;Asfaltata;Verticale;Sereno;Normale;Buona;Ore Diurne;0;0;0;1;12.2615;41.7388;-1;1;Autovettura privata;In marcia / fermata / arresto;Conducente;F;Illeso;0;;Non accertato;Inesploso
4565478;8;24/09/2019 03:50:00;Statale;VIA CASILINA;all'intersezione con;VIA WALTER TOBAGI;VIA WALTER TOBAGI;;;Scontro laterale fra veicoli in marcia;Intersezione semaforizzata;Una carreggiata a senso unico di marcia;Asciutto;Asfaltata;Verticale ed orizzontale;Sereno;Scarso;Buona;Sufficiente;0;0;0;2;12.6199;41.8628;-1;1;Autovettura privata;In marcia / fermata / arresto;Conducente;M;Illeso;0;;Non accertato;Inesploso
4565478;8;24/09/2019 03:50:00;Statale;VIA CASILINA;all'intersezione con;VIA WALTER TOBAGI;VIA WALTER TOBAGI;;;Scontro laterale fra veicoli in marcia;Intersezione semaforizzata;Una carreggiata a senso unico di marcia;Asciutto;Asfaltata;Verticale ed orizzontale;Sereno;Scarso;Buona;Sufficiente;0;0;0;2;12.6199;41.8628;-1;2;Autovettura privata;In marcia / fermata / arresto;Conducente;M;Illeso;0;;Non accertato;Inesploso
4565480;13;23/09/2019 14:15:00;Strada Urbana;VIA CRISTOFORO COLOMBO;da specificare;;;;altezza tenuta del Presidente;Tamponamento Multiplo;Rettilineo;Pi� di due carreggiate;Asciutto;Asfaltata;Verticale ed orizzontale;Sereno;Intenso;Buona;Ore Diurne;0;0;0;2;12.4536;41.8089;-1;1;Autovettura privata;In marcia / fermata / arresto;Conducente;M;Illeso;0;;Non accertato;
4565480;13;23/09/2019 14:15:00;Strada Urbana;VIA CRISTOFORO COLOMBO;da specificare;;;;altezza tenuta del Presidente;Tamponamento Multiplo;Rettilineo;Pi� di due carreggiate;Asciutto;Asfaltata;Verticale ed orizzontale;Sereno;Intenso;Buona;Ore Diurne;0;0;0;2;12.4536;41.8089;-1;2;Autovettura privata;In marcia / fermata / arresto;Conducente;F;Illeso;0;;Non accertato;Inesploso
4565480;13;23/09/2019 14:15:00;Strada Urbana;VIA CRISTOFORO COLOMBO;da specificare;;;;altezza tenuta del Presidente;Tamponamento Multiplo;Rettilineo;Pi� di due carreggiate;Asciutto;Asfaltata;Verticale ed orizzontale;Sereno;Intenso;Buona;Ore Diurne;0;0;0;2;12.4536;41.8089;-1;3;Autovettura privata;Allontanatosi;;;;;;;
4565485;11;23/09/2019 19:00:00;Strada Urbana;VIA LUIGI LASAGNA;in corrispondenza;;del civico n.;19;;Tamponamento;Rettilineo;Una carreggiata a senso unico di marcia;Asciutto;Asfaltata;Verticale ed orizzontale;Sereno;Normale;Sufficiente;Sufficiente;0;0;0;2;12.4901;41.8665;-1;1;Autovettura privata;In marcia / fermata / arresto;Conducente;M;Illeso;0;;;
4565485;11;23/09/2019 19:00:00;Strada Urbana;VIA LUIGI LASAGNA;in corrispondenza;;del civico n.;19;;Tamponamento;Rettilineo;Una carreggiata a senso unico di marcia;Asciutto;Asfaltata;Verticale ed orizzontale;Sereno;Normale;Sufficiente;Sufficiente;0;0;0;2;12.4901;41.8665;-1;2;Autovettura privata;In marcia / fermata / arresto;Conducente;M;Illeso;0;;;
4565487;13;24/09/2019 05:00:00;Strada Urbana;VIALE CRISTOFORO COLOMBO;in prossimit�;;della chilometrica;25.8;;Veicolo in marcia contro ostacolo fisso;Rettilineo;Pi� di due carreggiate;Asciutto;Asfaltata;Verticale ed orizzontale;Sereno;Scarso;Insufficiente;Inesistente;0;0;0;0;12.4536;41.8089;-1;1;Autovettura privata;In marcia / fermata / arresto;;;;;;;
4565490;12;15/09/2019 03:55:00;Statale;VIA OSTIENSE;all'intersezione con;VIA MONTE DEL FINOCCHIO;VIA MONTE DEL FINOCCHIO;;;Veicolo in marcia contro veicolo in sosta;Intersezione stradale segnalata;Una carreggiata a doppio senso;Asciutto;Asfaltata;Verticale ed orizzontale;Sereno;Scarso;Buona;Inesistente;0;0;0;1;12.454;41.8329;-1;1;Autovettura privata;Sosta;;;;;;;
4565490;12;15/09/2019 03:55:00;Statale;VIA OSTIENSE;all'intersezione con;VIA MONTE DEL FINOCCHIO;VIA MONTE DEL FINOCCHIO;;;Veicolo in marcia contro veicolo in sosta;Intersezione stradale segnalata;Una carreggiata a doppio senso;Asciutto;Asfaltata;Verticale ed orizzontale;Sereno;Scarso;Buona;Inesistente;0;0;0;1;12.454;41.8329;-1;2;Autovettura privata;In marcia / fermata / arresto;Conducente;M;Illeso;0;;;
4565495;20;23/09/2019 07:40:00;Regionale entro l'abitato;VIA CASSIA;in corrispondenza;;del civico n.;515;;Infortunio per sola frenata improvvisa;Rettilineo;Una carreggiata a doppio senso;Bagnato (pioggia);Asfaltata;Verticale ed orizzontale;Nuvoloso;Intenso;Buona;Ore Diurne;1;0;0;3;12.4533;41.9597;-1;1;Autovettura privata;In marcia / fermata / arresto;Conducente;M;Illeso;0;;;
4565495;20;23/09/2019 07:40:00;Regionale entro l'abitato;VIA CASSIA;in corrispondenza;;del civico n.;515;;Infortunio per sola frenata improvvisa;Rettilineo;Una carreggiata a doppio senso;Bagnato (pioggia);Asfaltata;Verticale ed orizzontale;Nuvoloso;Intenso;Buona;Ore Diurne;1;0;0;3;12.4533;41.9597;-1;1;Autovettura privata;In marcia / fermata / arresto;Passeggero;M;Illeso;0;;;
4565495;20;23/09/2019 07:40:00;Regionale entro l'abitato;VIA CASSIA;in corrispondenza;;del civico n.;515;;Infortunio per sola frenata improvvisa;Rettilineo;Una carreggiata a doppio senso;Bagnato (pioggia);Asfaltata;Verticale ed orizzontale;Nuvoloso;Intenso;Buona;Ore Diurne;1;0;0;3;12.4533;41.9597;-1;1;Autovettura privata;In marcia / fermata / arresto;Passeggero;F;Illeso;0;;;
4565495;20;23/09/2019 07:40:00;Regionale entro l'abitato;VIA CASSIA;in corrispondenza;;del civico n.;515;;Infortunio per sola frenata improvvisa;Rettilineo;Una carreggiata a doppio senso;Bagnato (pioggia);Asfaltata;Verticale ed orizzontale;Nuvoloso;Intenso;Buona;Ore Diurne;1;0;0;3;12.4533;41.9597;-1;2;Ciclomotore;In marcia / fermata / arresto;Conducente;F;Rimandato;0;NON DECEDUTO;;
4565497;19;23/09/2019 17:10:00;Strada Urbana;VIA DELLA BALDUINA;all'intersezione con;VIA ATTILIO FRIGGERI;VIA ATTILIO FRIGGERI;;;Scontro laterale fra veicoli in marcia;Incrocio;Una carreggiata a doppio senso;Asciutto;Asfaltata;Verticale ed orizzontale;Nuvoloso;Normale;Buona;Ore Diurne;0;0;0;2;12.4404;41.9206;-1;1;Motociclo a solo;In marcia / fermata / arresto;Conducente;M;Illeso;0;;;
4565497;19;23/09/2019 17:10:00;Strada Urbana;VIA DELLA BALDUINA;all'intersezione con;VIA ATTILIO FRIGGERI;VIA ATTILIO FRIGGERI;;;Scontro laterale fra veicoli in marcia;Incrocio;Una carreggiata a doppio senso;Asciutto;Asfaltata;Verticale ed orizzontale;Nuvoloso;Normale;Buona;Ore Diurne;0;0;0;2;12.4404;41.9206;-1;2;Autovettura privata;In marcia / fermata / arresto;Conducente;F;Illeso;0;;;
4565514;4;23/09/2019 15:45:00;Strada Urbana;VIA MONTE SENARIO;in corrispondenza;;del civico n.;121;;Investimento di pedone;Curva a visuale libera;Una carreggiata a senso unico di marcia;Asciutto;Asfaltata;Verticale ed orizzontale;Nuvoloso;Intenso;Buona;Ore Diurne;0;1;0;1;12.5305;41.9444;-1;;;;Pedone;F;Prognosi riservata;0;NON DECEDUTO;;
4565514;4;23/09/2019 15:45:00;Strada Urbana;VIA MONTE SENARIO;in corrispondenza;;del civico n.;121;;Investimento di pedone;Curva a visuale libera;Una carreggiata a senso unico di marcia;Asciutto;Asfaltata;Verticale ed orizzontale;Nuvoloso;Intenso;Buona;Ore Diurne;0;1;0;1;12.5305;41.9444;-1;1;Motociclo a solo;In marcia / fermata / arresto;Conducente;M;Illeso;0;;Non accertato;
4565515;1;23/09/2019 12:00:00;Strada Urbana;VIALE MARCO POLO;in corrispondenza;;del civico n.;21;;Scontro laterale fra veicoli in marcia;Rettilineo;Una carreggiata a doppio senso;Asciutto;Asfaltata;Verticale ed orizzontale;Sereno;Normale;Buona;Ore Diurne;1;0;0;1;12.4849;41.8752;-1;1;Autovettura privata;In marcia / fermata / arresto;Conducente;M;Rimandato;0;NON DECEDUTO;Non accertato;Inesploso