Protocollo;Gruppo;DataOraIncidente;Localizzazione1;STRADA1;Localizzazione2;STRADA2;Strada02;Chilometrica;DaSpecificare;NaturaIncidente;particolaritastrade;TipoStrada;FondoStradale;Pavimentazione;Segnaletica;CondizioneAtmosferica;Traffico;Visibilita;Illuminazione;NUM_FERITI;NUM_RISERVATA;NUM_MORTI;NUM_ILLESI;Longitudine;Latitudine;Confermato;Progressivo;TipoVeicolo;StatoVeicolo;TipoPersona;Sesso;Tipolesione;Deceduto;DecedutoDopo;CinturaCascoUtilizzato;Airbag;
4573149;1;27/09/2019 21:00:00;Strada Urbana;PIAZZA DI S. MARIA MAGGIORE;da specificare;;;;fronte civ. 12;Scontro laterale fra veicoli in marcia;Rettilineo;Una carreggiata a senso unico di marcia;Asciutto;Asfaltata;Verticale ed orizzontale;Sereno;Normale;Buona;Sufficiente;0;0;0;2;12.4994;41.8973;-1;1;Autovettura privata;In marcia / fermata / arresto;Conducente;M;Illeso;0;;;
4573149;1;27/09/2019 21:00:00;Strada Urbana;PIAZZA DI S. MARIA MAGGIORE;da specificare;;;;fronte civ. 12;Scontro laterale fra veicoli in marcia;Rettilineo;Una carreggiata a senso unico di marcia;Asciutto;Asfaltata;Verticale ed orizzontale;Sereno;Normale;Buona;Sufficiente;0;0;0;2;12.4994;41.8973;-1;2;Autovettura privata;In marcia / fermata / arresto;Conducente;M;Illeso;0;;;
4573153;19;27/09/2019 17:00:00;Strada Urbana;VIA MARIA PEZZE' PASCOLATO;all'intersezione con;VIA DEL FORTE TRIONFALE;VIA DEL FORTE TRIONFALE;;;Investimento di pedone;Incrocio;Una carreggiata a doppio senso;Asciutto;Asfaltata;Verticale ed orizzontale;Sereno;Normale;Buona;Ore Diurne;1;0;0;1;12.4331;41.9391;-1;;;;Pedone;F;Ricoverato;0;NON DECEDUTO;;
4573153;19;27/09/2019 17:00:00;Strada Urbana;VIA MARIA PEZZE' PASCOLATO;all'intersezione con;VIA DEL FORTE TRIONFALE;VIA DEL FORTE TRIONFALE;;;Investimento di pedone;Incrocio;Una carreggiata a doppio senso;Asciutto;Asfaltata;Verticale ed orizzontale;Sereno;Normale;Buona;Ore Diurne;1;0;0;1;12.4331;41.9391;-1;1;Autovettura privata;In marcia / fermata / arresto;Conducente;F;Illeso;0;;;
4573174;19;27/09/2019 15:10:00;Strada Urbana;VIA STEFANO BORGIA;in corrispondenza;;del civico n.;167 a;;Scontro laterale fra veicoli in marcia;Rettilineo;Una carreggiata a senso unico di marcia;Asciutto;Asfaltata;Assente;Sereno;Scarso;Buona;Ore Diurne;0;0;0;2;12.4191;41.9234;-1;1;Autovettura privata;In marcia / fermata / arresto;Conducente;M;Illeso;0;;Non accertato;Inesploso
4573174;19;27/09/2019 15:10:00;Strada Urbana;VIA STEFANO BORGIA;in corrispondenza;;del civico n.;167 a;;Scontro laterale fra veicoli in marcia;Rettilineo;Una carreggiata a senso unico di marcia;Asciutto;Asfaltata;Assente;Sereno;Scarso;Buona;Ore Diurne;0;0;0;2;12.4191;41.9234;-1;2;Autovettura privata;In marcia / fermata / arresto;Conducente;F;Illeso;0;;Non accertato;Inesploso
4573178;1;27/09/2019 15:00:00;Strada Urbana;VIALE MANZONI;all'intersezione semaforizzata con;VIA DI PORTA MAGGIORE;VIA DI PORTA MAGGIORE;;;Scontro laterale fra veicoli in marcia;Incrocio;Una carreggiata a doppio senso;Asciutto;Asfaltata;Assente;Sereno;Normale;Buona;Ore Diurne;0;0;0;2;12.5079;41.8913;-1;1;Autovettura privata;In marcia / fermata / arresto;Conducente;M;Illeso;0;;;
4573178;1;27/09/2019 15:00:00;Strada Urbana;VIALE MANZONI;all'intersezione semaforizzata con;VIA DI PORTA MAGGIORE;VIA DI PORTA MAGGIORE;;;Scontro laterale fra veicoli in marcia;Incrocio;Una carreggiata a doppio senso;Asciutto;Asfaltata;Assente;Sereno;Normale;Buona;Ore Diurne;0;0;0;2;12.5079;41.8913;-1;2;Autovettura pubblica;In marcia / fermata / arresto;Conducente;M;Illeso;0;;;
4573191;13;27/09/2019 23:00:00;Strada Urbana;VIA LIDO DI CASTEL PORZIANO;all'intersezione con;VIALE DI CASTEL PORZIANO;VIALE DI CASTEL PORZIANO;;;Scontro frontale fra veicoli in marcia;Incrocio;Una carreggiata a doppio senso;Asciutto;Asfaltata;Verticale ed orizzontale;Sereno;Scarso;Buona;Insufficiente;0;0;0;2;12.3398;41.727;-1;1;Autovettura privata;In marcia / fermata / arresto;Conducente;F;Illeso;0;;Non accertato;Inesploso
4573191;13;27/09/2019 23:00:00;Strada Urbana;VIA LIDO DI CASTEL PORZIANO;all'intersezione con;VIALE DI CASTEL PORZIANO;VIALE DI CASTEL PORZIANO;;;Scontro frontale fra veicoli in marcia;Incrocio;Una carreggiata a doppio senso;Asciutto;Asfaltata;Verticale ed orizzontale;Sereno;Scarso;Buona;Insufficiente;0;0;0;2;12.3398;41.727;-1;2;Autovettura privata;In marcia / fermata / arresto;Conducente;M;Illeso;0;;Non accertato;Inesploso
4573222;20;28/09/2019 09:40:00;Regionale;VIA FLAMINIA;in corrispondenza;;della chilometrica;11.3;;Ribaltamento senza urto contro ostacolo fisso;Rettilineo;Due carreggiate;Asciutto;Asfaltata;Verticale ed orizzontale;Sereno;Normale;Buona;Ore Diurne;1;0;0;0;12.4718;41.9419;-1;1;Velocipede;In marcia / fermata / arresto;Conducente;M;Rimandato;0;NON DECEDUTO;Esente;
4573223;12;28/09/2019 06:00:00;Strada Urbana;VIA DELL'ORSA MAGGIORE;in corrispondenza;;del palo luce n.;8;;Veicolo in marcia contro veicolo in sosta;Rettilineo;Una carreggiata a doppio senso;Asciutto;Asfaltata;Verticale ed orizzontale;Sereno;Scarso;Buona;Ore Diurne;0;0;0;1;12.4458;41.8131;-1;1;Autovettura privata;In marcia / fermata / arresto;Conducente;M;Illeso;0;;Non accertato;Inesploso
4573223;12;28/09/2019 06:00:00;Strada Urbana;VIA DELL'ORSA MAGGIORE;in corrispondenza;;del palo luce n.;8;;Veicolo in marcia contro veicolo in sosta;Rettilineo;Una carreggiata a doppio senso;Asciutto;Asfaltata;Verticale ed orizzontale;Sereno;Scarso;Buona;Ore Diurne;0;0;0;1;12.4458;41.8131;-1;2;Autocarro inferiore 35 q.;Sosta;;;;;;;
4573238;10;28/09/2019 10:05:00;Statale entro l'abitato;VIA APPIA NUOVA;all'intersezione semaforizzata con;VIA ACERENZA;VIA ACERENZA;;;Scontro laterale fra veicoli in marcia;Intersezione semaforizzata;Due carreggiate;Asciutto;Asfaltata;Verticale ed orizzontale;Sereno;Normale;Buona;Ore Diurne;1;0;0;1;12.5514;41.8418;-1;1;Motociclo a solo;In marcia / fermata / arresto;Conducente;M;Rimandato;0;NON DECEDUTO;Non accertato;
4573238;10;28/09/2019 10:05:00;Statale entro l'abitato;VIA APPIA NUOVA;all'intersezione semaforizzata con;VIA ACERENZA;VIA ACERENZA;;;Scontro laterale fra veicoli in marcia;Intersezione semaforizzata;Due carreggiate;Asciutto;Asfaltata;Verticale ed orizzontale;Sereno;Normale;Buona;Ore Diurne;1;0;0;1;12.5514;41.8418;-1;2;Autocarro inferiore 35 q.;In marcia / fermata / arresto;Conducente;M;Illeso;0;;Non accertato;Inesploso
4573289;4;27/09/2019 14:30:00;Strada Urbana;VIALE TITINA DE FILIPPO;da specificare;;;;alt. palo acea n. 30;Tamponamento;Rettilineo;Due carreggiate;Asciutto;Asfaltata;Verticale ed orizzontale;Sereno;Normale;Buona;Ore Diurne;3;0;0;0;12.5165;41.9667;-1;1;Autovettura privata;In marcia / fermata / arresto;Conducente;M;Rimandato;0;NON DECEDUTO;Non accertato;Inesploso
4573289;4;27/09/2019 14:30:00;Strada Urbana;VIALE TITINA DE FILIPPO;da specificare;;;;alt. palo acea n. 30;Tamponamento;Rettilineo;Due carreggiate;Asciutto;Asfaltata;Verticale ed orizzontale;Sereno;Normale;Buona;Ore Diurne;3;0;0;0;12.5165;41.9667;-1;2;Autovettura privata;In marcia / fermata / arresto;Conducente;M;Rimandato;0;NON DECEDUTO;Non accertato;Inesploso
4573289;4;27/09/2019 14:30:00;Strada Urbana;VIALE TITINA DE FILIPPO;da specificare;;;;alt. palo acea n. 30;Tamponamento;Rettilineo;Due carreggiate;Asciutto;Asfaltata;Verticale ed orizzontale;Sereno;Normale;Buona;Ore Diurne;3;0;0;0;12.5165;41.9667;-1;2;Autovettura privata;In marcia / fermata / arresto;Passeggero;F;Rimandato;0;NON DECEDUTO;Non accertato;Inesploso
4573318;15;27/09/2019 12:50:00;Strada Urbana;VIA ODERISI DA GUBBIO;in corrispondenza;;del civico n.;3;;Tamponamento;Rettilineo;Una carreggiata a doppio senso;Asciutto;Asfaltata;Verticale ed orizzontale;Sereno;Scarso;Buona;Ore Diurne;0;0;0;2;12.4672;41.869;-1;1;Motociclo a solo;In marcia / fermata / arresto;Conducente;M;Illeso;0;;Utilizzato;
4573318;15;27/09/2019 12:50:00;Strada Urbana;VIA ODERISI DA GUBBIO;in corrispondenza;;del civico n.;3;;Tamponamento;Rettilineo;Una carreggiata a doppio senso;Asciutto;Asfaltata;Verticale ed orizzontale;Sereno;Scarso;Buona;Ore Diurne;0;0;0;2;12.4672;41.869;-1;2;Autovettura privata;In marcia / fermata / arresto;Conducente;M;Illeso;0;;Non accertato;
4573340;4;27/09/2019 17:30:00;Strada Urbana;VIA UGO OJETTI;in prossimit�;;del civico n.;456;;Tamponamento;Rettilineo;Una carreggiata a senso unico di marcia;Asciutto;Asfaltata;Verticale ed orizzontale;Sereno;Normale;Buona;Ore Diurne;2;0;0;1;12.5578;41.9496;-1;1;Autovettura privata;In marcia / fermata / arresto;Conducente;M;Illeso;0;;Non accertato;Inesploso
4573340;4;27/09/2019 17:30:00;Strada Urbana;VIA UGO OJETTI;in prossimit�;;del civico n.;456;;Tamponamento;Rettilineo;Una carreggiata a senso unico di marcia;Asciutto;Asfaltata;Verticale ed orizzontale;Sereno;Normale;Buona;Ore Diurne;2;0;0;1;12.5578;41.9496;-1;2;Autovettura privata;In marcia / fermata / arresto;Conducente;M;Rimandato;0;NON DECEDUTO;Non accertato;Inesploso
4573340;4;27/09/2019 17:30:00;Strada Urbana;VIA UGO OJETTI;in prossimit�;;del civico n.;456;;Tamponamento;Rettilineo;Una carreggiata a senso unico di marcia;Asciutto;Asfaltata;Verticale ed orizzontale;Sereno;Normale;Buona;Ore Diurne;2;0;0;1;12.5578;41.9496;-1;2;Autovettura privata;In marcia / fermata / arresto;Passeggero;F;Rimandato;0;NON DECEDUTO;Non accertato;Inesploso
4573341;17;27/09/2019 18:00:00;Strada Urbana;VIA ANGELO EMO;all'intersezione semaforizzata con;VIA FRANCESCO DUODO;VIA FRANCESCO DUODO;;;Tamponamento Multiplo;Intersezione semaforizzata;Una carreggiata a doppio senso;Asciutto;Asfaltata;Verticale ed orizzontale;Sereno;Normale;Buona;Ore Diurne;1;0;0;3;12.4452;41.9038;0;1;Autovettura privata;In marcia / fermata / arresto;Conducente;M;Illeso;0;;;
4573341;17;27/09/2019 18:00:00;Strada Urbana;VIA ANGELO EMO;all'intersezione semaforizzata con;VIA FRANCESCO DUODO;VIA FRANCESCO DUODO;;;Tamponamento Multiplo;Intersezione semaforizzata;Una carreggiata a doppio senso;Asciutto;Asfaltata;Verticale ed orizzontale;Sereno;Normale;Buona;Ore Diurne;1;0;0;3;12.4452;41.9038;0;2;Autovettura privata;In marcia / fermata / arresto;Conducente;F;Illeso;0;;;
4573341;17;27/09/2019 18:00:00;Strada Urbana;VIA ANGELO EMO;all'intersezione semaforizzata con;VIA FRANCESCO DUODO;VIA FRANCESCO DUODO;;;Tamponamento Multiplo;Intersezione semaforizzata;Una carreggiata a doppio senso;Asciutto;Asfaltata;Verticale ed orizzontale;Sereno;Normale;Buona;Ore Diurne;1;0;0;3;12.4452;41.9038;0;3;Autovettura privata;In marcia / fermata / arresto;Conducente;M;Rifiuta cure immediate;0;NON DECEDUTO;;
4573341;17;27/09/2019 18:00:00;Strada Urbana;VIA ANGELO EMO;all'intersezione semaforizzata con;VIA FRANCESCO DUODO;VIA FRANCESCO DUODO;;;Tamponamento Multiplo;Intersezione semaforizzata;Una carreggiata a doppio senso;Asciutto;Asfaltata;Verticale ed orizzontale;Sereno;Normale;Buona;Ore Diurne;1;0;0;3;12.4452;41.9038;0;4;Autovettura privata;In marcia / fermata / arresto;Conducente;F;Illeso;0;;;
4573409;17;27/09/2019 20:15:00;Strada Urbana;VIALE SOMALIA;all'intersezione con;VIA GIOVANNI ANIMUCCIA;VIA GIOVANNI ANIMUCCIA;;;Scontro frontale/laterale DX fra veicoli in marcia;Intersezione stradale segnalata;Una carreggiata a doppio senso;Asciutto;Asfaltata;Verticale ed orizzontale;Sereno;Normale;Buona;Sufficiente;1;0;0;1;12.5172;41.9355;-1;1;Autovettura privata;In marcia / fermata / arresto;Conducente;M;Illeso;0;;;
4573409;17;27/09/2019 20:15:00;Strada Urbana;VIALE SOMALIA;all'intersezione con;VIA GIOVANNI ANIMUCCIA;VIA GIOVANNI ANIMUCCIA;;;Scontro frontale/laterale DX fra veicoli in marcia;Intersezione stradale segnalata;Una carreggiata a doppio senso;Asciutto;Asfaltata;Verticale ed orizzontale;Sereno;Normale;Buona;Sufficiente;1;0;0;1;12.5172;41.9355;-1;2;Autovettura privata;In marcia / fermata / arresto;Conducente;M;Rimandato;0;NON DECEDUTO;;
4573409;17;27/09/2019 20:15:00;Strada Urbana;VIALE SOMALIA;all'intersezione con;VIA GIOVANNI ANIMUCCIA;VIA GIOVANNI ANIMUCCIA;;;Scontro frontale/laterale DX fra veicoli in marcia;Intersezione stradale segnalata;Una carreggiata a doppio senso;Asciutto;Asfaltata;Verticale ed orizzontale;Sereno;Normale;Buona;Sufficiente;1;0;0;1;12.5172;41.9355;-1;3;Autovettura privata;Sosta;;;;;;;
4573409;17;27/09/2019 20:15:00;Strada Urbana;VIALE SOMALIA;all'intersezione con;VIA GIOVANNI ANIMUCCIA;VIA GIOVANNI ANIMUCCIA;;;Scontro frontale/laterale DX fra veicoli in marcia;Intersezione stradale segnalata;Una carreggiata a doppio senso;Asciutto;Asfaltata;Verticale ed orizzontale;Sereno;Normale;Buona;Sufficiente;1;0;0;1;12.5172;41.9355;-1;4;Autovettura privata;Sosta;;;;;;;
4573437;9;28/09/2019 06:00:00;;CIRCONVALLAZIONE APPIA;in prossimit�;;del civico n.;160;;Veicolo in marcia contro veicolo in sosta;;;;;;;;;;0;0;0;0;12.5124;41.8748;0;1;Autovettura privata;Allontanatosi;;;;;;;
4573437;9;28/09/2019 06:00:00;;CIRCONVALLAZIONE APPIA;in prossimit�;;del civico n.;160;;Veicolo in marcia contro veicolo in sosta;;;;;;;;;;0;0;0;0;12.5124;41.8748;0;2;Autovettura privata;Sosta;;;;;;;
4573448;17;28/09/2019 03:00:00;Strada Urbana;PIAZZA ADRIANA;in prossimit�;;del civico n.;10;;Veicolo in marcia contro veicolo in sosta;Curva a visuale libera;Una carreggiata a senso unico di marcia;Asciutto;Asfaltata;Verticale ed orizzontale;Sereno;Scarso;Buona;Sufficiente;1;0;0;2;12.467;41.905;-1;1;Autovettura privata;In marcia / fermata / arresto;Conducente;M;Illeso;0;;;
4573448;17;28/09/2019 03:00:00;Strada Urbana;PIAZZA ADRIANA;in prossimit�;;del civico n.;10;;Veicolo in marcia contro veicolo in sosta;Curva a visuale libera;Una carreggiata a senso unico di marcia;Asciutto;Asfaltata;Verticale ed orizzontale;Sereno;Scarso;Buona;Sufficiente;1;0;0;2;12.467;41.905;-1;1;Autovettura privata;In marcia / fermata / arresto;Passeggero;M;Illeso;0;;;
4573448;17;28/09/2019 03:00:00;Strada Urbana;PIAZZA ADRIANA;in prossimit�;;del civico n.;10;;Veicolo in marcia contro veicolo in sosta;Curva a visuale libera;Una carreggiata a senso unico di marcia;Asciutto;Asfaltata;Verticale ed orizzontale;Sereno;Scarso;Buona;Sufficiente;1;0;0;2;12.467;41.905;-1;1;Autovettura privata;In marcia / fermata / arresto;Passeggero;M;Rimandato;0;NON DECEDUTO;;
4573448;17;28/09/2019 03:00:00;Strada Urbana;PIAZZA ADRIANA;in prossimit�;;del civico n.;10;;Veicolo in marcia contro veicolo in sosta;Curva a visuale libera;Una carreggiata a senso unico di marcia;Asciutto;Asfaltata;Verticale ed orizzontale;Sereno;Scarso;Buona;Sufficiente;1;0;0;2;12.467;41.905;-1;2;Autovettura privata;Sosta;;;;;;;
4573448;17;28/09/2019 03:00:00;Strada Urbana;PIAZZA ADRIANA;in prossimit�;;del civico n.;10;;Veicolo in marcia contro veicolo in sosta;Curva a visuale libera;Una carreggiata a senso unico di marcia;Asciutto;Asfaltata;Verticale ed orizzontale;Sereno;Scarso;Buona;Sufficiente;1;0;0;2;12.467;41.905;-1;3;Autovettura privata;Sosta;;;;;;;
4573448;17;28/09/2019 03:00:00;Strada Urbana;PIAZZA ADRIANA;in prossimit�;;del civico n.;10;;Veicolo in marcia contro veicolo in sosta;Curva a visuale libera;Una carreggiata a senso unico di marcia;Asciutto;Asfaltata;Verticale ed orizzontale;Sereno;Scarso;Buona;Sufficiente;1;0;0;2;12.467;41.905;-1;4;Motociclo a solo;Sosta;;;;;;;
4573481;12;28/09/2019 10:50:00;Strada Urbana;VIALE AMERICA;da specificare;;;;alt. fr. civ. 19, dir. v.le Beethoven;Tamponamento;Rettilineo;Una carreggiata a doppio senso;Asciutto;Asfaltata;Verticale ed orizzontale;Nuvoloso;Normale;Buona;Ore Diurne;1;0;0;1;12.4672;41.83;-1;1;Autovettura privata;In marcia / fermata / arresto;Conducente;F;Illeso;0;;Utilizzato;Inesploso
4573481;12;28/09/2019 10:50:00;Strada Urbana;VIALE AMERICA;da specificare;;;;alt. fr. civ. 19, dir. v.le Beethoven;Tamponamento;Rettilineo;Una carreggiata a doppio senso;Asciutto;Asfaltata;Verticale ed orizzontale;Nuvoloso;Normale;Buona;Ore Diurne;1;0;0;1;12.4672;41.83;-1;2;Motociclo a solo;In marcia / fermata / arresto;Conducente;M;Ricoverato;0;NON DECEDUTO;Utilizzato;
4573482;4;27/09/2019 17:00:00;Strada Urbana;VIA UMBERTO BARBARO;da specificare;;;;fronte civ. 24;Veicolo in marcia contro veicolo fermo;Rettilineo;Una carreggiata a senso unico di marcia;Asciutto;Asfaltata;Assente;Sereno;Scarso;Buona;Ore Diurne;0;0;0;3;12.5383;41.959;-1;1;Autovettura privata;In marcia / fermata / arresto;Conducente;M;Illeso;0;;;
4573482;4;27/09/2019 17:00:00;Strada Urbana;VIA UMBERTO BARBARO;da specificare;;;;fronte civ. 24;Veicolo in marcia contro veicolo fermo;Rettilineo;Una carreggiata a senso unico di marcia;Asciutto;Asfaltata;Assente;Sereno;Scarso;Buona;Ore Diurne;0;0;0;3;12.5383;41.959;-1;2;Autovettura privata;In marcia / fermata / arresto;Conducente;M;Illeso;0;;;
4573482;4;27/09/2019 17:00:00;Strada Urbana;VIA UMBERTO BARBARO;da specificare;;;;fronte civ. 24;Veicolo in marcia contro veicolo fermo;Rettilineo;Una carreggiata a senso unico di marcia;Asciutto;Asfaltata;Assente;Sereno;Scarso;Buona;Ore Diurne;0;0;0;3;12.5383;41.959;-1;2;Autovettura privata;In marcia / fermata / arresto;Passeggero;F;Illeso;0;;;
4573531;9;28/09/2019 07:40:00;Strada Urbana;VIA BRITANNIA;in prossimit�;;del civico n.;34;;Investimento di pedone;Rettilineo;Una carreggiata a doppio senso;Asciutto;Asfaltata;Orizzontale;Sereno;Scarso;Buona;Ore Diurne;1;0;0;2;12.5081;41.8794;-1;;;;Pedone;M;Rimandato;0;NON DECEDUTO;;
4573531;9;28/09/2019 07:40:00;Strada Urbana;VIA BRITANNIA;in prossimit�;;del civico n.;34;;Investimento di pedone;Rettilineo;Una carreggiata a doppio senso;Asciutto;Asfaltata;Orizzontale;Sereno;Scarso;Buona;Ore Diurne;1;0;0;2;12.5081;41.8794;-1;1;Autovettura privata;In marcia / fermata / arresto;Conducente;M;Illeso;0;;Non accertato;Inesploso
4573531;9;28/09/2019 07:40:00;Strada Urbana;VIA BRITANNIA;in prossimit�;;del civico n.;34;;Investimento di pedone;Rettilineo;Una carreggiata a doppio senso;Asciutto;Asfaltata;Orizzontale;Sereno;Scarso;Buona;Ore Diurne;1;0;0;2;12.5081;41.8794;-1;1;Autovettura privata;In marcia / fermata / arresto;Passeggero;F;Illeso;0;;Non accertato;Inesploso
4573537;12;28/09/2019 10:45:00;Strada Urbana;VIA DI TOR PAGNOTTA;in prossimit�;;del civico n.;304;;Scontro frontale/laterale DX fra veicoli in marcia;Rettilineo;Una carreggiata a doppio senso;Asciutto;Asfaltata;Verticale ed orizzontale;Nuvoloso;Normale;Buona;Ore Diurne;1;0;0;0;12.5109;41.8036;0;1;Motociclo a solo;In marcia / fermata / arresto;Conducente;M;Rimandato;0;NON DECEDUTO;Utilizzato;
4573537;12;28/09/2019 10:45:00;Strada Urbana;VIA DI TOR PAGNOTTA;in prossimit�;;del civico n.;304;;Scontro frontale/laterale DX fra veicoli in marcia;Rettilineo;Una carreggiata a doppio senso;Asciutto;Asfaltata;Verticale ed orizzontale;Nuvoloso;Normale;Buona;Ore Diurne;1;0;0;0;12.5109;41.8036;0;2;Autovettura privata;Allontanatosi;;;;;;;
4573558;18;28/09/2019 14:00:00;Strada Urbana;VIA DELLA MAGLIANELLA;in corrispondenza;;del civico n.;206;;Tamponamento;Rettilineo;Una carreggiata a doppio senso;Asciutto;Asfaltata;Assente;Nuvoloso;Scarso;Buona;Ore Diurne;1;0;0;6;12.382;41.9035;-1;1;Autovettura privata;In marcia / fermata / arresto;Conducente;F;Illeso;0;;Non accertato;Inesploso
4573558;18;28/09/2019 14:00:00;Strada Urbana;VIA DELLA MAGLIANELLA;in corrispondenza;;del civico n.;206;;Tamponamento;Rettilineo;Una carreggiata a doppio senso;Asciutto;Asfaltata;Assente;Nuvoloso;Scarso;Buona;Ore Diurne;1;0;0;6;12.382;41.9035;-1;2;Autovettura pubblica;In marcia / fermata / arresto;Conducente;M;Illeso;0;;Non accertato;Inesploso
4573558;18;28/09/2019 14:00:00;Strada Urbana;VIA DELLA MAGLIANELLA;in corrispondenza;;del civico n.;206;;Tamponamento;Rettilineo;Una carreggiata a doppio senso;Asciutto;Asfaltata;Assente;Nuvoloso;Scarso;Buona;Ore Diurne;1;0;0;6;12.382;41.9035;-1;2;Autovettura pubblica;In marcia / fermata / arresto;Passeggero;F;Illeso;0;;Non accertato;Inesploso
4573558;18;28/09/2019 14:00:00;Strada Urbana;VIA DELLA MAGLIANELLA;in corrispondenza;;del civico n.;206;;Tamponamento;Rettilineo;Una carreggiata a doppio senso;Asciutto;Asfaltata;Assente;Nuvoloso;Scarso;Buona;Ore Diurne;1;0;0;6;12.382;41.9035;-1;2;Autovettura pubblica;In marcia / fermata / arresto;Passeggero;F;Illeso;0;;Non accertato;Inesploso
4573558;18;28/09/2019 14:00:00;Strada Urbana;VIA DELLA MAGLIANELLA;in corrispondenza;;del civico n.;206;;Tamponamento;Rettilineo;Una carreggiata a doppio senso;Asciutto;Asfaltata;Assente;Nuvoloso;Scarso;Buona;Ore Diurne;1;0;0;6;12.382;41.9035;-1;2;Autovettura pubblica;In marcia / fermata / arresto;Passeggero;M;Illeso;0;;Non accertato;Inesploso
4573558;18;28/09/2019 14:00:00;Strada Urbana;VIA DELLA MAGLIANELLA;in corrispondenza;;del civico n.;206;;Tamponamento;Rettilineo;Una carreggiata a doppio senso;Asciutto;Asfaltata;Assente;Nuvoloso;Scarso;Buona;Ore Diurne;1;0;0;6;12.382;41.9035;-1;2;Autovettura pubblica;In marcia / fermata / arresto;Passeggero;M;Illeso;0;;Non accertato;Inesploso
4573558;18;28/09/2019 14:00:00;Strada Urbana;VIA DELLA MAGLIANELLA;in corrispondenza;;del civico n.;206;;Tamponamento;Rettilineo;Una carreggiata a doppio senso;Asciutto;Asfaltata;Assente;Nuvoloso;Scarso;Buona;Ore Diurne;1;0;0;6;12.382;41.9035;-1;2;Autovettura pubblica;In marcia / fermata / arresto;Passeggero;F;Rimandato;0;NON DECEDUTO;Non accertato;Inesploso
4573575;2;28/09/2019 12:25:00;Strada Urbana;VIA CESARE BECCARIA;da specificare;;;;fronte civico 88;Veicolo in marcia contro veicolo fermo;Rettilineo;Una carreggiata a senso unico di marcia;Asciutto;Asfaltata;Verticale ed orizzontale;Nuvoloso;Scarso;Buona;Ore Diurne;0;0;0;3;12.4735;41.9125;-1;1;Autovettura privata;In marcia / fermata / arresto;Conducente;M;Illeso;0;;;
4573575;2;28/09/2019 12:25:00;Strada Urbana;VIA CESARE BECCARIA;da specificare;;;;fronte civico 88;Veicolo in marcia contro veicolo fermo;Rettilineo;Una carreggiata a senso unico di marcia;Asciutto;Asfaltata;Verticale ed orizzontale;Nuvoloso;Scarso;Buona;Ore Diurne;0;0;0;3;12.4735;41.9125;-1;2;Autovettura privata;In marcia / fermata / arresto;Conducente;F;Illeso;0;;;
4573575;2;28/09/2019 12:25:00;Strada Urbana;VIA CESARE BECCARIA;da specificare;;;;fronte civico 88;Veicolo in marcia contro veicolo fermo;Rettilineo;Una carreggiata a senso unico di marcia;Asciutto;Asfaltata;Verticale ed orizzontale;Nuvoloso;Scarso;Buona;Ore Diurne;0;0;0;3;12.4735;41.9125;-1;2;Autovettura privata;In marcia / fermata / arresto;Passeggero;M;Illeso;0;;;
4573639;11;27/09/2019 09:45:00;Strada Urbana;VIALE FERDINANDO BALDELLI;in corrispondenza;;del civico n.;37;;Scontro frontale/laterale DX fra veicoli in marcia;Rettilineo;Due carreggiate;Asciutto;Asfaltata;Verticale ed orizzontale;Sereno;Normale;Buona;Ore Diurne;1;0;0;1;12.4752;41.8568;-1;1;Autocarro inferiore 35 q.;In marcia / fermata / arresto;Conducente;M;Illeso;0;;Non accertato;
4573639;11;27/09/2019 09:45:00;Strada Urbana;VIALE FERDINANDO BALDELLI;in corrispondenza;;del civico n.;37;;Scontro frontale/laterale DX fra veicoli in marcia;Rettilineo;Due carreggiate;Asciutto;Asfaltata;Verticale ed orizzontale;Sereno;Normale;Buona;Ore Diurne;1;0;0;1;12.4752;41.8568;-1;2;Velocipede;In marcia / fermata / arresto;Conducente;F;Rimandato;0;NON DECEDUTO;Esente;
4573650;9;28/09/2019 14:25:00;Strada Urbana;VIA TUSCOLANA;all'intersezione semaforizzata con;VIA VETURIA;VIA VETURIA;;;Scontro frontale/laterale SX fra veicoli in marcia;Intersezione semaforizzata;Una carreggiata a doppio senso;Asciutto;Asfaltata;Verticale ed orizzontale;Sereno;Normale;Buona;Ore Diurne;0;0;0;3;12.524;41.878;-1;1;Autovettura privata;In marcia / fermata / arresto;Conducente;M;Illeso;0;;Non accertato;Inesploso
4573650;9;28/09/2019 14:25:00;Strada Urbana;VIA TUSCOLANA;all'intersezione semaforizzata con;VIA VETURIA;VIA VETURIA;;;Scontro frontale/laterale SX fra veicoli in marcia;Intersezione semaforizzata;Una carreggiata a doppio senso;Asciutto;Asfaltata;Verticale ed orizzontale;Sereno;Normale;Buona;Ore Diurne;0;0;0;3;12.524;41.878;-1;1;Autovettura privata;In marcia / fermata / arresto;Passeggero;F;Illeso;0;;Non accertato;Inesploso
4573650;9;28/09/2019 14:25:00;Strada Urbana;VIA TUSCOLANA;all'intersezione semaforizzata con;VIA VETURIA;VIA VETURIA;;;Scontro frontale/laterale SX fra veicoli in marcia;Intersezione semaforizzata;Una carreggiata a doppio senso;Asciutto;Asfaltata;Verticale ed orizzontale;Sereno;Normale;Buona;Ore Diurne;0;0;0;3;12.524;41.878;-1;2;Autovettura privata;In marcia / fermata / arresto;Conducente;M;Illeso;0;;Non accertato;Inesploso