Protocollo;Gruppo;DataOraIncidente;Localizzazione1;STRADA1;Localizzazione2;STRADA2;Strada02;Chilometrica;DaSpecificare;NaturaIncidente;particolaritastrade;TipoStrada;FondoStradale;Pavimentazione;Segnaletica;CondizioneAtmosferica;Traffico;Visibilita;Illuminazione;NUM_FERITI;NUM_RISERVATA;NUM_MORTI;NUM_ILLESI;Longitudine;Latitudine;Confermato;Progressivo;TipoVeicolo;StatoVeicolo;TipoPersona;Sesso;Tipolesione;Deceduto;DecedutoDopo;CinturaCascoUtilizzato;Airbag;
4575663;15;28/09/2019 08:15:00;Strada Urbana;VIA QUIRINO MAJORANA;da specificare;;;;cavalcavia portuense fronte civ. 43;Scontro frontale/laterale SX fra veicoli in marcia;Rettilineo;Una carreggiata a doppio senso;Asciutto;Asfaltata;Orizzontale;Sereno;Normale;Buona;Ore Diurne;3;0;0;0;12.4621;41.8685;-1;2;Autovettura privata;In marcia / fermata / arresto;Conducente;F;Rimandato;0;NON DECEDUTO;Non accertato;Esploso
4575671;1;29/09/2019 16:30:00;Strada Urbana;LARGO DEL TRITONE;all'intersezione con;VIA DEL TRITONE;VIA DEL TRITONE;;;Scontro frontale/laterale SX fra veicoli in marcia;Intersezione semaforizzata;Una carreggiata a doppio senso;Asciutto;Asfaltata;Verticale ed orizzontale;Sereno;Normale;Buona;Ore Diurne;2;0;0;1;12.4853;41.9024;-1;1;Autovettura privata;In marcia / fermata / arresto;Conducente;M;Illeso;0;;Non accertato;Inesploso
4575671;1;29/09/2019 16:30:00;Strada Urbana;LARGO DEL TRITONE;all'intersezione con;VIA DEL TRITONE;VIA DEL TRITONE;;;Scontro frontale/laterale SX fra veicoli in marcia;Intersezione semaforizzata;Una carreggiata a doppio senso;Asciutto;Asfaltata;Verticale ed orizzontale;Sereno;Normale;Buona;Ore Diurne;2;0;0;1;12.4853;41.9024;-1;1;Autovettura privata;In marcia / fermata / arresto;Passeggero;F;Rimandato;0;NON DECEDUTO;Non accertato;Inesploso
4575671;1;29/09/2019 16:30:00;Strada Urbana;LARGO DEL TRITONE;all'intersezione con;VIA DEL TRITONE;VIA DEL TRITONE;;;Scontro frontale/laterale SX fra veicoli in marcia;Intersezione semaforizzata;Una carreggiata a doppio senso;Asciutto;Asfaltata;Verticale ed orizzontale;Sereno;Normale;Buona;Ore Diurne;2;0;0;1;12.4853;41.9024;-1;2;Motociclo a solo;In marcia / fermata / arresto;Conducente;M;Rimandato;0;NON DECEDUTO;Non accertato;
4575684;18;28/09/2019 02:00:00;Strada Urbana;VIA ARONA;in corrispondenza;;del civico n.;12;;Veicolo in marcia contro veicoli in sosta;Rettilineo;Una carreggiata a doppio senso;Asciutto;Asfaltata;Verticale;Sereno;Scarso;Buona;Sufficiente;1;0;0;0;12.3711;41.9165;-1;1;Autovettura privata;In marcia / fermata / arresto;Conducente;M;Rimandato;0;NON DECEDUTO;Non accertato;Esploso
4575684;18;28/09/2019 02:00:00;Strada Urbana;VIA ARONA;in corrispondenza;;del civico n.;12;;Veicolo in marcia contro veicoli in sosta;Rettilineo;Una carreggiata a doppio senso;Asciutto;Asfaltata;Verticale;Sereno;Scarso;Buona;Sufficiente;1;0;0;0;12.3711;41.9165;-1;2;Autovettura privata;Sosta;;;;;;;
4575684;18;28/09/2019 02:00:00;Strada Urbana;VIA ARONA;in corrispondenza;;del civico n.;12;;Veicolo in marcia contro veicoli in sosta;Rettilineo;Una carreggiata a doppio senso;Asciutto;Asfaltata;Verticale;Sereno;Scarso;Buona;Sufficiente;1;0;0;0;12.3711;41.9165;-1;3;Autovettura privata;Sosta;;;;;;;
4575695;19;30/09/2019 08:30:00;Strada Urbana;VIA DI TORREVECCHIA;all'intersezione con;VIA GIOVANNI NICOLETTI;VIA GIOVANNI NICOLETTI;;;Scontro frontale/laterale DX fra veicoli in marcia;Intersezione stradale segnalata;Una carreggiata a doppio senso;Asciutto;Asfaltata;Verticale ed orizzontale;Sereno;Normale;Buona;Ore Diurne;1;0;0;1;12.4105;41.9211;-1;1;Motociclo a solo;In marcia / fermata / arresto;Conducente;F;Rimandato;0;NON DECEDUTO;Non accertato;
4575695;19;30/09/2019 08:30:00;Strada Urbana;VIA DI TORREVECCHIA;all'intersezione con;VIA GIOVANNI NICOLETTI;VIA GIOVANNI NICOLETTI;;;Scontro frontale/laterale DX fra veicoli in marcia;Intersezione stradale segnalata;Una carreggiata a doppio senso;Asciutto;Asfaltata;Verticale ed orizzontale;Sereno;Normale;Buona;Ore Diurne;1;0;0;1;12.4105;41.9211;-1;2;Autovettura privata;In marcia / fermata / arresto;Conducente;F;Illeso;0;;Non accertato;Inesploso
4575699;23;30/09/2019 01:20:00;Strada Urbana;CORSO VITTORIO EMANUELE II;all'intersezione con;VIA MONTERONE;VIA MONTERONE;;;Scontro frontale/laterale DX fra veicoli in marcia;Intersezione stradale segnalata;Una carreggiata a doppio senso;Asciutto;Asfaltata;Orizzontale;Sereno;Scarso;Sufficiente;Sufficiente;0;0;0;4;12.4758;41.8963;-1;1;Autovettura privata;In marcia / fermata / arresto;Conducente;M;Illeso;0;;Non accertato;Inesploso
4575699;23;30/09/2019 01:20:00;Strada Urbana;CORSO VITTORIO EMANUELE II;all'intersezione con;VIA MONTERONE;VIA MONTERONE;;;Scontro frontale/laterale DX fra veicoli in marcia;Intersezione stradale segnalata;Una carreggiata a doppio senso;Asciutto;Asfaltata;Orizzontale;Sereno;Scarso;Sufficiente;Sufficiente;0;0;0;4;12.4758;41.8963;-1;1;Autovettura privata;In marcia / fermata / arresto;Passeggero;M;Illeso;0;;Non accertato;Inesploso
4575699;23;30/09/2019 01:20:00;Strada Urbana;CORSO VITTORIO EMANUELE II;all'intersezione con;VIA MONTERONE;VIA MONTERONE;;;Scontro frontale/laterale DX fra veicoli in marcia;Intersezione stradale segnalata;Una carreggiata a doppio senso;Asciutto;Asfaltata;Orizzontale;Sereno;Scarso;Sufficiente;Sufficiente;0;0;0;4;12.4758;41.8963;-1;2;Motociclo con passeggero;In marcia / fermata / arresto;Conducente;M;Illeso;0;;Non accertato;
4575712;12;27/09/2019 17:20:00;Strada Urbana;VIA ANDREA MILLEVOI;da specificare;;;;prossimita' fermata ATAC 70722;Scontro laterale fra veicoli in marcia;Rettilineo;Una carreggiata a doppio senso;Asciutto;Asfaltata;Verticale ed orizzontale;Sereno;Scarso;Buona;Ore Diurne;0;0;0;6;12.5171;41.8204;-1;1;Autovettura privata;In marcia / fermata / arresto;Conducente;M;Illeso;0;;Non accertato;
4575712;12;27/09/2019 17:20:00;Strada Urbana;VIA ANDREA MILLEVOI;da specificare;;;;prossimita' fermata ATAC 70722;Scontro laterale fra veicoli in marcia;Rettilineo;Una carreggiata a doppio senso;Asciutto;Asfaltata;Verticale ed orizzontale;Sereno;Scarso;Buona;Ore Diurne;0;0;0;6;12.5171;41.8204;-1;1;Autovettura privata;In marcia / fermata / arresto;Passeggero;F;Illeso;0;;;
4575712;12;27/09/2019 17:20:00;Strada Urbana;VIA ANDREA MILLEVOI;da specificare;;;;prossimita' fermata ATAC 70722;Scontro laterale fra veicoli in marcia;Rettilineo;Una carreggiata a doppio senso;Asciutto;Asfaltata;Verticale ed orizzontale;Sereno;Scarso;Buona;Ore Diurne;0;0;0;6;12.5171;41.8204;-1;2;Autovettura privata;In marcia / fermata / arresto;Conducente;F;Illeso;0;;Non accertato;
4575712;12;27/09/2019 17:20:00;Strada Urbana;VIA ANDREA MILLEVOI;da specificare;;;;prossimita' fermata ATAC 70722;Scontro laterale fra veicoli in marcia;Rettilineo;Una carreggiata a doppio senso;Asciutto;Asfaltata;Verticale ed orizzontale;Sereno;Scarso;Buona;Ore Diurne;0;0;0;6;12.5171;41.8204;-1;2;Autovettura privata;In marcia / fermata / arresto;Passeggero;F;Illeso;0;;Non accertato;
4575712;12;27/09/2019 17:20:00;Strada Urbana;VIA ANDREA MILLEVOI;da specificare;;;;prossimita' fermata ATAC 70722;Scontro laterale fra veicoli in marcia;Rettilineo;Una carreggiata a doppio senso;Asciutto;Asfaltata;Verticale ed orizzontale;Sereno;Scarso;Buona;Ore Diurne;0;0;0;6;12.5171;41.8204;-1;2;Autovettura privata;In marcia / fermata / arresto;Passeggero;F;Illeso;0;;Non accertato;
4575712;12;27/09/2019 17:20:00;Strada Urbana;VIA ANDREA MILLEVOI;da specificare;;;;prossimita' fermata ATAC 70722;Scontro laterale fra veicoli in marcia;Rettilineo;Una carreggiata a doppio senso;Asciutto;Asfaltata;Verticale ed orizzontale;Sereno;Scarso;Buona;Ore Diurne;0;0;0;6;12.5171;41.8204;-1;2;Autovettura privata;In marcia / fermata / arresto;Passeggero;F;Illeso;0;;Non accertato;
4575714;4;29/09/2019 15:30:00;Provinciale entro l'abitato;VIA NOMENTANA;all'intersezione con;VIA GASPARA STAMPA;VIA GASPARA STAMPA;;;Scontro frontale/laterale SX fra veicoli in marcia;Incrocio;Una carreggiata a doppio senso;Asciutto;Asfaltata;Verticale ed orizzontale;Sereno;Normale;Buona;Ore Diurne;0;0;0;3;12.5612;41.9447;-1;1;Autovettura privata;In marcia / fermata / arresto;Conducente;M;Illeso;0;;Non accertato;Inesploso
4575714;4;29/09/2019 15:30:00;Provinciale entro l'abitato;VIA NOMENTANA;all'intersezione con;VIA GASPARA STAMPA;VIA GASPARA STAMPA;;;Scontro frontale/laterale SX fra veicoli in marcia;Incrocio;Una carreggiata a doppio senso;Asciutto;Asfaltata;Verticale ed orizzontale;Sereno;Normale;Buona;Ore Diurne;0;0;0;3;12.5612;41.9447;-1;1;Autovettura privata;In marcia / fermata / arresto;Passeggero;M;Illeso;0;;Non accertato;Inesploso
4575714;4;29/09/2019 15:30:00;Provinciale entro l'abitato;VIA NOMENTANA;all'intersezione con;VIA GASPARA STAMPA;VIA GASPARA STAMPA;;;Scontro frontale/laterale SX fra veicoli in marcia;Incrocio;Una carreggiata a doppio senso;Asciutto;Asfaltata;Verticale ed orizzontale;Sereno;Normale;Buona;Ore Diurne;0;0;0;3;12.5612;41.9447;-1;2;Motociclo a solo;In marcia / fermata / arresto;Conducente;M;Illeso;0;;Non accertato;
4575715;2;30/09/2019 09:20:00;Strada Urbana;VIA SALARIA;in corrispondenza;;del civico n.;332;;Scontro frontale/laterale SX fra veicoli in marcia;Rettilineo;Due carreggiate;Asciutto;Asfaltata;Orizzontale;Sereno;Normale;Buona;Ore Diurne;1;0;0;1;12.5032;41.9235;-1;1;Autovettura privata;In marcia / fermata / arresto;Conducente;F;Illeso;0;;Non accertato;Inesploso
4575715;2;30/09/2019 09:20:00;Strada Urbana;VIA SALARIA;in corrispondenza;;del civico n.;332;;Scontro frontale/laterale SX fra veicoli in marcia;Rettilineo;Due carreggiate;Asciutto;Asfaltata;Orizzontale;Sereno;Normale;Buona;Ore Diurne;1;0;0;1;12.5032;41.9235;-1;2;Motociclo a solo;In marcia / fermata / arresto;Conducente;M;Rifiuta cure immediate;0;NON DECEDUTO;Non accertato;
4575721;15;23/09/2019 10:40:00;Strada Urbana;VIA DELLE CATACOMBE DI GENEROSA;in corrispondenza;;del civico n.;5;;Veicolo in marcia contro veicolo in sosta;Rettilineo;Una carreggiata a doppio senso;Asciutto;Asfaltata;Verticale ed orizzontale;Sereno;Scarso;Buona;Ore Diurne;0;0;0;2;12.4294;41.8355;-1;1;Autovettura privata;Sosta;;;;;;;
4575721;15;23/09/2019 10:40:00;Strada Urbana;VIA DELLE CATACOMBE DI GENEROSA;in corrispondenza;;del civico n.;5;;Veicolo in marcia contro veicolo in sosta;Rettilineo;Una carreggiata a doppio senso;Asciutto;Asfaltata;Verticale ed orizzontale;Sereno;Scarso;Buona;Ore Diurne;0;0;0;2;12.4294;41.8355;-1;2;Autovettura privata;In marcia / fermata / arresto;Conducente;M;Illeso;0;;Utilizzato;
4575721;15;23/09/2019 10:40:00;Strada Urbana;VIA DELLE CATACOMBE DI GENEROSA;in corrispondenza;;del civico n.;5;;Veicolo in marcia contro veicolo in sosta;Rettilineo;Una carreggiata a doppio senso;Asciutto;Asfaltata;Verticale ed orizzontale;Sereno;Scarso;Buona;Ore Diurne;0;0;0;2;12.4294;41.8355;-1;2;Autovettura privata;In marcia / fermata / arresto;Passeggero;F;Illeso;0;;;
4575736;18;28/09/2019 09:35:00;Strada Urbana;VIA AURELIA;da specificare;;;;fronte civico 788;Scontro laterale fra veicoli in marcia;Rettilineo;Due carreggiate;Asciutto;Asfaltata;Verticale ed orizzontale;Sereno;Normale;Buona;Ore Diurne;2;0;0;3;12.389;41.8863;-1;1;Autovettura privata;In marcia / fermata / arresto;Conducente;M;Illeso;0;;;Inesploso
4575736;18;28/09/2019 09:35:00;Strada Urbana;VIA AURELIA;da specificare;;;;fronte civico 788;Scontro laterale fra veicoli in marcia;Rettilineo;Due carreggiate;Asciutto;Asfaltata;Verticale ed orizzontale;Sereno;Normale;Buona;Ore Diurne;2;0;0;3;12.389;41.8863;-1;1;Autovettura privata;In marcia / fermata / arresto;Passeggero;F;Illeso;0;;;
4575736;18;28/09/2019 09:35:00;Strada Urbana;VIA AURELIA;da specificare;;;;fronte civico 788;Scontro laterale fra veicoli in marcia;Rettilineo;Due carreggiate;Asciutto;Asfaltata;Verticale ed orizzontale;Sereno;Normale;Buona;Ore Diurne;2;0;0;3;12.389;41.8863;-1;2;Motociclo a solo;In marcia / fermata / arresto;Conducente;M;Rifiuta cure immediate;0;NON DECEDUTO;Non accertato;
4575736;18;28/09/2019 09:35:00;Strada Urbana;VIA AURELIA;da specificare;;;;fronte civico 788;Scontro laterale fra veicoli in marcia;Rettilineo;Due carreggiate;Asciutto;Asfaltata;Verticale ed orizzontale;Sereno;Normale;Buona;Ore Diurne;2;0;0;3;12.389;41.8863;-1;2;Motociclo a solo;In marcia / fermata / arresto;Passeggero;F;Rifiuta cure immediate;0;NON DECEDUTO;;
4575748;20;29/09/2019 05:20:00;Regionale entro l'abitato;VIA CASSIA;in prossimit�;;del civico n.;1138;;Fuoriuscita dalla sede stradale;Curva a visuale libera;Una carreggiata a doppio senso;Asciutto;Asfaltata;Verticale ed orizzontale;Sereno;Scarso;Sufficiente;Sufficiente;1;0;0;0;12.4215;41.9793;-1;1;Autovettura privata;In marcia / fermata / arresto;Conducente;F;Rimandato;0;NON DECEDUTO;Non accertato;
4575753;12;29/09/2019 04:00:00;Strada Urbana;VIALE DI TOR MARANCIA;all'intersezione con;VIA DEI LINCEI;VIA DEI LINCEI;;;Veicolo in marcia contro treno;Incrocio;Una carreggiata a senso unico di marcia;Asciutto;Asfaltata;Verticale ed orizzontale;Sereno;Scarso;Sufficiente;Sufficiente;1;0;0;0;12.4975;41.8552;-1;1;Autovettura privata;In marcia / fermata / arresto;Conducente;M;Rimandato;0;NON DECEDUTO;;
4575753;12;29/09/2019 04:00:00;Strada Urbana;VIALE DI TOR MARANCIA;all'intersezione con;VIA DEI LINCEI;VIA DEI LINCEI;;;Veicolo in marcia contro treno;Incrocio;Una carreggiata a senso unico di marcia;Asciutto;Asfaltata;Verticale ed orizzontale;Sereno;Scarso;Sufficiente;Sufficiente;1;0;0;0;12.4975;41.8552;-1;2;Autovettura privata;Sosta;;;;;;;
4575777;17;29/09/2019 23:20:00;Strada Urbana;VIALE PRETORIANO;all'intersezione semaforizzata con;PIAZZALE SISTO V;PIAZZALE SISTO V;;;Investimento di pedone;Intersezione semaforizzata;Una carreggiata a doppio senso;Asciutto;Asfaltata;Verticale ed orizzontale;Sereno;Scarso;Buona;Sufficiente;1;0;0;1;12.5093;41.8986;0;;;;Pedone;F;Rimandato;0;NON DECEDUTO;;
4575777;17;29/09/2019 23:20:00;Strada Urbana;VIALE PRETORIANO;all'intersezione semaforizzata con;PIAZZALE SISTO V;PIAZZALE SISTO V;;;Investimento di pedone;Intersezione semaforizzata;Una carreggiata a doppio senso;Asciutto;Asfaltata;Verticale ed orizzontale;Sereno;Scarso;Buona;Sufficiente;1;0;0;1;12.5093;41.8986;0;1;Motociclo a solo;In marcia / fermata / arresto;Conducente;M;Illeso;0;;;
4575786;7;28/09/2019 20:30:00;Strada Urbana;VIA BORUTTA;in corrispondenza;;del civico n.;56;;Tamponamento;Rettilineo;Una carreggiata a doppio senso;Asciutto;Asfaltata;Assente;Sereno;Normale;Insufficiente;Insufficiente;0;0;0;4;12.6744;41.8761;-1;1;Autovettura privata;In marcia / fermata / arresto;Conducente;M;Illeso;0;;;
4575786;7;28/09/2019 20:30:00;Strada Urbana;VIA BORUTTA;in corrispondenza;;del civico n.;56;;Tamponamento;Rettilineo;Una carreggiata a doppio senso;Asciutto;Asfaltata;Assente;Sereno;Normale;Insufficiente;Insufficiente;0;0;0;4;12.6744;41.8761;-1;1;Autovettura privata;In marcia / fermata / arresto;Passeggero;F;Illeso;0;;;
4575786;7;28/09/2019 20:30:00;Strada Urbana;VIA BORUTTA;in corrispondenza;;del civico n.;56;;Tamponamento;Rettilineo;Una carreggiata a doppio senso;Asciutto;Asfaltata;Assente;Sereno;Normale;Insufficiente;Insufficiente;0;0;0;4;12.6744;41.8761;-1;1;Autovettura privata;In marcia / fermata / arresto;Passeggero;F;Illeso;0;;;
4575786;7;28/09/2019 20:30:00;Strada Urbana;VIA BORUTTA;in corrispondenza;;del civico n.;56;;Tamponamento;Rettilineo;Una carreggiata a doppio senso;Asciutto;Asfaltata;Assente;Sereno;Normale;Insufficiente;Insufficiente;0;0;0;4;12.6744;41.8761;-1;1;Autovettura privata;In marcia / fermata / arresto;Passeggero;F;Illeso;0;;;
4575786;7;28/09/2019 20:30:00;Strada Urbana;VIA BORUTTA;in corrispondenza;;del civico n.;56;;Tamponamento;Rettilineo;Una carreggiata a doppio senso;Asciutto;Asfaltata;Assente;Sereno;Normale;Insufficiente;Insufficiente;0;0;0;4;12.6744;41.8761;-1;2;Autovettura privata;In marcia / fermata / arresto;;;;;;;
4575800;18;29/09/2019 12:40:00;Strada Urbana;VIA DI TORRE ROSSA;all'intersezione con;VIA AURELIA ANTICA;VIA AURELIA ANTICA;;;Scontro frontale/laterale SX fra veicoli in marcia;Intersezione stradale segnalata;Una carreggiata a doppio senso;Asciutto;Asfaltata;Verticale ed orizzontale;Sereno;Scarso;Buona;Ore Diurne;0;0;0;4;12.4266;41.8909;-1;1;Autovettura privata;In marcia / fermata / arresto;Conducente;M;Illeso;0;;;
4575800;18;29/09/2019 12:40:00;Strada Urbana;VIA DI TORRE ROSSA;all'intersezione con;VIA AURELIA ANTICA;VIA AURELIA ANTICA;;;Scontro frontale/laterale SX fra veicoli in marcia;Intersezione stradale segnalata;Una carreggiata a doppio senso;Asciutto;Asfaltata;Verticale ed orizzontale;Sereno;Scarso;Buona;Ore Diurne;0;0;0;4;12.4266;41.8909;-1;1;Autovettura privata;In marcia / fermata / arresto;Passeggero;F;Illeso;0;;;
4575800;18;29/09/2019 12:40:00;Strada Urbana;VIA DI TORRE ROSSA;all'intersezione con;VIA AURELIA ANTICA;VIA AURELIA ANTICA;;;Scontro frontale/laterale SX fra veicoli in marcia;Intersezione stradale segnalata;Una carreggiata a doppio senso;Asciutto;Asfaltata;Verticale ed orizzontale;Sereno;Scarso;Buona;Ore Diurne;0;0;0;4;12.4266;41.8909;-1;1;Autovettura privata;In marcia / fermata / arresto;Passeggero;F;Illeso;0;;;
4575800;18;29/09/2019 12:40:00;Strada Urbana;VIA DI TORRE ROSSA;all'intersezione con;VIA AURELIA ANTICA;VIA AURELIA ANTICA;;;Scontro frontale/laterale SX fra veicoli in marcia;Intersezione stradale segnalata;Una carreggiata a doppio senso;Asciutto;Asfaltata;Verticale ed orizzontale;Sereno;Scarso;Buona;Ore Diurne;0;0;0;4;12.4266;41.8909;-1;2;Autovettura privata;In marcia / fermata / arresto;Conducente;M;Illeso;0;;;
4575801;4;29/09/2019 20:30:00;Strada Urbana;VIA DEI PRATI FISCALI;all'intersezione semaforizzata con;VIA CAVRIGLIA;VIA CAVRIGLIA;;;Scontro frontale/laterale SX fra veicoli in marcia;Incrocio;Due carreggiate;Asciutto;Asfaltata;Verticale ed orizzontale;Sereno;Normale;Buona;Sufficiente;0;0;0;2;12.517;41.9464;-1;1;Autovettura privata;In marcia / fermata / arresto;Conducente;F;Illeso;0;;Non accertato;Inesploso
4575801;4;29/09/2019 20:30:00;Strada Urbana;VIA DEI PRATI FISCALI;all'intersezione semaforizzata con;VIA CAVRIGLIA;VIA CAVRIGLIA;;;Scontro frontale/laterale SX fra veicoli in marcia;Incrocio;Due carreggiate;Asciutto;Asfaltata;Verticale ed orizzontale;Sereno;Normale;Buona;Sufficiente;0;0;0;2;12.517;41.9464;-1;2;Autovettura privata;In marcia / fermata / arresto;Conducente;F;Illeso;0;;Non accertato;Inesploso
4575813;1;30/09/2019;Strada Urbana;PONTE GARIBALDI;all'intersezione semaforizzata con;LUNGOTEVERE RAFFAELLO SANZIO;LUNGOTEVERE RAFFAELLO SANZIO;;;Veicolo in marcia contro ostacolo accidentale;Intersezione semaforizzata;Pi� di due carreggiate;Asciutto;Asfaltata;Assente;Sereno;Normale;Buona;Ore Diurne;0;0;0;0;12.4746;41.8915;-1;1;Autovettura privata;Allontanatosi;;;;;;;
4575818;17;29/09/2019 05:20:00;Strada Urbana;VIA TRIBONIANO;da specificare;;;;in prossimit� di piazza dei Tribunali;Veicolo in marcia contro ostacolo fisso;Curva a visuale libera;Una carreggiata a senso unico di marcia;Asciutto;Asfaltata;Verticale ed orizzontale;Sereno;Scarso;Buona;Ore Diurne;0;0;0;1;12.4692;41.9041;-1;1;Autovettura privata;In marcia / fermata / arresto;Conducente;M;Illeso;0;;;
4575828;18;29/09/2019 14:00:00;Strada Urbana;PIAZZA S. GIOVANNI BATTISTA DE LA SALLE;all'intersezione con;CIRCONVALLAZIONE AURELIA;CIRCONVALLAZIONE AURELIA;;;Scontro laterale fra veicoli in marcia;Incrocio;Due carreggiate;Asciutto;Asfaltata;Verticale ed orizzontale;Nuvoloso;Normale;Buona;Ore Diurne;0;0;0;3;12.4275;41.8982;-1;1;Autovettura privata;In marcia / fermata / arresto;Conducente;F;Illeso;0;;;
4575828;18;29/09/2019 14:00:00;Strada Urbana;PIAZZA S. GIOVANNI BATTISTA DE LA SALLE;all'intersezione con;CIRCONVALLAZIONE AURELIA;CIRCONVALLAZIONE AURELIA;;;Scontro laterale fra veicoli in marcia;Incrocio;Due carreggiate;Asciutto;Asfaltata;Verticale ed orizzontale;Nuvoloso;Normale;Buona;Ore Diurne;0;0;0;3;12.4275;41.8982;-1;2;Autovettura privata;In marcia / fermata / arresto;Conducente;M;Illeso;0;;;
4575828;18;29/09/2019 14:00:00;Strada Urbana;PIAZZA S. GIOVANNI BATTISTA DE LA SALLE;all'intersezione con;CIRCONVALLAZIONE AURELIA;CIRCONVALLAZIONE AURELIA;;;Scontro laterale fra veicoli in marcia;Incrocio;Due carreggiate;Asciutto;Asfaltata;Verticale ed orizzontale;Nuvoloso;Normale;Buona;Ore Diurne;0;0;0;3;12.4275;41.8982;-1;2;Autovettura privata;In marcia / fermata / arresto;Passeggero;F;Illeso;0;;;
4575836;1;29/09/2019 14:20:00;Strada Urbana;PONTE GARIBALDI;all'intersezione semaforizzata con;LUNGOTEVERE RAFFAELLO SANZIO;LUNGOTEVERE RAFFAELLO SANZIO;;;Scontro laterale fra veicoli in marcia;Intersezione semaforizzata;Pi� di due carreggiate;Asciutto;Asfaltata;Assente;Sereno;Normale;Buona;Ore Diurne;1;0;0;1;12.4744;41.8911;-1;1;Autovettura privata;In marcia / fermata / arresto;Conducente;F;Rimandato;0;NON DECEDUTO;;
4575836;1;29/09/2019 14:20:00;Strada Urbana;PONTE GARIBALDI;all'intersezione semaforizzata con;LUNGOTEVERE RAFFAELLO SANZIO;LUNGOTEVERE RAFFAELLO SANZIO;;;Scontro laterale fra veicoli in marcia;Intersezione semaforizzata;Pi� di due carreggiate;Asciutto;Asfaltata;Assente;Sereno;Normale;Buona;Ore Diurne;1;0;0;1;12.4744;41.8911;-1;2;Autovettura pubblica;In marcia / fermata / arresto;Conducente;M;Illeso;0;;;
4575854;16;29/09/2019 23:30:00;Strada Urbana;VIA DI TORREVECCHIA;in corrispondenza;;del civico n.;1025;;Veicolo in marcia contro veicoli in sosta;Rettilineo;Una carreggiata a doppio senso;Asciutto;Asfaltata;Verticale ed orizzontale;Sereno;Normale;Sufficiente;Sufficiente;0;0;0;1;12.4049;41.9129;-1;1;Autovettura privata;In marcia / fermata / arresto;Conducente;F;Illeso;0;;Non accertato;
4575854;16;29/09/2019 23:30:00;Strada Urbana;VIA DI TORREVECCHIA;in corrispondenza;;del civico n.;1025;;Veicolo in marcia contro veicoli in sosta;Rettilineo;Una carreggiata a doppio senso;Asciutto;Asfaltata;Verticale ed orizzontale;Sereno;Normale;Sufficiente;Sufficiente;0;0;0;1;12.4049;41.9129;-1;2;Autovettura privata;Sosta;;;;;;;
4575854;16;29/09/2019 23:30:00;Strada Urbana;VIA DI TORREVECCHIA;in corrispondenza;;del civico n.;1025;;Veicolo in marcia contro veicoli in sosta;Rettilineo;Una carreggiata a doppio senso;Asciutto;Asfaltata;Verticale ed orizzontale;Sereno;Normale;Sufficiente;Sufficiente;0;0;0;1;12.4049;41.9129;-1;3;Autovettura privata;Sosta;;;;;;;
4575854;16;29/09/2019 23:30:00;Strada Urbana;VIA DI TORREVECCHIA;in corrispondenza;;del civico n.;1025;;Veicolo in marcia contro veicoli in sosta;Rettilineo;Una carreggiata a doppio senso;Asciutto;Asfaltata;Verticale ed orizzontale;Sereno;Normale;Sufficiente;Sufficiente;0;0;0;1;12.4049;41.9129;-1;4;Autovettura privata;Sosta;;;;;;;
4575854;16;29/09/2019 23:30:00;Strada Urbana;VIA DI TORREVECCHIA;in corrispondenza;;del civico n.;1025;;Veicolo in marcia contro veicoli in sosta;Rettilineo;Una carreggiata a doppio senso;Asciutto;Asfaltata;Verticale ed orizzontale;Sereno;Normale;Sufficiente;Sufficiente;0;0;0;1;12.4049;41.9129;-1;5;Autovettura privata;Sosta;;;;;;;
4575854;16;29/09/2019 23:30:00;Strada Urbana;VIA DI TORREVECCHIA;in corrispondenza;;del civico n.;1025;;Veicolo in marcia contro veicoli in sosta;Rettilineo;Una carreggiata a doppio senso;Asciutto;Asfaltata;Verticale ed orizzontale;Sereno;Normale;Sufficiente;Sufficiente;0;0;0;1;12.4049;41.9129;-1;6;Autovettura privata;Sosta;;;;;;;
4575855;18;29/09/2019 03:20:00;Strada Urbana;VIA DOMENICO TARDINI;all'intersezione semaforizzata con;VIA FRANCESCO ALBERGOTTI;VIA FRANCESCO ALBERGOTTI;;;Veicolo in marcia contro ostacolo fisso;Intersezione semaforizzata;Pi� di due carreggiate;Asciutto;Asfaltata;Verticale ed orizzontale;Sereno;Scarso;Sufficiente;Sufficiente;0;0;0;2;12.4255;41.905;-1;1;Autovettura privata;In marcia / fermata / arresto;Conducente;F;Illeso;0;;Non accertato;Inesploso
4575855;18;29/09/2019 03:20:00;Strada Urbana;VIA DOMENICO TARDINI;all'intersezione semaforizzata con;VIA FRANCESCO ALBERGOTTI;VIA FRANCESCO ALBERGOTTI;;;Veicolo in marcia contro ostacolo fisso;Intersezione semaforizzata;Pi� di due carreggiate;Asciutto;Asfaltata;Verticale ed orizzontale;Sereno;Scarso;Sufficiente;Sufficiente;0;0;0;2;12.4255;41.905;-1;1;Autovettura privata;In marcia / fermata / arresto;Passeggero;M;Illeso;0;;Non accertato;Inesploso