Protocollo;Gruppo;DataOraIncidente;Localizzazione1;STRADA1;Localizzazione2;STRADA2;Strada02;Chilometrica;DaSpecificare;NaturaIncidente;particolaritastrade;TipoStrada;FondoStradale;Pavimentazione;Segnaletica;CondizioneAtmosferica;Traffico;Visibilita;Illuminazione;NUM_FERITI;NUM_RISERVATA;NUM_MORTI;NUM_ILLESI;Longitudine;Latitudine;Confermato;Progressivo;TipoVeicolo;StatoVeicolo;TipoPersona;Sesso;Tipolesione;Deceduto;DecedutoDopo;CinturaCascoUtilizzato;Airbag;
4575860;12;27/09/2019 16:20:00;Strada Urbana;VIALE DEI CADUTI NELLA GUERRA DI LIBERAZIONE;all'intersezione con;VIA PONTINA;VIA PONTINA;;;Scontro frontale/laterale DX fra veicoli in marcia;Intersezione stradale segnalata;Una carreggiata a senso unico di marcia;Asciutto;Asfaltata;Verticale ed orizzontale;Sereno;Intenso;Buona;Ore Diurne;1;0;0;2;12.4512;41.7924;-1;1;Autovettura privata;In marcia / fermata / arresto;Conducente;F;Illeso;0;;Utilizzato;Inesploso
4575860;12;27/09/2019 16:20:00;Strada Urbana;VIALE DEI CADUTI NELLA GUERRA DI LIBERAZIONE;all'intersezione con;VIA PONTINA;VIA PONTINA;;;Scontro frontale/laterale DX fra veicoli in marcia;Intersezione stradale segnalata;Una carreggiata a senso unico di marcia;Asciutto;Asfaltata;Verticale ed orizzontale;Sereno;Intenso;Buona;Ore Diurne;1;0;0;2;12.4512;41.7924;-1;1;Autovettura privata;In marcia / fermata / arresto;Passeggero;M;Illeso;0;;Utilizzato;Inesploso
4575860;12;27/09/2019 16:20:00;Strada Urbana;VIALE DEI CADUTI NELLA GUERRA DI LIBERAZIONE;all'intersezione con;VIA PONTINA;VIA PONTINA;;;Scontro frontale/laterale DX fra veicoli in marcia;Intersezione stradale segnalata;Una carreggiata a senso unico di marcia;Asciutto;Asfaltata;Verticale ed orizzontale;Sereno;Intenso;Buona;Ore Diurne;1;0;0;2;12.4512;41.7924;-1;2;Ciclomotore;In marcia / fermata / arresto;Conducente;M;Ricoverato;0;NON DECEDUTO;Utilizzato;
4575880;16;27/09/2019 18:15:00;Strada Urbana;VIALE DEI QUATTRO VENTI;in prossimit�;;del civico n.;156;;Tamponamento;Rettilineo;Una carreggiata a doppio senso;Asciutto;Asfaltata;Verticale ed orizzontale;Sereno;Normale;Buona;Ore Diurne;0;0;0;3;12.4583;41.8789;-1;1;Quadriciclo leggero;In marcia / fermata / arresto;Conducente;M;Illeso;0;;;
4575880;16;27/09/2019 18:15:00;Strada Urbana;VIALE DEI QUATTRO VENTI;in prossimit�;;del civico n.;156;;Tamponamento;Rettilineo;Una carreggiata a doppio senso;Asciutto;Asfaltata;Verticale ed orizzontale;Sereno;Normale;Buona;Ore Diurne;0;0;0;3;12.4583;41.8789;-1;1;Quadriciclo leggero;In marcia / fermata / arresto;Passeggero;M;Illeso;0;;;
4575880;16;27/09/2019 18:15:00;Strada Urbana;VIALE DEI QUATTRO VENTI;in prossimit�;;del civico n.;156;;Tamponamento;Rettilineo;Una carreggiata a doppio senso;Asciutto;Asfaltata;Verticale ed orizzontale;Sereno;Normale;Buona;Ore Diurne;0;0;0;3;12.4583;41.8789;-1;2;Autocarro inferiore 35 q.;In marcia / fermata / arresto;Conducente;M;Illeso;0;;;
4575902;13;30/09/2019 10:40:00;Strada Urbana;CORSO DUCA DI GENOVA;all'intersezione con;PIAZZALE DELLA POSTA;PIAZZALE DELLA POSTA;;;Scontro laterale fra veicoli in marcia;Incrocio;Una carreggiata a doppio senso;Asciutto;Asfaltata;Verticale ed orizzontale;Sereno;Normale;Buona;Ore Diurne;0;0;0;3;12.2715;41.7339;-1;1;Autovettura privata;In marcia / fermata / arresto;Conducente;M;Illeso;0;;Non accertato;Inesploso
4575902;13;30/09/2019 10:40:00;Strada Urbana;CORSO DUCA DI GENOVA;all'intersezione con;PIAZZALE DELLA POSTA;PIAZZALE DELLA POSTA;;;Scontro laterale fra veicoli in marcia;Incrocio;Una carreggiata a doppio senso;Asciutto;Asfaltata;Verticale ed orizzontale;Sereno;Normale;Buona;Ore Diurne;0;0;0;3;12.2715;41.7339;-1;1;Autovettura privata;In marcia / fermata / arresto;Passeggero;F;Illeso;0;;Non accertato;Inesploso
4575902;13;30/09/2019 10:40:00;Strada Urbana;CORSO DUCA DI GENOVA;all'intersezione con;PIAZZALE DELLA POSTA;PIAZZALE DELLA POSTA;;;Scontro laterale fra veicoli in marcia;Incrocio;Una carreggiata a doppio senso;Asciutto;Asfaltata;Verticale ed orizzontale;Sereno;Normale;Buona;Ore Diurne;0;0;0;3;12.2715;41.7339;-1;2;Autovettura privata;In marcia / fermata / arresto;Conducente;F;Illeso;0;;Non accertato;Inesploso
4575905;16;28/09/2019 15:30:00;Strada Urbana;VIA AURELIA;all'intersezione con;VIA DI VALLE BRUCIATA;VIA DI VALLE BRUCIATA;;;Scontro frontale/laterale DX fra veicoli in marcia;Intersezione stradale segnalata;Una carreggiata a doppio senso;Asciutto;Asfaltata;Assente;Sereno;Normale;Sufficiente;Ore Diurne;2;0;0;2;12.3618;41.8851;-1;1;Autovettura privata;In marcia / fermata / arresto;Conducente;F;Illeso;0;;Non accertato;
4575905;16;28/09/2019 15:30:00;Strada Urbana;VIA AURELIA;all'intersezione con;VIA DI VALLE BRUCIATA;VIA DI VALLE BRUCIATA;;;Scontro frontale/laterale DX fra veicoli in marcia;Intersezione stradale segnalata;Una carreggiata a doppio senso;Asciutto;Asfaltata;Assente;Sereno;Normale;Sufficiente;Ore Diurne;2;0;0;2;12.3618;41.8851;-1;1;Autovettura privata;In marcia / fermata / arresto;Passeggero;F;Illeso;0;;Non accertato;
4575905;16;28/09/2019 15:30:00;Strada Urbana;VIA AURELIA;all'intersezione con;VIA DI VALLE BRUCIATA;VIA DI VALLE BRUCIATA;;;Scontro frontale/laterale DX fra veicoli in marcia;Intersezione stradale segnalata;Una carreggiata a doppio senso;Asciutto;Asfaltata;Assente;Sereno;Normale;Sufficiente;Ore Diurne;2;0;0;2;12.3618;41.8851;-1;1;Autovettura privata;In marcia / fermata / arresto;Passeggero;M;Rimandato;0;NON DECEDUTO;Non accertato;
4575905;16;28/09/2019 15:30:00;Strada Urbana;VIA AURELIA;all'intersezione con;VIA DI VALLE BRUCIATA;VIA DI VALLE BRUCIATA;;;Scontro frontale/laterale DX fra veicoli in marcia;Intersezione stradale segnalata;Una carreggiata a doppio senso;Asciutto;Asfaltata;Assente;Sereno;Normale;Sufficiente;Ore Diurne;2;0;0;2;12.3618;41.8851;-1;2;Autovettura privata;In marcia / fermata / arresto;Conducente;F;Rimandato;0;NON DECEDUTO;Non accertato;
4575957;16;28/09/2019 21:05:00;Strada Urbana;VIA ALESSANDRO POERIO;in corrispondenza;;del civico n.;53;;Veicolo in marcia contro veicolo in sosta;Rettilineo;Una carreggiata a senso unico di marcia;Asciutto;Asfaltata;Verticale ed orizzontale;Nuvoloso;Scarso;Buona;Sufficiente;0;0;0;1;12.4631;41.8793;-1;1;Autovettura privata;In marcia / fermata / arresto;Conducente;M;Illeso;0;;Non accertato;Inesploso
4575957;16;28/09/2019 21:05:00;Strada Urbana;VIA ALESSANDRO POERIO;in corrispondenza;;del civico n.;53;;Veicolo in marcia contro veicolo in sosta;Rettilineo;Una carreggiata a senso unico di marcia;Asciutto;Asfaltata;Verticale ed orizzontale;Nuvoloso;Scarso;Buona;Sufficiente;0;0;0;1;12.4631;41.8793;-1;2;Autovettura privata;Sosta;;;;;;;
4575988;16;29/09/2019 09:40:00;Strada Urbana;PIAZZA CARLO FORLANINI;in prossimit�;;del civico n.;3;;Veicolo in marcia contro ostacolo fisso;Rettilineo;Due carreggiate;Asciutto;Asfaltata;Orizzontale;Sereno;Normale;Buona;Ore Diurne;0;0;0;2;12.4496;41.8663;-1;1;Autovettura privata;In marcia / fermata / arresto;Conducente;M;Illeso;0;;Non accertato;Inesploso
4575988;16;29/09/2019 09:40:00;Strada Urbana;PIAZZA CARLO FORLANINI;in prossimit�;;del civico n.;3;;Veicolo in marcia contro ostacolo fisso;Rettilineo;Due carreggiate;Asciutto;Asfaltata;Orizzontale;Sereno;Normale;Buona;Ore Diurne;0;0;0;2;12.4496;41.8663;-1;1;Autovettura privata;In marcia / fermata / arresto;Passeggero;F;Illeso;0;;Non accertato;Inesploso
4576021;16;29/09/2019 22:50:00;Strada Urbana;VIA GIUSEPPE CELANI;in prossimit�;;del civico n.;33;;Veicolo in marcia contro veicolo in sosta;Rettilineo;Una carreggiata a senso unico di marcia;Asciutto;Asfaltata;Verticale;Sereno;Scarso;Sufficiente;Insufficiente;0;0;0;2;12.4525;41.8762;-1;1;Autovettura privata;In marcia / fermata / arresto;Conducente;M;Illeso;0;;Non accertato;Inesploso
4576021;16;29/09/2019 22:50:00;Strada Urbana;VIA GIUSEPPE CELANI;in prossimit�;;del civico n.;33;;Veicolo in marcia contro veicolo in sosta;Rettilineo;Una carreggiata a senso unico di marcia;Asciutto;Asfaltata;Verticale;Sereno;Scarso;Sufficiente;Insufficiente;0;0;0;2;12.4525;41.8762;-1;1;Autovettura privata;In marcia / fermata / arresto;Passeggero;M;Illeso;0;;Non accertato;
4576021;16;29/09/2019 22:50:00;Strada Urbana;VIA GIUSEPPE CELANI;in prossimit�;;del civico n.;33;;Veicolo in marcia contro veicolo in sosta;Rettilineo;Una carreggiata a senso unico di marcia;Asciutto;Asfaltata;Verticale;Sereno;Scarso;Sufficiente;Insufficiente;0;0;0;2;12.4525;41.8762;-1;2;Autovettura privata;Sosta;;;;;;;
4576027;7;30/09/2019 08:10:00;Strada Urbana;VIALE GIORGIO DE CHIRICO;in prossimit�;;del civico n.;130;;Veicolo in marcia contro veicolo in sosta;Rettilineo;Due carreggiate;Asciutto;Asfaltata;Verticale ed orizzontale;Nuvoloso;Normale;Buona;Ore Diurne;0;0;0;1;12.5892;41.8955;-1;1;Autovettura privata;In marcia / fermata / arresto;Conducente;M;Illeso;0;;;
4576027;7;30/09/2019 08:10:00;Strada Urbana;VIALE GIORGIO DE CHIRICO;in prossimit�;;del civico n.;130;;Veicolo in marcia contro veicolo in sosta;Rettilineo;Due carreggiate;Asciutto;Asfaltata;Verticale ed orizzontale;Nuvoloso;Normale;Buona;Ore Diurne;0;0;0;1;12.5892;41.8955;-1;2;Autovettura privata;Sosta;;;;;;;
4576040;1;29/09/2019 12:40:00;Strada Urbana;LUNGOTEVERE RAFFAELLO SANZIO;in prossimit�;;del civico n.;1;;Veicolo in marcia contro veicoli in sosta;Rettilineo;Una carreggiata a senso unico di marcia;Asciutto;Asfaltata;Verticale ed orizzontale;Sereno;Normale;Buona;Ore Diurne;0;0;0;1;12.4704;41.8916;-1;1;Autovettura privata;In marcia / fermata / arresto;Conducente;M;Illeso;0;;;
4576040;1;29/09/2019 12:40:00;Strada Urbana;LUNGOTEVERE RAFFAELLO SANZIO;in prossimit�;;del civico n.;1;;Veicolo in marcia contro veicoli in sosta;Rettilineo;Una carreggiata a senso unico di marcia;Asciutto;Asfaltata;Verticale ed orizzontale;Sereno;Normale;Buona;Ore Diurne;0;0;0;1;12.4704;41.8916;-1;2;Autovettura privata;Sosta;;;;;;;
4576060;4;27/09/2019 15:50:00;Strada Urbana;PIAZZA MINUCCIANO;in corrispondenza;;del civico n.;14;;Veicolo in marcia contro veicolo in sosta;Rettilineo;Due carreggiate;Asciutto;Asfaltata;Verticale ed orizzontale;Sereno;Normale;Buona;Ore Diurne;0;0;0;1;12.5144;41.9531;-1;1;Autovettura privata;In marcia / fermata / arresto;Conducente;F;Illeso;0;;Non accertato;Inesploso
4576060;4;27/09/2019 15:50:00;Strada Urbana;PIAZZA MINUCCIANO;in corrispondenza;;del civico n.;14;;Veicolo in marcia contro veicolo in sosta;Rettilineo;Due carreggiate;Asciutto;Asfaltata;Verticale ed orizzontale;Sereno;Normale;Buona;Ore Diurne;0;0;0;1;12.5144;41.9531;-1;2;Autovettura privata;Sosta;;;;;;;
4576081;4;27/09/2019 09:46:00;Provinciale entro l'abitato;VIA NOMENTANA;in prossimit�;;del civico n.;523;;Tamponamento;Rettilineo;Pi� di due carreggiate;Asciutto;Asfaltata;Verticale ed orizzontale;Sereno;Normale;Buona;Ore Diurne;0;0;0;2;12.527;41.931;-1;1;Autovettura privata;In marcia / fermata / arresto;Conducente;M;Illeso;0;;Non accertato;Inesploso
4576081;4;27/09/2019 09:46:00;Provinciale entro l'abitato;VIA NOMENTANA;in prossimit�;;del civico n.;523;;Tamponamento;Rettilineo;Pi� di due carreggiate;Asciutto;Asfaltata;Verticale ed orizzontale;Sereno;Normale;Buona;Ore Diurne;0;0;0;2;12.527;41.931;-1;2;Autovettura privata;In marcia / fermata / arresto;Conducente;F;Illeso;0;;Non accertato;Inesploso
4576101;13;30/09/2019 11:55:00;Strada Urbana;VIA ARDUINO FORGIARINI;all'intersezione con;VIA DELL'IDROSCALO;VIA DELL'IDROSCALO;;;Scontro frontale/laterale DX fra veicoli in marcia;Incrocio;Una carreggiata a doppio senso;Asciutto;Asfaltata;Verticale;Sereno;Normale;Buona;Ore Diurne;0;0;0;3;12.2666;41.7377;-1;1;Autovettura privata;In marcia / fermata / arresto;Conducente;F;Illeso;0;;Non accertato;Inesploso
4576101;13;30/09/2019 11:55:00;Strada Urbana;VIA ARDUINO FORGIARINI;all'intersezione con;VIA DELL'IDROSCALO;VIA DELL'IDROSCALO;;;Scontro frontale/laterale DX fra veicoli in marcia;Incrocio;Una carreggiata a doppio senso;Asciutto;Asfaltata;Verticale;Sereno;Normale;Buona;Ore Diurne;0;0;0;3;12.2666;41.7377;-1;1;Autovettura privata;In marcia / fermata / arresto;Passeggero;M;Illeso;0;;Non accertato;Inesploso
4576101;13;30/09/2019 11:55:00;Strada Urbana;VIA ARDUINO FORGIARINI;all'intersezione con;VIA DELL'IDROSCALO;VIA DELL'IDROSCALO;;;Scontro frontale/laterale DX fra veicoli in marcia;Incrocio;Una carreggiata a doppio senso;Asciutto;Asfaltata;Verticale;Sereno;Normale;Buona;Ore Diurne;0;0;0;3;12.2666;41.7377;-1;2;Autovettura privata;In marcia / fermata / arresto;Conducente;F;Illeso;0;;Non accertato;Inesploso
4576101;13;30/09/2019 11:55:00;Strada Urbana;VIA ARDUINO FORGIARINI;all'intersezione con;VIA DELL'IDROSCALO;VIA DELL'IDROSCALO;;;Scontro frontale/laterale DX fra veicoli in marcia;Incrocio;Una carreggiata a doppio senso;Asciutto;Asfaltata;Verticale;Sereno;Normale;Buona;Ore Diurne;0;0;0;3;12.2666;41.7377;-1;3;Autovettura privata;Sosta;;;;;;;
4576130;19;30/09/2019 12:15:00;Strada Urbana;VIA DI TORREVECCHIA;all'intersezione con;VIA MONTEBRUNO;VIA MONTEBRUNO;;;Scontro frontale/laterale DX fra veicoli in marcia;Intersezione stradale segnalata;Una carreggiata a doppio senso;Asciutto;Asfaltata;Orizzontale;Sereno;Normale;Buona;Ore Diurne;1;0;0;1;12.4193;41.9311;-1;1;Motociclo a solo;In marcia / fermata / arresto;Conducente;M;Rifiuta cure immediate;0;NON DECEDUTO;Non accertato;
4576130;19;30/09/2019 12:15:00;Strada Urbana;VIA DI TORREVECCHIA;all'intersezione con;VIA MONTEBRUNO;VIA MONTEBRUNO;;;Scontro frontale/laterale DX fra veicoli in marcia;Intersezione stradale segnalata;Una carreggiata a doppio senso;Asciutto;Asfaltata;Orizzontale;Sereno;Normale;Buona;Ore Diurne;1;0;0;1;12.4193;41.9311;-1;2;Autovettura privata;In marcia / fermata / arresto;Conducente;M;Illeso;0;;Non accertato;Inesploso
4576153;1;30/09/2019 08:20:00;Strada Urbana;VIA LEONIDA BISSOLATI;all'intersezione semaforizzata con;VIA SALLUSTIANA;VIA SALLUSTIANA;;;Investimento di pedone;Intersezione semaforizzata;Una carreggiata a doppio senso;Asciutto;Asfaltata;Verticale ed orizzontale;Sereno;Normale;Buona;Ore Diurne;1;0;0;1;12.4913;41.9057;-1;;;;Pedone;M;Rimandato;0;NON DECEDUTO;;
4576153;1;30/09/2019 08:20:00;Strada Urbana;VIA LEONIDA BISSOLATI;all'intersezione semaforizzata con;VIA SALLUSTIANA;VIA SALLUSTIANA;;;Investimento di pedone;Intersezione semaforizzata;Una carreggiata a doppio senso;Asciutto;Asfaltata;Verticale ed orizzontale;Sereno;Normale;Buona;Ore Diurne;1;0;0;1;12.4913;41.9057;-1;1;Autovettura privata;In marcia / fermata / arresto;Conducente;M;Illeso;0;;;
4576185;11;30/09/2019 12:20:00;Strada Urbana;VIA GIROLAMO BENZONI;all'intersezione con;VIA FRANCESCO ANTONIO PIGAFETTA;VIA FRANCESCO ANTONIO PIGAFETTA;;;Scontro frontale/laterale SX fra veicoli in marcia;Intersezione non regolata/non segnalata;Una carreggiata a doppio senso;Asciutto;Asfaltata;Verticale ed orizzontale;Sereno;Normale;Buona;Ore Diurne;1;0;0;2;12.4843;41.8702;-1;1;Autovettura privata;In marcia / fermata / arresto;Conducente;F;Rimandato;0;NON DECEDUTO;Non accertato;Inesploso
4576185;11;30/09/2019 12:20:00;Strada Urbana;VIA GIROLAMO BENZONI;all'intersezione con;VIA FRANCESCO ANTONIO PIGAFETTA;VIA FRANCESCO ANTONIO PIGAFETTA;;;Scontro frontale/laterale SX fra veicoli in marcia;Intersezione non regolata/non segnalata;Una carreggiata a doppio senso;Asciutto;Asfaltata;Verticale ed orizzontale;Sereno;Normale;Buona;Ore Diurne;1;0;0;2;12.4843;41.8702;-1;2;Autovettura privata;In marcia / fermata / arresto;Conducente;F;Illeso;0;;Non accertato;Inesploso
4576185;11;30/09/2019 12:20:00;Strada Urbana;VIA GIROLAMO BENZONI;all'intersezione con;VIA FRANCESCO ANTONIO PIGAFETTA;VIA FRANCESCO ANTONIO PIGAFETTA;;;Scontro frontale/laterale SX fra veicoli in marcia;Intersezione non regolata/non segnalata;Una carreggiata a doppio senso;Asciutto;Asfaltata;Verticale ed orizzontale;Sereno;Normale;Buona;Ore Diurne;1;0;0;2;12.4843;41.8702;-1;2;Autovettura privata;In marcia / fermata / arresto;Passeggero;F;Illeso;0;;Non accertato;Inesploso
4576259;9;30/09/2019 11:45:00;;PIAZZA PAOLO DIACONO;all'intersezione con;VIA FERDINANDO UGHELLI;VIA FERDINANDO UGHELLI;;;Scontro frontale/laterale SX fra veicoli in marcia;;;;;;;;;;0;0;0;2;12.5165;41.8697;0;1;Autobus di linea;In marcia / fermata / arresto;Conducente;M;Illeso;0;;Non accertato;Inesploso
4576259;9;30/09/2019 11:45:00;;PIAZZA PAOLO DIACONO;all'intersezione con;VIA FERDINANDO UGHELLI;VIA FERDINANDO UGHELLI;;;Scontro frontale/laterale SX fra veicoli in marcia;;;;;;;;;;0;0;0;2;12.5165;41.8697;0;2;Autovettura privata;In marcia / fermata / arresto;Conducente;M;Illeso;0;;Non accertato;Inesploso
4576310;10;30/09/2019 13:55:00;Strada Urbana;VIA TUSCOLANA;in corrispondenza;;del civico n.;909;;Investimento di pedone;Rettilineo;Due carreggiate;Asciutto;Asfaltata;Verticale ed orizzontale;Sereno;Normale;Buona;Ore Diurne;1;0;0;1;12.5633;41.8565;-1;;;;Pedone;M;Rimandato;0;NON DECEDUTO;;
4576310;10;30/09/2019 13:55:00;Strada Urbana;VIA TUSCOLANA;in corrispondenza;;del civico n.;909;;Investimento di pedone;Rettilineo;Due carreggiate;Asciutto;Asfaltata;Verticale ed orizzontale;Sereno;Normale;Buona;Ore Diurne;1;0;0;1;12.5633;41.8565;-1;1;Autovettura pubblica;In marcia / fermata / arresto;Conducente;M;Illeso;0;;Non accertato;Inesploso
4576322;12;24/09/2019 18:50:00;Strada Urbana;VIALE CESARE PAVESE;in prossimit�;;del civico n.;102;;Scontro laterale fra veicoli in marcia;Curva a visuale libera;Due carreggiate;Asciutto;Asfaltata;Verticale ed orizzontale;Sereno;Normale;Buona;Ore Diurne;0;0;0;2;12.4767;41.8171;-1;1;Autovettura privata;In marcia / fermata / arresto;Conducente;M;Illeso;0;;Utilizzato;Inesploso
4576322;12;24/09/2019 18:50:00;Strada Urbana;VIALE CESARE PAVESE;in prossimit�;;del civico n.;102;;Scontro laterale fra veicoli in marcia;Curva a visuale libera;Due carreggiate;Asciutto;Asfaltata;Verticale ed orizzontale;Sereno;Normale;Buona;Ore Diurne;0;0;0;2;12.4767;41.8171;-1;2;Motociclo a solo;In marcia / fermata / arresto;Conducente;M;Illeso;0;;Utilizzato;
4576367;12;27/09/2019 18:30:00;Strada Urbana;VIALE PASTEUR;all'intersezione con;VIALE DELL'ASTRONOMIA;VIALE DELL'ASTRONOMIA;;;Scontro frontale/laterale DX fra veicoli in marcia;Intersezione stradale segnalata;Una carreggiata a doppio senso;Asciutto;Asfaltata;Verticale ed orizzontale;Sereno;Normale;Buona;Ore Diurne;0;0;0;2;12.4638;41.8338;-1;1;Autovettura privata;In marcia / fermata / arresto;Conducente;F;Illeso;0;;Utilizzato;Inesploso
4576367;12;27/09/2019 18:30:00;Strada Urbana;VIALE PASTEUR;all'intersezione con;VIALE DELL'ASTRONOMIA;VIALE DELL'ASTRONOMIA;;;Scontro frontale/laterale DX fra veicoli in marcia;Intersezione stradale segnalata;Una carreggiata a doppio senso;Asciutto;Asfaltata;Verticale ed orizzontale;Sereno;Normale;Buona;Ore Diurne;0;0;0;2;12.4638;41.8338;-1;2;Autovettura privata;In marcia / fermata / arresto;Conducente;M;Illeso;0;;Utilizzato;Inesploso
4576423;3;25/09/2019 09:30:00;Strada Urbana;VIA NOMENTANA;all'intersezione semaforizzata con;VIALE VENTUNO APRILE;VIALE VENTUNO APRILE;;;Scontro frontale/laterale SX fra veicoli in marcia;Intersezione semaforizzata;Pi� di due carreggiate;Asciutto;Asfaltata;Verticale ed orizzontale;Sereno;Normale;Buona;Ore Diurne;1;0;0;1;12.5177;41.9211;-1;1;Autovettura privata;In marcia / fermata / arresto;Conducente;M;Illeso;0;;Non accertato;Inesploso
4576423;3;25/09/2019 09:30:00;Strada Urbana;VIA NOMENTANA;all'intersezione semaforizzata con;VIALE VENTUNO APRILE;VIALE VENTUNO APRILE;;;Scontro frontale/laterale SX fra veicoli in marcia;Intersezione semaforizzata;Pi� di due carreggiate;Asciutto;Asfaltata;Verticale ed orizzontale;Sereno;Normale;Buona;Ore Diurne;1;0;0;1;12.5177;41.9211;-1;2;Motociclo a solo;In marcia / fermata / arresto;Conducente;M;Rimandato;0;NON DECEDUTO;Non accertato;
4576436;3;26/09/2019 06:50:00;Strada Urbana;LARGO SETTIMIO PASSAMONTI;da specificare;;;;prossimit� parcheggio con stalli di colore blu;Scontro laterale fra veicoli in marcia;Rettilineo;Una carreggiata a senso unico di marcia;Asciutto;Asfaltata;Verticale ed orizzontale;Sereno;Intenso;Buona;Ore Diurne;0;0;0;4;12.5209;41.898;-1;1;Autovettura privata;In marcia / fermata / arresto;Conducente;M;Illeso;0;;Non accertato;
4576436;3;26/09/2019 06:50:00;Strada Urbana;LARGO SETTIMIO PASSAMONTI;da specificare;;;;prossimit� parcheggio con stalli di colore blu;Scontro laterale fra veicoli in marcia;Rettilineo;Una carreggiata a senso unico di marcia;Asciutto;Asfaltata;Verticale ed orizzontale;Sereno;Intenso;Buona;Ore Diurne;0;0;0;4;12.5209;41.898;-1;1;Autovettura privata;In marcia / fermata / arresto;Passeggero;F;Illeso;0;;Non accertato;
4576436;3;26/09/2019 06:50:00;Strada Urbana;LARGO SETTIMIO PASSAMONTI;da specificare;;;;prossimit� parcheggio con stalli di colore blu;Scontro laterale fra veicoli in marcia;Rettilineo;Una carreggiata a senso unico di marcia;Asciutto;Asfaltata;Verticale ed orizzontale;Sereno;Intenso;Buona;Ore Diurne;0;0;0;4;12.5209;41.898;-1;2;Autocarro inferiore 35 q.;In marcia / fermata / arresto;Conducente;M;Illeso;0;;Non accertato;
4576436;3;26/09/2019 06:50:00;Strada Urbana;LARGO SETTIMIO PASSAMONTI;da specificare;;;;prossimit� parcheggio con stalli di colore blu;Scontro laterale fra veicoli in marcia;Rettilineo;Una carreggiata a senso unico di marcia;Asciutto;Asfaltata;Verticale ed orizzontale;Sereno;Intenso;Buona;Ore Diurne;0;0;0;4;12.5209;41.898;-1;2;Autocarro inferiore 35 q.;In marcia / fermata / arresto;Passeggero;M;Illeso;0;;Non accertato;
4576450;3;26/09/2019 09:45:00;Strada Urbana;Tangenziale Est direzione S. Giovanni;da specificare;;;;PARTE SOPRAELEVATA ALTEZZA EX DOGANA;Scontro laterale fra veicoli in marcia;Pendenza;Una carreggiata a senso unico di marcia;Asciutto;Asfaltata;Orizzontale;Sereno;Intenso;Buona;Ore Diurne;0;0;0;2;12.5057;41.8859;-1;1;Autovettura privata;In marcia / fermata / arresto;Conducente;M;Illeso;0;;Non accertato;Inesploso
4576450;3;26/09/2019 09:45:00;Strada Urbana;Tangenziale Est direzione S. Giovanni;da specificare;;;;PARTE SOPRAELEVATA ALTEZZA EX DOGANA;Scontro laterale fra veicoli in marcia;Pendenza;Una carreggiata a senso unico di marcia;Asciutto;Asfaltata;Orizzontale;Sereno;Intenso;Buona;Ore Diurne;0;0;0;2;12.5057;41.8859;-1;2;Autovettura privata;In marcia / fermata / arresto;Conducente;F;Illeso;0;;Non accertato;Inesploso
4576455;18;30/09/2019 15:00:00;Strada Urbana;VIA MATTIA BATTISTINI;in corrispondenza;;del civico n.;66;;Scontro frontale/laterale DX fra veicoli in marcia;Rettilineo;Una carreggiata a doppio senso;Asciutto;Asfaltata;Verticale ed orizzontale;Sereno;Intenso;Buona;Ore Diurne;0;0;0;2;12.4141;41.9062;-1;1;Autovettura privata;In marcia / fermata / arresto;Conducente;F;Illeso;0;;Non accertato;Inesploso
4576455;18;30/09/2019 15:00:00;Strada Urbana;VIA MATTIA BATTISTINI;in corrispondenza;;del civico n.;66;;Scontro frontale/laterale DX fra veicoli in marcia;Rettilineo;Una carreggiata a doppio senso;Asciutto;Asfaltata;Verticale ed orizzontale;Sereno;Intenso;Buona;Ore Diurne;0;0;0;2;12.4141;41.9062;-1;2;Motociclo a solo;In marcia / fermata / arresto;Conducente;M;Illeso;0;;Non accertato;
4576463;3;27/09/2019 14:00:00;Strada Urbana;tangenziale / est dir. salaria;da specificare;;;;altezza universit� prox. svincolo verano;Infortunio per caduta del veicolo;Curva a visuale libera;Una carreggiata a senso unico di marcia;Asciutto;Asfaltata;Verticale ed orizzontale;Sereno;Normale;Buona;Ore Diurne;1;0;0;0;12.5196;41.8969;-1;1;Motociclo a solo;In marcia / fermata / arresto;Conducente;M;Ricoverato;0;NON DECEDUTO;;
4576471;3;29/09/2019 13:05:00;Strada Urbana;VIA GIOVANNI BATTISTA MORGAGNI;all'intersezione semaforizzata con;VIALE REGINA MARGHERITA;VIALE REGINA MARGHERITA;;;Scontro frontale/laterale DX fra veicoli in marcia;Intersezione semaforizzata;Due carreggiate;Asciutto;Asfaltata;Verticale ed orizzontale;Sereno;Scarso;Buona;Ore Diurne;1;0;0;3;12.5105;41.9099;-1;1;Motociclo a solo;In marcia / fermata / arresto;Conducente;F;Ricoverato;0;NON DECEDUTO;;
4576471;3;29/09/2019 13:05:00;Strada Urbana;VIA GIOVANNI BATTISTA MORGAGNI;all'intersezione semaforizzata con;VIALE REGINA MARGHERITA;VIALE REGINA MARGHERITA;;;Scontro frontale/laterale DX fra veicoli in marcia;Intersezione semaforizzata;Due carreggiate;Asciutto;Asfaltata;Verticale ed orizzontale;Sereno;Scarso;Buona;Ore Diurne;1;0;0;3;12.5105;41.9099;-1;2;Autovettura privata;In marcia / fermata / arresto;Conducente;M;Illeso;0;;;