Protocollo;Gruppo;DataOraIncidente;Localizzazione1;STRADA1;Localizzazione2;STRADA2;Strada02;Chilometrica;DaSpecificare;NaturaIncidente;particolaritastrade;TipoStrada;FondoStradale;Pavimentazione;Segnaletica;CondizioneAtmosferica;Traffico;Visibilita;Illuminazione;NUM_FERITI;NUM_RISERVATA;NUM_MORTI;NUM_ILLESI;Longitudine;Latitudine;Confermato;Progressivo;TipoVeicolo;StatoVeicolo;TipoPersona;Sesso;Tipolesione;Deceduto;DecedutoDopo;CinturaCascoUtilizzato;Airbag;
4577072;12;30/09/2019 17:30:00;Strada Urbana;VIALE EGEO;all'intersezione semaforizzata con;VIA MONTE DEL FINOCCHIO;VIA MONTE DEL FINOCCHIO;;;Scontro frontale/laterale DX fra veicoli in marcia;Intersezione semaforizzata;Una carreggiata a doppio senso;Asciutto;Asfaltata;Verticale ed orizzontale;Sereno;Normale;Buona;Ore Diurne;0;0;0;2;12.457;41.8325;-1;1;Autovettura privata;In marcia / fermata / arresto;Conducente;M;Illeso;0;;Utilizzato;Inesploso
4577072;12;30/09/2019 17:30:00;Strada Urbana;VIALE EGEO;all'intersezione semaforizzata con;VIA MONTE DEL FINOCCHIO;VIA MONTE DEL FINOCCHIO;;;Scontro frontale/laterale DX fra veicoli in marcia;Intersezione semaforizzata;Una carreggiata a doppio senso;Asciutto;Asfaltata;Verticale ed orizzontale;Sereno;Normale;Buona;Ore Diurne;0;0;0;2;12.457;41.8325;-1;2;Autovettura privata;In marcia / fermata / arresto;Conducente;M;Illeso;0;;Utilizzato;Inesploso
4577310;7;30/09/2019 11:00:00;Strada Urbana;VIA PRENESTINA;all'intersezione con;VIALE PALMIRO TOGLIATTI;VIALE PALMIRO TOGLIATTI;;;Tamponamento;Incrocio;Due carreggiate;Asciutto;Asfaltata;Verticale ed orizzontale;Sereno;Normale;Buona;Ore Diurne;0;0;0;2;12.6155;41.8933;-1;1;Autovettura privata;In marcia / fermata / arresto;Conducente;M;Illeso;0;;Non accertato;Inesploso
4577310;7;30/09/2019 11:00:00;Strada Urbana;VIA PRENESTINA;all'intersezione con;VIALE PALMIRO TOGLIATTI;VIALE PALMIRO TOGLIATTI;;;Tamponamento;Incrocio;Due carreggiate;Asciutto;Asfaltata;Verticale ed orizzontale;Sereno;Normale;Buona;Ore Diurne;0;0;0;2;12.6155;41.8933;-1;2;Autovettura privata;In marcia / fermata / arresto;Conducente;F;Illeso;0;;Non accertato;Inesploso
4577325;7;03/09/2019 12:10:00;Strada Urbana;VIA SALVIATI;all'intersezione con;VIA GUGLIELMO SANSONI;VIA GUGLIELMO SANSONI;;;Tamponamento;Incrocio;Una carreggiata a doppio senso;Asciutto;Asfaltata;Verticale ed orizzontale;Sereno;Normale;Sufficiente;Ore Diurne;0;0;0;2;12.5824;41.9062;-1;1;Autovettura privata;In marcia / fermata / arresto;Conducente;M;Illeso;0;;Non accertato;Inesploso
4577325;7;03/09/2019 12:10:00;Strada Urbana;VIA SALVIATI;all'intersezione con;VIA GUGLIELMO SANSONI;VIA GUGLIELMO SANSONI;;;Tamponamento;Incrocio;Una carreggiata a doppio senso;Asciutto;Asfaltata;Verticale ed orizzontale;Sereno;Normale;Sufficiente;Ore Diurne;0;0;0;2;12.5824;41.9062;-1;2;Autocarro inferiore 35 q.;In marcia / fermata / arresto;Conducente;M;Illeso;0;;Non accertato;Inesploso
4577326;4;30/09/2019 14:20:00;Strada Urbana;VIALE JONIO;in corrispondenza;;del civico n.;245;;Investimento di pedone;Rettilineo;Due carreggiate;Asciutto;Asfaltata;Orizzontale;Sereno;Intenso;Buona;Ore Diurne;0;0;1;2;12.5327;41.9452;-1;;;;Pedone;M;Deceduto sul posto;-1;;;
4577326;4;30/09/2019 14:20:00;Strada Urbana;VIALE JONIO;in corrispondenza;;del civico n.;245;;Investimento di pedone;Rettilineo;Due carreggiate;Asciutto;Asfaltata;Orizzontale;Sereno;Intenso;Buona;Ore Diurne;0;0;1;2;12.5327;41.9452;-1;1;Trattore stradale;In marcia / fermata / arresto;Conducente;M;Illeso;0;;Non accertato;
4577326;4;30/09/2019 14:20:00;Strada Urbana;VIALE JONIO;in corrispondenza;;del civico n.;245;;Investimento di pedone;Rettilineo;Due carreggiate;Asciutto;Asfaltata;Orizzontale;Sereno;Intenso;Buona;Ore Diurne;0;0;1;2;12.5327;41.9452;-1;2;Rimorchio;In marcia / fermata / arresto;Conducente;M;Illeso;0;;Non accertato;
4577331;10;30/09/2019 08:50:00;Strada Urbana;VIALE PALMIRO TOGLIATTI;da specificare;;;;fronte Centro Commerciale dir. Casilina;Scontro laterale fra veicoli in marcia;Rettilineo;Due carreggiate;Asciutto;Asfaltata;Verticale ed orizzontale;Nuvoloso;Normale;Buona;Ore Diurne;1;0;0;2;12.5706;41.853;-1;1;Autovettura privata;In marcia / fermata / arresto;Conducente;F;Rimandato;0;NON DECEDUTO;Non accertato;Inesploso
4577331;10;30/09/2019 08:50:00;Strada Urbana;VIALE PALMIRO TOGLIATTI;da specificare;;;;fronte Centro Commerciale dir. Casilina;Scontro laterale fra veicoli in marcia;Rettilineo;Due carreggiate;Asciutto;Asfaltata;Verticale ed orizzontale;Nuvoloso;Normale;Buona;Ore Diurne;1;0;0;2;12.5706;41.853;-1;2;Autovettura privata;In marcia / fermata / arresto;Conducente;F;Illeso;0;;Non accertato;Inesploso
4577331;10;30/09/2019 08:50:00;Strada Urbana;VIALE PALMIRO TOGLIATTI;da specificare;;;;fronte Centro Commerciale dir. Casilina;Scontro laterale fra veicoli in marcia;Rettilineo;Due carreggiate;Asciutto;Asfaltata;Verticale ed orizzontale;Nuvoloso;Normale;Buona;Ore Diurne;1;0;0;2;12.5706;41.853;-1;2;Autovettura privata;In marcia / fermata / arresto;Passeggero;F;Illeso;0;;Non accertato;Inesploso
4577332;7;30/09/2019 23:00:00;Strada Urbana;VIA STEFANO OBERTO;in corrispondenza;;del civico n.;57;;Veicolo in marcia contro veicolo in sosta;Rettilineo;Una carreggiata a doppio senso;Asciutto;Asfaltata;Orizzontale;Sereno;Scarso;Sufficiente;Sufficiente;0;0;0;2;12.5869;41.8495;-1;1;Autovettura privata;In marcia / fermata / arresto;Conducente;F;Illeso;0;;Non accertato;Inesploso
4577332;7;30/09/2019 23:00:00;Strada Urbana;VIA STEFANO OBERTO;in corrispondenza;;del civico n.;57;;Veicolo in marcia contro veicolo in sosta;Rettilineo;Una carreggiata a doppio senso;Asciutto;Asfaltata;Orizzontale;Sereno;Scarso;Sufficiente;Sufficiente;0;0;0;2;12.5869;41.8495;-1;1;Autovettura privata;In marcia / fermata / arresto;Passeggero;M;Illeso;0;;Non accertato;Inesploso
4577332;7;30/09/2019 23:00:00;Strada Urbana;VIA STEFANO OBERTO;in corrispondenza;;del civico n.;57;;Veicolo in marcia contro veicolo in sosta;Rettilineo;Una carreggiata a doppio senso;Asciutto;Asfaltata;Orizzontale;Sereno;Scarso;Sufficiente;Sufficiente;0;0;0;2;12.5869;41.8495;-1;2;Autovettura privata;Sosta;;;;;;;
4577332;7;30/09/2019 23:00:00;Strada Urbana;VIA STEFANO OBERTO;in corrispondenza;;del civico n.;57;;Veicolo in marcia contro veicolo in sosta;Rettilineo;Una carreggiata a doppio senso;Asciutto;Asfaltata;Orizzontale;Sereno;Scarso;Sufficiente;Sufficiente;0;0;0;2;12.5869;41.8495;-1;3;Autovettura privata;Sosta;;;;;;;
4577333;8;30/09/2019 14:30:00;Strada Urbana;VIA FRATELLI MAZZOCCHI;in corrispondenza;;del civico n.;23;;Veicolo in marcia contro veicolo in sosta;Rettilineo;Una carreggiata a senso unico di marcia;Asciutto;Asfaltata;Verticale;Sereno;Scarso;Buona;Ore Diurne;0;0;0;0;12.6476;41.8654;-1;1;Autovettura privata;Sosta;;;;;;;
4577333;8;30/09/2019 14:30:00;Strada Urbana;VIA FRATELLI MAZZOCCHI;in corrispondenza;;del civico n.;23;;Veicolo in marcia contro veicolo in sosta;Rettilineo;Una carreggiata a senso unico di marcia;Asciutto;Asfaltata;Verticale;Sereno;Scarso;Buona;Ore Diurne;0;0;0;0;12.6476;41.8654;-1;2;Autovettura privata;Allontanatosi;;;;;;;
4577334;5;30/09/2019 08:05:00;Strada Urbana;VIA ETTORE FIERAMOSCA;in prossimit�;;del civico n.;125;;Tamponamento Multiplo;Rettilineo;Due carreggiate;Asciutto;Asfaltata;Verticale ed orizzontale;Nuvoloso;Intenso;Buona;Ore Diurne;1;0;0;3;12.5283;41.8933;-1;1;Autovettura privata;In marcia / fermata / arresto;Conducente;M;Illeso;0;;Non accertato;Inesploso
4577334;5;30/09/2019 08:05:00;Strada Urbana;VIA ETTORE FIERAMOSCA;in prossimit�;;del civico n.;125;;Tamponamento Multiplo;Rettilineo;Due carreggiate;Asciutto;Asfaltata;Verticale ed orizzontale;Nuvoloso;Intenso;Buona;Ore Diurne;1;0;0;3;12.5283;41.8933;-1;1;Autovettura privata;In marcia / fermata / arresto;Passeggero;F;Illeso;0;;Non accertato;Inesploso
4577334;5;30/09/2019 08:05:00;Strada Urbana;VIA ETTORE FIERAMOSCA;in prossimit�;;del civico n.;125;;Tamponamento Multiplo;Rettilineo;Due carreggiate;Asciutto;Asfaltata;Verticale ed orizzontale;Nuvoloso;Intenso;Buona;Ore Diurne;1;0;0;3;12.5283;41.8933;-1;2;Autocarro inferiore 35 q.;In marcia / fermata / arresto;Conducente;M;Illeso;0;;Non accertato;Inesploso
4577334;5;30/09/2019 08:05:00;Strada Urbana;VIA ETTORE FIERAMOSCA;in prossimit�;;del civico n.;125;;Tamponamento Multiplo;Rettilineo;Due carreggiate;Asciutto;Asfaltata;Verticale ed orizzontale;Nuvoloso;Intenso;Buona;Ore Diurne;1;0;0;3;12.5283;41.8933;-1;3;Autovettura privata;In marcia / fermata / arresto;Conducente;M;Rimandato;0;NON DECEDUTO;Non accertato;Inesploso
4577349;11;30/09/2019 17:30:00;Strada Urbana;VIA GIOVANNI MARIA PERCOTO;in prossimit�;;del civico n.;8;;Investimento di pedone;Rettilineo;Una carreggiata a senso unico di marcia;Asciutto;Asfaltata;Verticale ed orizzontale;Nuvoloso;Normale;Buona;Ore Diurne;2;0;0;1;12.4919;41.8656;-1;;;;Pedone;M;Rimandato;0;NON DECEDUTO;;
4577349;11;30/09/2019 17:30:00;Strada Urbana;VIA GIOVANNI MARIA PERCOTO;in prossimit�;;del civico n.;8;;Investimento di pedone;Rettilineo;Una carreggiata a senso unico di marcia;Asciutto;Asfaltata;Verticale ed orizzontale;Nuvoloso;Normale;Buona;Ore Diurne;2;0;0;1;12.4919;41.8656;-1;;;;Pedone;F;Rimandato;0;NON DECEDUTO;;
4577349;11;30/09/2019 17:30:00;Strada Urbana;VIA GIOVANNI MARIA PERCOTO;in prossimit�;;del civico n.;8;;Investimento di pedone;Rettilineo;Una carreggiata a senso unico di marcia;Asciutto;Asfaltata;Verticale ed orizzontale;Nuvoloso;Normale;Buona;Ore Diurne;2;0;0;1;12.4919;41.8656;-1;1;Autovettura privata;In marcia / fermata / arresto;Conducente;M;Illeso;0;;Non accertato;Inesploso
4577362;9;30/09/2019 20:35:00;Strada Urbana;VIA TURNO;in prossimit�;;del civico n.;43;;Investimento di pedone;Rettilineo;Una carreggiata a senso unico di marcia;Asciutto;Asfaltata;Verticale ed orizzontale;Sereno;Scarso;Buona;Sufficiente;1;0;0;1;12.5263;41.8728;0;;;;Pedone;M;Rimandato;0;NON DECEDUTO;;
4577362;9;30/09/2019 20:35:00;Strada Urbana;VIA TURNO;in prossimit�;;del civico n.;43;;Investimento di pedone;Rettilineo;Una carreggiata a senso unico di marcia;Asciutto;Asfaltata;Verticale ed orizzontale;Sereno;Scarso;Buona;Sufficiente;1;0;0;1;12.5263;41.8728;0;1;Autovettura privata;In marcia / fermata / arresto;Conducente;M;Illeso;0;;;
4577364;8;30/09/2019 14:40:00;Strada Urbana;VIA SERRULE;all'intersezione con;VIA CAMPOFIORITO;VIA CAMPOFIORITO;;;Scontro frontale/laterale SX fra veicoli in marcia;Intersezione stradale segnalata;Una carreggiata a senso unico di marcia;Asciutto;Asfaltata;Verticale ed orizzontale;Sereno;Normale;Buona;Ore Diurne;0;0;0;4;12.6889;41.8644;-1;1;Autovettura privata;In marcia / fermata / arresto;Conducente;M;Illeso;0;;Non accertato;Inesploso
4577364;8;30/09/2019 14:40:00;Strada Urbana;VIA SERRULE;all'intersezione con;VIA CAMPOFIORITO;VIA CAMPOFIORITO;;;Scontro frontale/laterale SX fra veicoli in marcia;Intersezione stradale segnalata;Una carreggiata a senso unico di marcia;Asciutto;Asfaltata;Verticale ed orizzontale;Sereno;Normale;Buona;Ore Diurne;0;0;0;4;12.6889;41.8644;-1;2;Autovettura privata;In marcia / fermata / arresto;Conducente;F;Illeso;0;;Non accertato;Inesploso
4577364;8;30/09/2019 14:40:00;Strada Urbana;VIA SERRULE;all'intersezione con;VIA CAMPOFIORITO;VIA CAMPOFIORITO;;;Scontro frontale/laterale SX fra veicoli in marcia;Intersezione stradale segnalata;Una carreggiata a senso unico di marcia;Asciutto;Asfaltata;Verticale ed orizzontale;Sereno;Normale;Buona;Ore Diurne;0;0;0;4;12.6889;41.8644;-1;2;Autovettura privata;In marcia / fermata / arresto;Passeggero;F;Illeso;0;;Non accertato;Inesploso
4577366;20;30/09/2019 07:30:00;Regionale;VIA FLAMINIA;da specificare;;;;direzione centro altezza bivio GRA Salaria;Scontro laterale fra veicoli in marcia;Rettilineo;Due carreggiate;Asciutto;Asfaltata;Verticale ed orizzontale;Sereno;Intenso;Buona;Ore Diurne;1;0;0;1;12.4946;41.9876;-1;1;Autovettura privata;In marcia / fermata / arresto;Conducente;M;Illeso;0;;Non accertato;
4577366;20;30/09/2019 07:30:00;Regionale;VIA FLAMINIA;da specificare;;;;direzione centro altezza bivio GRA Salaria;Scontro laterale fra veicoli in marcia;Rettilineo;Due carreggiate;Asciutto;Asfaltata;Verticale ed orizzontale;Sereno;Intenso;Buona;Ore Diurne;1;0;0;1;12.4946;41.9876;-1;2;Motociclo a solo;In marcia / fermata / arresto;Conducente;M;Ricoverato;0;NON DECEDUTO;Non accertato;
4577373;20;30/09/2019 18:00:00;Strada Urbana;VIA FLAMINIA NUOVA;da specificare;;;;in prossimit� via Bomarzo direzione fuori Roma;Tamponamento Multiplo;Rettilineo;Due carreggiate;Asciutto;Asfaltata;Verticale ed orizzontale;Sereno;Intenso;Buona;Ore Diurne;1;0;0;6;12.4792;41.9609;-1;1;Autovettura privata;In marcia / fermata / arresto;Conducente;M;Illeso;0;;Non accertato;
4577373;20;30/09/2019 18:00:00;Strada Urbana;VIA FLAMINIA NUOVA;da specificare;;;;in prossimit� via Bomarzo direzione fuori Roma;Tamponamento Multiplo;Rettilineo;Due carreggiate;Asciutto;Asfaltata;Verticale ed orizzontale;Sereno;Intenso;Buona;Ore Diurne;1;0;0;6;12.4792;41.9609;-1;1;Autovettura privata;In marcia / fermata / arresto;Passeggero;F;Illeso;0;;Non accertato;
4577373;20;30/09/2019 18:00:00;Strada Urbana;VIA FLAMINIA NUOVA;da specificare;;;;in prossimit� via Bomarzo direzione fuori Roma;Tamponamento Multiplo;Rettilineo;Due carreggiate;Asciutto;Asfaltata;Verticale ed orizzontale;Sereno;Intenso;Buona;Ore Diurne;1;0;0;6;12.4792;41.9609;-1;2;Autovettura privata;In marcia / fermata / arresto;Conducente;M;Illeso;0;;Non accertato;
4577373;20;30/09/2019 18:00:00;Strada Urbana;VIA FLAMINIA NUOVA;da specificare;;;;in prossimit� via Bomarzo direzione fuori Roma;Tamponamento Multiplo;Rettilineo;Due carreggiate;Asciutto;Asfaltata;Verticale ed orizzontale;Sereno;Intenso;Buona;Ore Diurne;1;0;0;6;12.4792;41.9609;-1;2;Autovettura privata;In marcia / fermata / arresto;Passeggero;F;Illeso;0;;Non accertato;
4577373;20;30/09/2019 18:00:00;Strada Urbana;VIA FLAMINIA NUOVA;da specificare;;;;in prossimit� via Bomarzo direzione fuori Roma;Tamponamento Multiplo;Rettilineo;Due carreggiate;Asciutto;Asfaltata;Verticale ed orizzontale;Sereno;Intenso;Buona;Ore Diurne;1;0;0;6;12.4792;41.9609;-1;2;Autovettura privata;In marcia / fermata / arresto;Passeggero;M;Illeso;0;;Non accertato;
4577373;20;30/09/2019 18:00:00;Strada Urbana;VIA FLAMINIA NUOVA;da specificare;;;;in prossimit� via Bomarzo direzione fuori Roma;Tamponamento Multiplo;Rettilineo;Due carreggiate;Asciutto;Asfaltata;Verticale ed orizzontale;Sereno;Intenso;Buona;Ore Diurne;1;0;0;6;12.4792;41.9609;-1;3;Autovettura privata;In marcia / fermata / arresto;Conducente;M;Rimandato;0;NON DECEDUTO;Non accertato;
4577373;20;30/09/2019 18:00:00;Strada Urbana;VIA FLAMINIA NUOVA;da specificare;;;;in prossimit� via Bomarzo direzione fuori Roma;Tamponamento Multiplo;Rettilineo;Due carreggiate;Asciutto;Asfaltata;Verticale ed orizzontale;Sereno;Intenso;Buona;Ore Diurne;1;0;0;6;12.4792;41.9609;-1;4;Autovettura privata;In marcia / fermata / arresto;Conducente;M;Illeso;0;;Non accertato;
4577377;11;30/09/2019 13:05:00;Strada Urbana;VIA LAURENTINA;in corrispondenza;;del civico n.;165;;Scontro laterale fra veicoli in marcia;Rettilineo;Due carreggiate;Asciutto;Asfaltata;Verticale ed orizzontale;Sereno;Normale;Buona;Ore Diurne;0;0;0;3;12.4805;41.8443;-1;1;Autovettura di polizia;In marcia / fermata / arresto;Conducente;M;Illeso;0;;Non accertato;
4577377;11;30/09/2019 13:05:00;Strada Urbana;VIA LAURENTINA;in corrispondenza;;del civico n.;165;;Scontro laterale fra veicoli in marcia;Rettilineo;Due carreggiate;Asciutto;Asfaltata;Verticale ed orizzontale;Sereno;Normale;Buona;Ore Diurne;0;0;0;3;12.4805;41.8443;-1;1;Autovettura di polizia;In marcia / fermata / arresto;Passeggero;M;Illeso;0;;Non accertato;
4577377;11;30/09/2019 13:05:00;Strada Urbana;VIA LAURENTINA;in corrispondenza;;del civico n.;165;;Scontro laterale fra veicoli in marcia;Rettilineo;Due carreggiate;Asciutto;Asfaltata;Verticale ed orizzontale;Sereno;Normale;Buona;Ore Diurne;0;0;0;3;12.4805;41.8443;-1;2;Autovettura privata;In marcia / fermata / arresto;Conducente;F;Illeso;0;;Non accertato;
4577379;8;30/09/2019 15:30:00;Strada Urbana;VIA GIUSEPPE MACCHI;in prossimit�;;del palo luce n.;2;;Veicolo in marcia contro veicolo in sosta;Rettilineo;Una carreggiata a senso unico di marcia;Asciutto;Asfaltata;Verticale;Sereno;Scarso;Buona;Ore Diurne;0;0;0;2;12.6189;41.8617;-1;1;Autovettura privata;Sosta;Passeggero;M;Illeso;0;;Non accertato;Inesploso
4577379;8;30/09/2019 15:30:00;Strada Urbana;VIA GIUSEPPE MACCHI;in prossimit�;;del palo luce n.;2;;Veicolo in marcia contro veicolo in sosta;Rettilineo;Una carreggiata a senso unico di marcia;Asciutto;Asfaltata;Verticale;Sereno;Scarso;Buona;Ore Diurne;0;0;0;2;12.6189;41.8617;-1;2;Autovettura privata;In marcia / fermata / arresto;Conducente;M;Illeso;0;;Non accertato;Inesploso
4577382;10;30/09/2019 21:50:00;Strada Urbana;VIA TUSCOLANA;all'intersezione semaforizzata con;VIA DI PORTA FURBA;VIA DI PORTA FURBA;;;Scontro frontale/laterale SX fra veicoli in marcia;Intersezione semaforizzata;Due carreggiate;Asciutto;Asfaltata;Verticale ed orizzontale;Nuvoloso;Normale;Sufficiente;Sufficiente;1;0;0;2;12.5382;41.8691;-1;1;Autovettura privata;In marcia / fermata / arresto;Conducente;M;Illeso;0;;Non accertato;Inesploso
4577382;10;30/09/2019 21:50:00;Strada Urbana;VIA TUSCOLANA;all'intersezione semaforizzata con;VIA DI PORTA FURBA;VIA DI PORTA FURBA;;;Scontro frontale/laterale SX fra veicoli in marcia;Intersezione semaforizzata;Due carreggiate;Asciutto;Asfaltata;Verticale ed orizzontale;Nuvoloso;Normale;Sufficiente;Sufficiente;1;0;0;2;12.5382;41.8691;-1;2;Autovettura privata;In marcia / fermata / arresto;Conducente;F;Rimandato;0;NON DECEDUTO;Non accertato;Inesploso
4577382;10;30/09/2019 21:50:00;Strada Urbana;VIA TUSCOLANA;all'intersezione semaforizzata con;VIA DI PORTA FURBA;VIA DI PORTA FURBA;;;Scontro frontale/laterale SX fra veicoli in marcia;Intersezione semaforizzata;Due carreggiate;Asciutto;Asfaltata;Verticale ed orizzontale;Nuvoloso;Normale;Sufficiente;Sufficiente;1;0;0;2;12.5382;41.8691;-1;3;Autovettura privata;In marcia / fermata / arresto;Conducente;M;Illeso;0;;Non accertato;Inesploso
4577391;4;30/09/2019 10:00:00;Strada Urbana;VIALE JONIO;in corrispondenza;;del civico n.;31/33;;Scontro laterale fra veicoli in marcia;Rettilineo;Due carreggiate;Asciutto;Asfaltata;Verticale ed orizzontale;Sereno;Normale;Buona;Ore Diurne;0;0;0;2;12.5445;41.9436;-1;1;Autovettura privata;In marcia / fermata / arresto;Conducente;M;Illeso;0;;;
4577391;4;30/09/2019 10:00:00;Strada Urbana;VIALE JONIO;in corrispondenza;;del civico n.;31/33;;Scontro laterale fra veicoli in marcia;Rettilineo;Due carreggiate;Asciutto;Asfaltata;Verticale ed orizzontale;Sereno;Normale;Buona;Ore Diurne;0;0;0;2;12.5445;41.9436;-1;2;Autovettura privata;In marcia / fermata / arresto;Conducente;M;Illeso;0;;;
4577392;8;30/09/2019 13:40:00;Strada Urbana;VIA DI TOR BELLA MONACA;da specificare;;;;100 M DOPO IL PONTE DI VIA ANDERLONI;Scontro laterale fra veicoli in marcia;Rettilineo;Una carreggiata a senso unico di marcia;Asciutto;Asfaltata;Verticale ed orizzontale;Sereno;Normale;Buona;Ore Diurne;0;0;0;2;12.6281;41.8764;-1;1;Autovettura privata;In marcia / fermata / arresto;Conducente;M;Illeso;0;;;
4577392;8;30/09/2019 13:40:00;Strada Urbana;VIA DI TOR BELLA MONACA;da specificare;;;;100 M DOPO IL PONTE DI VIA ANDERLONI;Scontro laterale fra veicoli in marcia;Rettilineo;Una carreggiata a senso unico di marcia;Asciutto;Asfaltata;Verticale ed orizzontale;Sereno;Normale;Buona;Ore Diurne;0;0;0;2;12.6281;41.8764;-1;2;Autovettura privata;In marcia / fermata / arresto;Conducente;M;Illeso;0;;;
4577396;4;30/09/2019 10:40:00;Strada Urbana;VIA VAL CHISONE;all'intersezione con;VIA VAL DI FIEMME;VIA VAL DI FIEMME;;;Veicolo in marcia contro ostacolo accidentale;Intersezione stradale segnalata;Una carreggiata a doppio senso;Asciutto;Asfaltata;Verticale ed orizzontale;Nuvoloso;Normale;Buona;Ore Diurne;1;0;0;0;12.5278;41.9334;-1;1;Motociclo a solo;In marcia / fermata / arresto;Conducente;M;Rimandato;0;NON DECEDUTO;;
4577399;15;30/09/2019 17:20:00;Strada Urbana;VIA DELL'IMBRECCIATO;in corrispondenza;;del civico n.;112/A;;Investimento di pedone;Rettilineo;Una carreggiata a doppio senso;Asciutto;Asfaltata;Orizzontale;Sereno;Normale;Buona;Ore Diurne;0;0;0;2;12.4458;41.8513;-1;;;;Pedone;F;Illeso;0;;;
4577399;15;30/09/2019 17:20:00;Strada Urbana;VIA DELL'IMBRECCIATO;in corrispondenza;;del civico n.;112/A;;Investimento di pedone;Rettilineo;Una carreggiata a doppio senso;Asciutto;Asfaltata;Orizzontale;Sereno;Normale;Buona;Ore Diurne;0;0;0;2;12.4458;41.8513;-1;1;Autovettura privata;In marcia / fermata / arresto;Conducente;M;Illeso;0;;Non accertato;Inesploso
4577404;11;30/09/2019 20:25:00;Strada Urbana;VIA DELL'ALMONE;in prossimit�;;del civico n.;19;;Tamponamento Multiplo;Rettilineo;Una carreggiata a doppio senso;Asciutto;Asfaltata;Verticale ed orizzontale;Sereno;Scarso;Sufficiente;Sufficiente;1;0;0;2;12.5336;41.8599;-1;1;Autovettura pubblica;In marcia / fermata / arresto;Conducente;M;Illeso;0;;Non accertato;
4577404;11;30/09/2019 20:25:00;Strada Urbana;VIA DELL'ALMONE;in prossimit�;;del civico n.;19;;Tamponamento Multiplo;Rettilineo;Una carreggiata a doppio senso;Asciutto;Asfaltata;Verticale ed orizzontale;Sereno;Scarso;Sufficiente;Sufficiente;1;0;0;2;12.5336;41.8599;-1;2;Autovettura privata;In marcia / fermata / arresto;Conducente;M;Rimandato;0;NON DECEDUTO;Non accertato;
4577404;11;30/09/2019 20:25:00;Strada Urbana;VIA DELL'ALMONE;in prossimit�;;del civico n.;19;;Tamponamento Multiplo;Rettilineo;Una carreggiata a doppio senso;Asciutto;Asfaltata;Verticale ed orizzontale;Sereno;Scarso;Sufficiente;Sufficiente;1;0;0;2;12.5336;41.8599;-1;3;Autovettura privata;In marcia / fermata / arresto;Conducente;M;Illeso;0;;Non accertato;
4577407;19;30/09/2019 15:10:00;Strada Urbana;VIA MASSIMI;in prossimit�;;del civico n.;fc 25;;Veicolo in marcia contro ostacolo fisso;Rettilineo;Una carreggiata a doppio senso;Asciutto;Asfaltata;Assente;Sereno;Normale;Buona;Ore Diurne;0;0;0;1;12.4379;41.9293;-1;1;Autovettura privata;In marcia / fermata / arresto;Conducente;F;Illeso;0;;Non accertato;Inesploso
4577407;19;30/09/2019 15:10:00;Strada Urbana;VIA MASSIMI;in prossimit�;;del civico n.;fc 25;;Veicolo in marcia contro ostacolo fisso;Rettilineo;Una carreggiata a doppio senso;Asciutto;Asfaltata;Assente;Sereno;Normale;Buona;Ore Diurne;0;0;0;1;12.4379;41.9293;-1;2;Autovettura privata;Sosta;;;;;;;
4577412;5;30/09/2019 09:45:00;Strada Urbana;VIA TIBURTINA;da specificare;;;;direzione G.R.A. intersezione Via del Tecnopolo;Veicolo in marcia contro ostacolo accidentale;Curva a visuale libera;Pi� di due carreggiate;Viscido da liquidi oleosi;Asfaltata;Verticale ed orizzontale;Sereno;Normale;Buona;Ore Diurne;0;0;0;1;12.6384;41.9411;-1;1;Motociclo a solo;In marcia / fermata / arresto;Conducente;M;Illeso;0;;;
4577417;1;30/09/2019 10:40:00;Strada Urbana;CORSO VITTORIO EMANUELE II;all'intersezione con;VIA DEL PARADISO;VIA DEL PARADISO;;;Investimento di pedone;Incrocio;Una carreggiata a doppio senso;Asciutto;Asfaltata;Verticale ed orizzontale;Sereno;Normale;Buona;Ore Diurne;1;0;0;1;12.4712;41.8972;-1;;;;Pedone;M;Rimandato;0;NON DECEDUTO;;
4577417;1;30/09/2019 10:40:00;Strada Urbana;CORSO VITTORIO EMANUELE II;all'intersezione con;VIA DEL PARADISO;VIA DEL PARADISO;;;Investimento di pedone;Incrocio;Una carreggiata a doppio senso;Asciutto;Asfaltata;Verticale ed orizzontale;Sereno;Normale;Buona;Ore Diurne;1;0;0;1;12.4712;41.8972;-1;1;Autovettura privata;In marcia / fermata / arresto;Conducente;M;Illeso;0;;;
4577419;4;30/09/2019 08:30:00;Strada Urbana;VIA MONTE META;in corrispondenza;;del civico n.;13;;Veicolo in marcia contro veicolo in sosta;Rettilineo;Una carreggiata a senso unico di marcia;Asciutto;Asfaltata;Verticale ed orizzontale;Sereno;Normale;Sufficiente;Ore Diurne;1;0;0;0;12.5365;41.9449;-1;1;Autocarro inferiore 35 q.;In marcia / fermata / arresto;Conducente;M;Rimandato;0;NON DECEDUTO;Non accertato;
4577419;4;30/09/2019 08:30:00;Strada Urbana;VIA MONTE META;in corrispondenza;;del civico n.;13;;Veicolo in marcia contro veicolo in sosta;Rettilineo;Una carreggiata a senso unico di marcia;Asciutto;Asfaltata;Verticale ed orizzontale;Sereno;Normale;Sufficiente;Ore Diurne;1;0;0;0;12.5365;41.9449;-1;2;Autovettura privata;Sosta;;;;;;;