Protocollo;Gruppo;DataOraIncidente;Localizzazione1;STRADA1;Localizzazione2;STRADA2;Strada02;Chilometrica;DaSpecificare;NaturaIncidente;particolaritastrade;TipoStrada;FondoStradale;Pavimentazione;Segnaletica;CondizioneAtmosferica;Traffico;Visibilita;Illuminazione;NUM_FERITI;NUM_RISERVATA;NUM_MORTI;NUM_ILLESI;Longitudine;Latitudine;Confermato;Progressivo;TipoVeicolo;StatoVeicolo;TipoPersona;Sesso;Tipolesione;Deceduto;DecedutoDopo;CinturaCascoUtilizzato;Airbag;
4577419;4;30/09/2019 08:30:00;Strada Urbana;VIA MONTE META;in corrispondenza;;del civico n.;13;;Veicolo in marcia contro veicolo in sosta;Rettilineo;Una carreggiata a senso unico di marcia;Asciutto;Asfaltata;Verticale ed orizzontale;Sereno;Normale;Sufficiente;Ore Diurne;1;0;0;0;12.5365;41.9449;-1;3;Autovettura privata;Sosta;;;;;;;
4577419;4;30/09/2019 08:30:00;Strada Urbana;VIA MONTE META;in corrispondenza;;del civico n.;13;;Veicolo in marcia contro veicolo in sosta;Rettilineo;Una carreggiata a senso unico di marcia;Asciutto;Asfaltata;Verticale ed orizzontale;Sereno;Normale;Sufficiente;Ore Diurne;1;0;0;0;12.5365;41.9449;-1;4;Autovettura privata;Sosta;;;;;;;
4577421;5;30/09/2019 14:30:00;Strada Urbana;VIA DEI MONTI TIBURTINI;all'intersezione con;VIA DEI DURANTINI;VIA DEI DURANTINI;;;Tamponamento;Intersezione semaforizzata;Due carreggiate;Asciutto;Asfaltata;Verticale ed orizzontale;Sereno;Intenso;Buona;Ore Diurne;0;0;0;3;12.5431;41.9172;-1;1;Autovettura privata;In marcia / fermata / arresto;Conducente;M;Illeso;0;;Non accertato;
4577421;5;30/09/2019 14:30:00;Strada Urbana;VIA DEI MONTI TIBURTINI;all'intersezione con;VIA DEI DURANTINI;VIA DEI DURANTINI;;;Tamponamento;Intersezione semaforizzata;Due carreggiate;Asciutto;Asfaltata;Verticale ed orizzontale;Sereno;Intenso;Buona;Ore Diurne;0;0;0;3;12.5431;41.9172;-1;1;Autovettura privata;In marcia / fermata / arresto;Passeggero;F;Illeso;0;;Non accertato;
4577421;5;30/09/2019 14:30:00;Strada Urbana;VIA DEI MONTI TIBURTINI;all'intersezione con;VIA DEI DURANTINI;VIA DEI DURANTINI;;;Tamponamento;Intersezione semaforizzata;Due carreggiate;Asciutto;Asfaltata;Verticale ed orizzontale;Sereno;Intenso;Buona;Ore Diurne;0;0;0;3;12.5431;41.9172;-1;2;Motociclo a solo;In marcia / fermata / arresto;Conducente;M;Illeso;0;;Non accertato;
4577424;19;30/09/2019 17:10:00;Strada Urbana;VIA DELL'ACQUEDOTTO DEL PESCHIERA;in prossimit�;;del civico n.;182;;Scontro laterale fra veicoli in marcia;Rettilineo;Una carreggiata a senso unico di marcia;Asciutto;Asfaltata;Orizzontale;Sereno;Normale;Buona;Ore Diurne;0;0;0;5;12.4246;41.9375;-1;1;Autovettura privata;In marcia / fermata / arresto;Conducente;M;Illeso;0;;Non accertato;Inesploso
4577424;19;30/09/2019 17:10:00;Strada Urbana;VIA DELL'ACQUEDOTTO DEL PESCHIERA;in prossimit�;;del civico n.;182;;Scontro laterale fra veicoli in marcia;Rettilineo;Una carreggiata a senso unico di marcia;Asciutto;Asfaltata;Orizzontale;Sereno;Normale;Buona;Ore Diurne;0;0;0;5;12.4246;41.9375;-1;1;Autovettura privata;In marcia / fermata / arresto;Passeggero;M;Illeso;0;;Non accertato;Inesploso
4577424;19;30/09/2019 17:10:00;Strada Urbana;VIA DELL'ACQUEDOTTO DEL PESCHIERA;in prossimit�;;del civico n.;182;;Scontro laterale fra veicoli in marcia;Rettilineo;Una carreggiata a senso unico di marcia;Asciutto;Asfaltata;Orizzontale;Sereno;Normale;Buona;Ore Diurne;0;0;0;5;12.4246;41.9375;-1;1;Autovettura privata;In marcia / fermata / arresto;Passeggero;M;Illeso;0;;Non accertato;Inesploso
4577424;19;30/09/2019 17:10:00;Strada Urbana;VIA DELL'ACQUEDOTTO DEL PESCHIERA;in prossimit�;;del civico n.;182;;Scontro laterale fra veicoli in marcia;Rettilineo;Una carreggiata a senso unico di marcia;Asciutto;Asfaltata;Orizzontale;Sereno;Normale;Buona;Ore Diurne;0;0;0;5;12.4246;41.9375;-1;2;Motociclo a solo;In marcia / fermata / arresto;Conducente;M;Illeso;0;;Non accertato;
4577424;19;30/09/2019 17:10:00;Strada Urbana;VIA DELL'ACQUEDOTTO DEL PESCHIERA;in prossimit�;;del civico n.;182;;Scontro laterale fra veicoli in marcia;Rettilineo;Una carreggiata a senso unico di marcia;Asciutto;Asfaltata;Orizzontale;Sereno;Normale;Buona;Ore Diurne;0;0;0;5;12.4246;41.9375;-1;3;Autobus di linea;In marcia / fermata / arresto;Conducente;M;Illeso;0;;Non accertato;Inesploso
4577426;6;30/09/2019 13:45:00;Strada Urbana;VIA PRENESTINA;in corrispondenza;;del civico n.;102;;Scontro laterale fra veicoli in marcia;Rettilineo;Due carreggiate;Asciutto;Asfaltata;Verticale;Sereno;Normale;Buona;Ore Diurne;1;0;0;1;12.529;41.8914;-1;1;Motociclo a solo;In marcia / fermata / arresto;Conducente;M;Illeso;0;;;
4577426;6;30/09/2019 13:45:00;Strada Urbana;VIA PRENESTINA;in corrispondenza;;del civico n.;102;;Scontro laterale fra veicoli in marcia;Rettilineo;Due carreggiate;Asciutto;Asfaltata;Verticale;Sereno;Normale;Buona;Ore Diurne;1;0;0;1;12.529;41.8914;-1;2;Motociclo a solo;In marcia / fermata / arresto;Conducente;M;Rimandato;0;NON DECEDUTO;;
4577429;11;30/09/2019 17:00:00;Strada Urbana;VIA ROSA GUARNIERI CARDUCCI;in corrispondenza;;del palo luce n.;9;;Tamponamento Multiplo;Rettilineo;Due carreggiate;Asciutto;Asfaltata;Verticale ed orizzontale;Sereno;Normale;Buona;Ore Diurne;2;0;0;1;12.4916;41.8568;-1;1;Autovettura privata;In marcia / fermata / arresto;Conducente;F;Rifiuta cure immediate;0;NON DECEDUTO;Non accertato;
4577429;11;30/09/2019 17:00:00;Strada Urbana;VIA ROSA GUARNIERI CARDUCCI;in corrispondenza;;del palo luce n.;9;;Tamponamento Multiplo;Rettilineo;Due carreggiate;Asciutto;Asfaltata;Verticale ed orizzontale;Sereno;Normale;Buona;Ore Diurne;2;0;0;1;12.4916;41.8568;-1;2;Quadriciclo leggero;In marcia / fermata / arresto;Conducente;F;Rifiuta cure immediate;0;NON DECEDUTO;Non utilizzato;
4577429;11;30/09/2019 17:00:00;Strada Urbana;VIA ROSA GUARNIERI CARDUCCI;in corrispondenza;;del palo luce n.;9;;Tamponamento Multiplo;Rettilineo;Due carreggiate;Asciutto;Asfaltata;Verticale ed orizzontale;Sereno;Normale;Buona;Ore Diurne;2;0;0;1;12.4916;41.8568;-1;3;Autovettura privata;In marcia / fermata / arresto;Conducente;F;Illeso;0;;Non accertato;
4577434;5;30/09/2019 17:30:00;Strada Urbana;VIA DEL CASALE DI S. BASILIO;in corrispondenza;;del civico n.;211;;Investimento di pedone;Rettilineo;Una carreggiata a doppio senso;Asciutto;Asfaltata;Verticale ed orizzontale;Sereno;Normale;Buona;Ore Diurne;1;0;0;1;12.5835;41.9343;-1;;;;Pedone;M;Rimandato;0;NON DECEDUTO;;
4577434;5;30/09/2019 17:30:00;Strada Urbana;VIA DEL CASALE DI S. BASILIO;in corrispondenza;;del civico n.;211;;Investimento di pedone;Rettilineo;Una carreggiata a doppio senso;Asciutto;Asfaltata;Verticale ed orizzontale;Sereno;Normale;Buona;Ore Diurne;1;0;0;1;12.5835;41.9343;-1;1;Autovettura privata;In marcia / fermata / arresto;Conducente;M;Illeso;0;;Non accertato;Inesistente
4577438;17;30/09/2019 15:40:00;Strada Urbana;PIAZZA COLA DI RIENZO;all'intersezione semaforizzata con;VIA MARCANTONIO COLONNA;VIA MARCANTONIO COLONNA;;;Veicolo in marcia contro ostacolo fisso;Intersezione semaforizzata;Una carreggiata a doppio senso;Asciutto;Asfaltata;Verticale ed orizzontale;Sereno;Normale;Buona;Ore Diurne;0;0;0;1;12.4678;41.9086;0;1;Autovettura pubblica;In marcia / fermata / arresto;Conducente;M;Illeso;0;;;
4577443;15;30/09/2019 13:30:00;Strada Urbana;VIA PITIGLIANO;da specificare;;;;pross.t� civ. 4;Investimento di pedone;Rettilineo;Una carreggiata a senso unico di marcia;Asciutto;Asfaltata;Orizzontale;Nuvoloso;Scarso;Buona;Ore Diurne;1;0;0;1;12.438;41.8401;-1;;;;Pedone;F;Rimandato;0;NON DECEDUTO;;
4577443;15;30/09/2019 13:30:00;Strada Urbana;VIA PITIGLIANO;da specificare;;;;pross.t� civ. 4;Investimento di pedone;Rettilineo;Una carreggiata a senso unico di marcia;Asciutto;Asfaltata;Orizzontale;Nuvoloso;Scarso;Buona;Ore Diurne;1;0;0;1;12.438;41.8401;-1;1;Autovettura privata;In marcia / fermata / arresto;Conducente;M;Illeso;0;;Non accertato;Inesploso
4577463;18;30/09/2019 15:15:00;Strada Urbana;VIA DELLA MAGLIANELLA;in corrispondenza;;del civico n.;136;;Scontro frontale/laterale SX fra veicoli in marcia;Rettilineo;Una carreggiata a doppio senso;Asciutto;Asfaltata;Orizzontale;Sereno;Normale;Buona;Ore Diurne;0;0;0;2;12.3774;41.8962;-1;1;Autobus di linea;In marcia / fermata / arresto;Conducente;M;Illeso;0;;Non accertato;Inesploso
4577463;18;30/09/2019 15:15:00;Strada Urbana;VIA DELLA MAGLIANELLA;in corrispondenza;;del civico n.;136;;Scontro frontale/laterale SX fra veicoli in marcia;Rettilineo;Una carreggiata a doppio senso;Asciutto;Asfaltata;Orizzontale;Sereno;Normale;Buona;Ore Diurne;0;0;0;2;12.3774;41.8962;-1;2;Autovettura privata;In marcia / fermata / arresto;Conducente;F;Illeso;0;;Non accertato;Inesploso
4577471;19;30/09/2019 18:00:00;Strada Urbana;VIA DELLA PINETA SACCHETTI;in corrispondenza;;del civico n.;215;;Tamponamento;Rettilineo;Una carreggiata a senso unico di marcia;Asciutto;Asfaltata;Verticale ed orizzontale;Sereno;Normale;Buona;Ore Diurne;0;0;0;3;12.4271;41.9291;-1;1;Autovettura privata;In marcia / fermata / arresto;Conducente;F;Illeso;0;;Non accertato;Inesploso
4577471;19;30/09/2019 18:00:00;Strada Urbana;VIA DELLA PINETA SACCHETTI;in corrispondenza;;del civico n.;215;;Tamponamento;Rettilineo;Una carreggiata a senso unico di marcia;Asciutto;Asfaltata;Verticale ed orizzontale;Sereno;Normale;Buona;Ore Diurne;0;0;0;3;12.4271;41.9291;-1;1;Autovettura privata;In marcia / fermata / arresto;Passeggero;M;Illeso;0;;Non accertato;Inesploso
4577471;19;30/09/2019 18:00:00;Strada Urbana;VIA DELLA PINETA SACCHETTI;in corrispondenza;;del civico n.;215;;Tamponamento;Rettilineo;Una carreggiata a senso unico di marcia;Asciutto;Asfaltata;Verticale ed orizzontale;Sereno;Normale;Buona;Ore Diurne;0;0;0;3;12.4271;41.9291;-1;2;Autovettura privata;In marcia / fermata / arresto;Conducente;M;Illeso;0;;Non accertato;Inesploso
4577502;11;30/09/2019 15:45:00;Strada Urbana;VIA OSTIENSE;all'intersezione semaforizzata con;VIA GIULIO ROCCO;VIA GIULIO ROCCO;;;Scontro laterale fra veicoli in marcia;Intersezione semaforizzata;Pi� di due carreggiate;Asciutto;Asfaltata;Verticale ed orizzontale;Sereno;Normale;Buona;Ore Diurne;0;0;0;6;12.4787;41.8629;-1;1;Autovettura privata;In marcia / fermata / arresto;Conducente;M;Illeso;0;;;
4577502;11;30/09/2019 15:45:00;Strada Urbana;VIA OSTIENSE;all'intersezione semaforizzata con;VIA GIULIO ROCCO;VIA GIULIO ROCCO;;;Scontro laterale fra veicoli in marcia;Intersezione semaforizzata;Pi� di due carreggiate;Asciutto;Asfaltata;Verticale ed orizzontale;Sereno;Normale;Buona;Ore Diurne;0;0;0;6;12.4787;41.8629;-1;1;Autovettura privata;In marcia / fermata / arresto;Passeggero;M;Illeso;0;;;
4577502;11;30/09/2019 15:45:00;Strada Urbana;VIA OSTIENSE;all'intersezione semaforizzata con;VIA GIULIO ROCCO;VIA GIULIO ROCCO;;;Scontro laterale fra veicoli in marcia;Intersezione semaforizzata;Pi� di due carreggiate;Asciutto;Asfaltata;Verticale ed orizzontale;Sereno;Normale;Buona;Ore Diurne;0;0;0;6;12.4787;41.8629;-1;1;Autovettura privata;In marcia / fermata / arresto;Passeggero;M;Illeso;0;;;
4577502;11;30/09/2019 15:45:00;Strada Urbana;VIA OSTIENSE;all'intersezione semaforizzata con;VIA GIULIO ROCCO;VIA GIULIO ROCCO;;;Scontro laterale fra veicoli in marcia;Intersezione semaforizzata;Pi� di due carreggiate;Asciutto;Asfaltata;Verticale ed orizzontale;Sereno;Normale;Buona;Ore Diurne;0;0;0;6;12.4787;41.8629;-1;1;Autovettura privata;In marcia / fermata / arresto;Passeggero;M;Illeso;0;;;
4577502;11;30/09/2019 15:45:00;Strada Urbana;VIA OSTIENSE;all'intersezione semaforizzata con;VIA GIULIO ROCCO;VIA GIULIO ROCCO;;;Scontro laterale fra veicoli in marcia;Intersezione semaforizzata;Pi� di due carreggiate;Asciutto;Asfaltata;Verticale ed orizzontale;Sereno;Normale;Buona;Ore Diurne;0;0;0;6;12.4787;41.8629;-1;2;Autovettura privata;In marcia / fermata / arresto;Conducente;M;Illeso;0;;;
4577502;11;30/09/2019 15:45:00;Strada Urbana;VIA OSTIENSE;all'intersezione semaforizzata con;VIA GIULIO ROCCO;VIA GIULIO ROCCO;;;Scontro laterale fra veicoli in marcia;Intersezione semaforizzata;Pi� di due carreggiate;Asciutto;Asfaltata;Verticale ed orizzontale;Sereno;Normale;Buona;Ore Diurne;0;0;0;6;12.4787;41.8629;-1;2;Autovettura privata;In marcia / fermata / arresto;Passeggero;F;Illeso;0;;;
4577527;13;30/09/2019 15:40:00;Strada Urbana;VIALE DELLA MARINA;in prossimit�;;del civico n.;18;;Scontro laterale fra veicoli in marcia;Rettilineo;Una carreggiata a doppio senso;Asciutto;Asfaltata;Assente;Sereno;Normale;Buona;Ore Diurne;0;0;0;3;12.2771;41.7311;-1;1;Autovettura privata;In marcia / fermata / arresto;Conducente;M;Illeso;0;;Non accertato;Inesploso
4577527;13;30/09/2019 15:40:00;Strada Urbana;VIALE DELLA MARINA;in prossimit�;;del civico n.;18;;Scontro laterale fra veicoli in marcia;Rettilineo;Una carreggiata a doppio senso;Asciutto;Asfaltata;Assente;Sereno;Normale;Buona;Ore Diurne;0;0;0;3;12.2771;41.7311;-1;1;Autovettura privata;In marcia / fermata / arresto;Passeggero;F;Illeso;0;;Non accertato;Inesploso
4577527;13;30/09/2019 15:40:00;Strada Urbana;VIALE DELLA MARINA;in prossimit�;;del civico n.;18;;Scontro laterale fra veicoli in marcia;Rettilineo;Una carreggiata a doppio senso;Asciutto;Asfaltata;Assente;Sereno;Normale;Buona;Ore Diurne;0;0;0;3;12.2771;41.7311;-1;2;Autovettura privata;In marcia / fermata / arresto;Conducente;F;Illeso;0;;Non accertato;Inesploso
4577543;1;30/09/2019 22:25:00;Strada Urbana;VIA CARLO CATTANEO;in prossimit�;;del civico n.;23;;Veicolo in marcia contro veicolo in sosta;Rettilineo;Una carreggiata a senso unico di marcia;Asciutto;Asfaltata;Orizzontale;Sereno;Scarso;Sufficiente;Sufficiente;0;0;0;1;12.5016;41.8975;-1;1;Autovettura privata;Sosta;;;;;;;
4577543;1;30/09/2019 22:25:00;Strada Urbana;VIA CARLO CATTANEO;in prossimit�;;del civico n.;23;;Veicolo in marcia contro veicolo in sosta;Rettilineo;Una carreggiata a senso unico di marcia;Asciutto;Asfaltata;Orizzontale;Sereno;Scarso;Sufficiente;Sufficiente;0;0;0;1;12.5016;41.8975;-1;2;Autovettura privata;Sosta;;;;;;;
4577543;1;30/09/2019 22:25:00;Strada Urbana;VIA CARLO CATTANEO;in prossimit�;;del civico n.;23;;Veicolo in marcia contro veicolo in sosta;Rettilineo;Una carreggiata a senso unico di marcia;Asciutto;Asfaltata;Orizzontale;Sereno;Scarso;Sufficiente;Sufficiente;0;0;0;1;12.5016;41.8975;-1;3;Autovettura privata;In marcia / fermata / arresto;Conducente;M;Illeso;0;;;
4577589;4;30/09/2019 12:45:00;Strada Urbana;VIALE JONIO;in corrispondenza;;del civico n.;303;;Tamponamento;Rettilineo;Due carreggiate;Asciutto;Asfaltata;Verticale ed orizzontale;Sereno;Normale;Buona;Ore Diurne;3;0;0;1;12.5312;41.9455;-1;;;;Pedone;F;Rimandato;0;NON DECEDUTO;;
4577589;4;30/09/2019 12:45:00;Strada Urbana;VIALE JONIO;in corrispondenza;;del civico n.;303;;Tamponamento;Rettilineo;Due carreggiate;Asciutto;Asfaltata;Verticale ed orizzontale;Sereno;Normale;Buona;Ore Diurne;3;0;0;1;12.5312;41.9455;-1;;;;Pedone;F;Rimandato;0;NON DECEDUTO;;
4577589;4;30/09/2019 12:45:00;Strada Urbana;VIALE JONIO;in corrispondenza;;del civico n.;303;;Tamponamento;Rettilineo;Due carreggiate;Asciutto;Asfaltata;Verticale ed orizzontale;Sereno;Normale;Buona;Ore Diurne;3;0;0;1;12.5312;41.9455;-1;1;Autovettura privata;In marcia / fermata / arresto;Conducente;F;Rifiuta cure immediate;0;NON DECEDUTO;;
4577589;4;30/09/2019 12:45:00;Strada Urbana;VIALE JONIO;in corrispondenza;;del civico n.;303;;Tamponamento;Rettilineo;Due carreggiate;Asciutto;Asfaltata;Verticale ed orizzontale;Sereno;Normale;Buona;Ore Diurne;3;0;0;1;12.5312;41.9455;-1;2;Autovettura privata;In marcia / fermata / arresto;Conducente;M;Illeso;0;;Non accertato;Inesploso
4577601;16;30/09/2019 14:00:00;Strada Urbana;VIA FONTEIANA;all'intersezione con;PIAZZA FONTEIANA;PIAZZA FONTEIANA;;;Scontro frontale/laterale SX fra veicoli in marcia;Intersezione stradale segnalata;Una carreggiata a doppio senso;Asciutto;Asfaltata;Verticale ed orizzontale;Sereno;Normale;Buona;Ore Diurne;1;0;0;1;12.4544;41.8806;-1;1;Autocarro inferiore 35 q.;In marcia / fermata / arresto;Conducente;M;Illeso;0;;Non accertato;
4577601;16;30/09/2019 14:00:00;Strada Urbana;VIA FONTEIANA;all'intersezione con;PIAZZA FONTEIANA;PIAZZA FONTEIANA;;;Scontro frontale/laterale SX fra veicoli in marcia;Intersezione stradale segnalata;Una carreggiata a doppio senso;Asciutto;Asfaltata;Verticale ed orizzontale;Sereno;Normale;Buona;Ore Diurne;1;0;0;1;12.4544;41.8806;-1;2;Motociclo a solo;In marcia / fermata / arresto;Conducente;M;Rimandato;0;NON DECEDUTO;Non accertato;
4577641;17;30/09/2019 21:30:00;Strada Urbana;VIA DEGLI SCIPIONI;all'intersezione con;VIA EZIO;VIA EZIO;;;Infortunio per sola frenata improvvisa;Incrocio;Una carreggiata a senso unico di marcia;Asciutto;Asfaltata;Verticale ed orizzontale;Sereno;Scarso;Sufficiente;Sufficiente;1;0;0;1;12.4655;41.9104;0;1;Autovettura privata;In marcia / fermata / arresto;Conducente;M;Illeso;0;;;
4577641;17;30/09/2019 21:30:00;Strada Urbana;VIA DEGLI SCIPIONI;all'intersezione con;VIA EZIO;VIA EZIO;;;Infortunio per sola frenata improvvisa;Incrocio;Una carreggiata a senso unico di marcia;Asciutto;Asfaltata;Verticale ed orizzontale;Sereno;Scarso;Sufficiente;Sufficiente;1;0;0;1;12.4655;41.9104;0;2;Motociclo con passeggero;In marcia / fermata / arresto;Conducente;M;Rimandato;0;NON DECEDUTO;;
4577663;16;30/09/2019 18:05:00;Strada Urbana;VIA IVO PANNAGGI;da specificare;;;;fronte civico 12;Scontro frontale/laterale SX fra veicoli in marcia;Rettilineo;Una carreggiata a senso unico di marcia;Asciutto;Asfaltata;Verticale ed orizzontale;Sereno;Normale;Buona;Ore Diurne;0;0;0;2;12.4077;41.8708;-1;1;Autovettura privata;In marcia / fermata / arresto;Conducente;M;Illeso;0;;Non accertato;
4577663;16;30/09/2019 18:05:00;Strada Urbana;VIA IVO PANNAGGI;da specificare;;;;fronte civico 12;Scontro frontale/laterale SX fra veicoli in marcia;Rettilineo;Una carreggiata a senso unico di marcia;Asciutto;Asfaltata;Verticale ed orizzontale;Sereno;Normale;Buona;Ore Diurne;0;0;0;2;12.4077;41.8708;-1;2;Autovettura privata;In marcia / fermata / arresto;Conducente;F;Illeso;0;;Non accertato;
4577667;1;30/09/2019 15:40:00;Strada Urbana;VIA QUINTINO SELLA;in corrispondenza;;del civico n.;30;;Veicolo in marcia contro veicolo in sosta;Rettilineo;Una carreggiata a senso unico di marcia;Asciutto;Asfaltata;Verticale ed orizzontale;Sereno;Normale;Buona;Ore Diurne;0;0;0;1;12.496;41.9073;-1;1;Motociclo a solo;Sosta;;;;;;;
4577667;1;30/09/2019 15:40:00;Strada Urbana;VIA QUINTINO SELLA;in corrispondenza;;del civico n.;30;;Veicolo in marcia contro veicolo in sosta;Rettilineo;Una carreggiata a senso unico di marcia;Asciutto;Asfaltata;Verticale ed orizzontale;Sereno;Normale;Buona;Ore Diurne;0;0;0;1;12.496;41.9073;-1;2;Autocarro inferiore 35 q.;In marcia / fermata / arresto;Conducente;F;Illeso;0;;;
4577671;16;30/09/2019 22:30:00;Strada Urbana;VIA DI BRAVETTA;in corrispondenza;;del civico n.;241;;Scontro frontale/laterale DX fra veicoli in marcia;Rettilineo;Una carreggiata a doppio senso;Asciutto;Asfaltata;Verticale ed orizzontale;Sereno;Normale;Buona;Sufficiente;1;0;0;4;12.4259;41.8816;-1;1;Autovettura privata;In marcia / fermata / arresto;Conducente;M;Illeso;0;;Non accertato;
4577671;16;30/09/2019 22:30:00;Strada Urbana;VIA DI BRAVETTA;in corrispondenza;;del civico n.;241;;Scontro frontale/laterale DX fra veicoli in marcia;Rettilineo;Una carreggiata a doppio senso;Asciutto;Asfaltata;Verticale ed orizzontale;Sereno;Normale;Buona;Sufficiente;1;0;0;4;12.4259;41.8816;-1;1;Autovettura privata;In marcia / fermata / arresto;Passeggero;F;Illeso;0;;Non accertato;
4577671;16;30/09/2019 22:30:00;Strada Urbana;VIA DI BRAVETTA;in corrispondenza;;del civico n.;241;;Scontro frontale/laterale DX fra veicoli in marcia;Rettilineo;Una carreggiata a doppio senso;Asciutto;Asfaltata;Verticale ed orizzontale;Sereno;Normale;Buona;Sufficiente;1;0;0;4;12.4259;41.8816;-1;1;Autovettura privata;In marcia / fermata / arresto;Passeggero;M;Illeso;0;;Non accertato;
4577671;16;30/09/2019 22:30:00;Strada Urbana;VIA DI BRAVETTA;in corrispondenza;;del civico n.;241;;Scontro frontale/laterale DX fra veicoli in marcia;Rettilineo;Una carreggiata a doppio senso;Asciutto;Asfaltata;Verticale ed orizzontale;Sereno;Normale;Buona;Sufficiente;1;0;0;4;12.4259;41.8816;-1;1;Autovettura privata;In marcia / fermata / arresto;Passeggero;M;Illeso;0;;Non accertato;
4577671;16;30/09/2019 22:30:00;Strada Urbana;VIA DI BRAVETTA;in corrispondenza;;del civico n.;241;;Scontro frontale/laterale DX fra veicoli in marcia;Rettilineo;Una carreggiata a doppio senso;Asciutto;Asfaltata;Verticale ed orizzontale;Sereno;Normale;Buona;Sufficiente;1;0;0;4;12.4259;41.8816;-1;2;Motociclo a solo;In marcia / fermata / arresto;Conducente;M;Rimandato;0;NON DECEDUTO;Non accertato;
4577747;2;30/09/2019 14:00:00;Strada Urbana;VIA ORVINIO;all'intersezione con;VIA DI PRISCILLA;VIA DI PRISCILLA;;;Veicolo in marcia contro veicolo in sosta;Intersezione stradale segnalata;Due carreggiate;Asciutto;Asfaltata;Verticale ed orizzontale;Sereno;Scarso;Buona;Ore Diurne;0;0;0;1;12.5132;41.9327;-1;1;Autovettura privata;Sosta;;;;;;;
4577747;2;30/09/2019 14:00:00;Strada Urbana;VIA ORVINIO;all'intersezione con;VIA DI PRISCILLA;VIA DI PRISCILLA;;;Veicolo in marcia contro veicolo in sosta;Intersezione stradale segnalata;Due carreggiate;Asciutto;Asfaltata;Verticale ed orizzontale;Sereno;Scarso;Buona;Ore Diurne;0;0;0;1;12.5132;41.9327;-1;2;Autovettura privata;In marcia / fermata / arresto;Conducente;F;Illeso;0;;Non accertato;Inesploso
4577758;2;30/09/2019 13:20:00;Strada Urbana;VIALE LIBIA;in prossimit�;;del civico n.;83;;Veicolo in marcia contro veicolo fermo;Rettilineo;Due carreggiate;Asciutto;Asfaltata;Verticale ed orizzontale;Sereno;Normale;Buona;Ore Diurne;0;0;0;2;12.5177;41.9305;-1;1;Quadriciclo;In marcia / fermata / arresto;Conducente;M;Illeso;0;;;
4577758;2;30/09/2019 13:20:00;Strada Urbana;VIALE LIBIA;in prossimit�;;del civico n.;83;;Veicolo in marcia contro veicolo fermo;Rettilineo;Due carreggiate;Asciutto;Asfaltata;Verticale ed orizzontale;Sereno;Normale;Buona;Ore Diurne;0;0;0;2;12.5177;41.9305;-1;2;Autovettura privata;In marcia / fermata / arresto;Conducente;F;Illeso;0;;;
4577762;2;30/09/2019 17:20:00;Strada Urbana;CIRCONVALLAZIONE SALARIA;da specificare;;;;dir. stadio alt. rampa uscita v.le Etiopia;Tamponamento Multiplo;Rettilineo;Due carreggiate;Asciutto;Asfaltata;Verticale ed orizzontale;Sereno;Normale;Buona;Ore Diurne;0;0;0;3;12.5207;41.9347;-1;1;Autovettura privata;In marcia / fermata / arresto;Conducente;M;Illeso;0;;Non accertato;Inesploso
4577762;2;30/09/2019 17:20:00;Strada Urbana;CIRCONVALLAZIONE SALARIA;da specificare;;;;dir. stadio alt. rampa uscita v.le Etiopia;Tamponamento Multiplo;Rettilineo;Due carreggiate;Asciutto;Asfaltata;Verticale ed orizzontale;Sereno;Normale;Buona;Ore Diurne;0;0;0;3;12.5207;41.9347;-1;2;Autovettura privata;In marcia / fermata / arresto;Conducente;M;Illeso;0;;Non accertato;Inesploso
4577762;2;30/09/2019 17:20:00;Strada Urbana;CIRCONVALLAZIONE SALARIA;da specificare;;;;dir. stadio alt. rampa uscita v.le Etiopia;Tamponamento Multiplo;Rettilineo;Due carreggiate;Asciutto;Asfaltata;Verticale ed orizzontale;Sereno;Normale;Buona;Ore Diurne;0;0;0;3;12.5207;41.9347;-1;3;Autovettura privata;In marcia / fermata / arresto;Conducente;M;Illeso;0;;;
4577768;1;30/09/2019 12:13:00;Strada Urbana;CORSO VITTORIO EMANUELE II;all'intersezione con;VIA PAOLA;VIA PAOLA;;;Scontro laterale fra veicoli in marcia;Intersezione non regolata/non segnalata;Una carreggiata a senso unico di marcia;Asciutto;Asfaltata;Verticale ed orizzontale;Nuvoloso;Normale;Buona;Ore Diurne;0;0;0;2;12.4655;41.9003;-1;1;Autovettura privata;In marcia / fermata / arresto;Conducente;F;Illeso;0;;;Inesploso
4577768;1;30/09/2019 12:13:00;Strada Urbana;CORSO VITTORIO EMANUELE II;all'intersezione con;VIA PAOLA;VIA PAOLA;;;Scontro laterale fra veicoli in marcia;Intersezione non regolata/non segnalata;Una carreggiata a senso unico di marcia;Asciutto;Asfaltata;Verticale ed orizzontale;Nuvoloso;Normale;Buona;Ore Diurne;0;0;0;2;12.4655;41.9003;-1;2;Motociclo a solo;In marcia / fermata / arresto;Conducente;F;Illeso;0;;;